Workbook
Name A: 'TH KẾ TOÁN'!$E$11

Sheet CMC-ND1B-NĐ
A1: ='FRIT FV 090.540 - FTA'!#REF! -> #REF!
A2: ='FRIT FV 090.540 - FTA'!#REF! -> #REF! | K2: ='FRIT FV 090.540 - FTA'!#REF! -> #REF!
A3: THẺ KHO
D4: Tên hàng hóa: | E4: CMC-ND1B | I4: Mã hàng: | J4: CMC-NB1B-NĐ
B5: ='FRIT FV 090.540 - FTA'!#REF! -> #REF! | C5: ='FRIT FV 090.540 - FTA'!#REF! -> #REF! | D5: ='FRIT FV 090.540 - FTA'!#REF! -> #REF! | E5: 18 | F5: ='FRIT FV 090.540 - FTA'!#REF! -> #REF! | G5: ='FRIT FV 090.540 - FTA'!#REF! -> #REF! | H5: ='FRIT FV 090.540 - FTA'!#REF! -> #REF! | I5: ='FRIT FV 090.540 - FTA'!#REF! -> #REF!
L6: Đơn vị tính: Kg | M6: ='FRIT FV 090.540 - FTA'!#REF! -> #REF!
A7: STT | B7: NGÀY | C7: DIỄN GIẢI | D7: SL NHẬP KHO | F7: SL XUẤT KHO | H7: SL XUẤT TRUNG BÌNH | J7: SL TỒN | L7: SỐ NGÀY CÒN SỬ DỤNG | N7: ĐỘ ẨM
D8: Quy khô | E8: Thực tế | F8: Quy khô | G8: Quy ướt | H8: Quy khô | I8: Quy ướt | J8: Quy khô | K8: Quy ướt | L8: Quy khô | M8: Quy ướt
A9: Tồn đầu kì | D9: =J9 -> 0 | E9: =K9 -> 0 | F9: =F41 -> 0 | G9: =G41 -> 0 | J9: =K9-K9*N9 -> 0 | K9: 0
A10: 1 | B10: ='FRIT FV 090.540 - FTA'!B9 -> 46235 | C10: ='FRIT FV 090.540 - FTA'!C9 -> Không nhập - xuất | D10: =E10 -> 0 | G10: =F10 -> 0 | H10: =SUM($F$10:F10)/A10 -> 0 | I10: =SUM($G$10:G10)/A10 -> 0 | J10: =J9+D10-F10 -> 0 | K10: =K9+E10-G10 -> 0 | L10: =J10/H10 -> #DIV/0! | M10: =K10/I10 -> #DIV/0!
A11: 2 | B11: ='FRIT FV 090.540 - FTA'!B10 -> 46236 | C11: ='FRIT FV 090.540 - FTA'!C10 -> Không nhập - xuất | D11: =E11 -> 0 | G11: =F11 -> 0 | H11: =SUM($F$10:F11)/A11 -> 0 | I11: =SUM($G$10:G11)/A11 -> 0 | J11: =J10+D11-F11 -> 0 | K11: =K10+E11-G11 -> 0 | L11: =J11/H11 -> #DIV/0! | M11: =K11/I11 -> #DIV/0!
A12: 3 | B12: ='FRIT FV 090.540 - FTA'!B11 -> 46237 | C12: ='FRIT FV 090.540 - FTA'!C11 -> Không nhập - xuất | D12: =E12 -> 0 | G12: =F12 -> 0 | H12: =SUM($F$10:F12)/A12 -> 0 | I12: =SUM($G$10:G12)/A12 -> 0 | J12: =J11+D12-F12 -> 0 | K12: =K11+E12-G12 -> 0 | L12: =J12/H12 -> #DIV/0! | M12: =K12/I12 -> #DIV/0!
A13: 4 | B13: ='FRIT FV 090.540 - FTA'!B12 -> 46238 | C13: ='FRIT FV 090.540 - FTA'!C12 -> Không nhập - xuất | D13: =E13 -> 0 | G13: =F13 -> 0 | H13: =SUM($F$10:F13)/A13 -> 0 | I13: =SUM($G$10:G13)/A13 -> 0 | J13: =J12+D13-F13 -> 0 | K13: =K12+E13-G13 -> 0 | L13: =J13/H13 -> #DIV/0! | M13: =K13/I13 -> #DIV/0!
A14: 5 | B14: ='FRIT FV 090.540 - FTA'!B13 -> 46239 | C14: ='FRIT FV 090.540 - FTA'!C13 -> Không nhập - xuất | D14: =E14 -> 0 | G14: =F14 -> 0 | H14: =SUM($F$10:F14)/A14 -> 0 | I14: =SUM($G$10:G14)/A14 -> 0 | J14: =J13+D14-F14 -> 0 | K14: =K13+E14-G14 -> 0 | L14: =J14/H14 -> #DIV/0! | M14: =K14/I14 -> #DIV/0!
A15: 6 | B15: ='FRIT FV 090.540 - FTA'!B14 -> 46240 | C15: ='FRIT FV 090.540 - FTA'!C14 -> xuất | D15: =E15 -> 0 | G15: =F15 -> 0 | H15: =SUM($F$10:F15)/A15 -> 0 | I15: =SUM($G$10:G15)/A15 -> 0 | J15: =J14+D15-F15 -> 0 | K15: =K14+E15-G15 -> 0 | L15: =J15/H15 -> #DIV/0! | M15: =K15/I15 -> #DIV/0!
A16: 7 | B16: ='FRIT FV 090.540 - FTA'!B15 -> 46241 | C16: ='FRIT FV 090.540 - FTA'!C15 -> Không nhập - xuất | D16: =E16 -> 0 | G16: =F16 -> 0 | H16: =SUM($F$10:F16)/A16 -> 0 | I16: =SUM($G$10:G16)/A16 -> 0 | J16: =J15+D16-F16 -> 0 | K16: =K15+E16-G16 -> 0 | L16: =J16/H16 -> #DIV/0! | M16: =K16/I16 -> #DIV/0!
A17: 8 | B17: ='FRIT FV 090.540 - FTA'!B16 -> 46242 | C17: ='FRIT FV 090.540 - FTA'!C16 -> Không nhập - xuất | D17: =E17 -> 0 | G17: =F17 -> 0 | H17: =SUM($F$10:F17)/A17 -> 0 | I17: =SUM($G$10:G17)/A17 -> 0 | J17: =J16+D17-F17 -> 0 | K17: =K16+E17-G17 -> 0 | L17: =J17/H17 -> #DIV/0! | M17: =K17/I17 -> #DIV/0!
A18: 9 | B18: ='FRIT FV 090.540 - FTA'!B17 -> 46243 | C18: Không xuất | D18: =E18 -> 0 | G18: =F18 -> 0 | H18: =SUM($F$10:F18)/A18 -> 0 | I18: =SUM($G$10:G18)/A18 -> 0 | J18: =J17+D18-F18 -> 0 | K18: =K17+E18-G18 -> 0 | L18: =J18/H18 -> #DIV/0! | M18: =K18/I18 -> #DIV/0!
A19: 10 | B19: ='FRIT FV 090.540 - FTA'!B18 -> 46244 | C19: Không xuất | D19: =E19 -> 0 | G19: =F19 -> 0 | H19: =SUM($F$10:F19)/A19 -> 0 | I19: =SUM($G$10:G19)/A19 -> 0 | J19: =J18+D19-F19 -> 0 | K19: =K18+E19-G19 -> 0 | L19: =J19/H19 -> #DIV/0! | M19: =K19/I19 -> #DIV/0!
A20: 11 | B20: ='FRIT FV 090.540 - FTA'!B19 -> 46245 | C20: Không xuất | D20: =E20 -> 0 | G20: =F20 -> 0 | H20: =SUM($F$10:F20)/A20 -> 0 | I20: =SUM($G$10:G20)/A20 -> 0 | J20: =J19+D20-F20 -> 0 | K20: =K19+E20-G20 -> 0 | L20: =J20/H20 -> #DIV/0! | M20: =K20/I20 -> #DIV/0!
A21: 12 | B21: ='FRIT FV 090.540 - FTA'!B20 -> 46246 | C21: Không xuất | D21: =E21 -> 0 | G21: =F21 -> 0 | H21: =SUM($F$10:F21)/A21 -> 0 | I21: =SUM($G$10:G21)/A21 -> 0 | J21: =J20+D21-F21 -> 0 | K21: =K20+E21-G21 -> 0 | L21: =J21/H21 -> #DIV/0! | M21: =K21/I21 -> #DIV/0!
A22: 13 | B22: ='FRIT FV 090.540 - FTA'!B21 -> 46247 | C22: Không xuất | D22: =E22 -> 0 | G22: =F22 -> 0 | H22: =SUM($F$10:F22)/A22 -> 0 | I22: =SUM($G$10:G22)/A22 -> 0 | J22: =J21+D22-F22 -> 0 | K22: =K21+E22-G22 -> 0 | L22: =J22/H22 -> #DIV/0! | M22: =K22/I22 -> #DIV/0!
A23: 14 | B23: ='FRIT FV 090.540 - FTA'!B22 -> 46248 | C23: Không xuất | D23: =E23 -> 0 | G23: =F23 -> 0 | H23: =SUM($F$10:F23)/A23 -> 0 | I23: =SUM($G$10:G23)/A23 -> 0 | J23: =J22+D23-F23 -> 0 | K23: =K22+E23-G23 -> 0 | L23: =J23/H23 -> #DIV/0! | M23: =K23/I23 -> #DIV/0!
A24: 15 | B24: ='FRIT FV 090.540 - FTA'!B23 -> 46249 | C24: Không xuất | D24: =E24 -> 0 | G24: =F24 -> 0 | H24: =SUM($F$10:F24)/A24 -> 0 | I24: =SUM($G$10:G24)/A24 -> 0 | J24: =J23+D24-F24 -> 0 | K24: =K23+E24-G24 -> 0 | L24: =J24/H24 -> #DIV/0! | M24: =K24/I24 -> #DIV/0!
A25: 16 | B25: ='FRIT FV 090.540 - FTA'!B24 -> 46250 | C25: Không xuất | D25: =E25 -> 0 | G25: =F25 -> 0 | H25: =SUM($F$10:F25)/A25 -> 0 | I25: =SUM($G$10:G25)/A25 -> 0 | J25: =J24+D25-F25 -> 0 | K25: =K24+E25-G25 -> 0 | L25: =J25/H25 -> #DIV/0! | M25: =K25/I25 -> #DIV/0!
A26: 17 | B26: ='FRIT FV 090.540 - FTA'!B25 -> 46251 | C26: Không xuất | D26: =E26 -> 0 | G26: =F26 -> 0 | H26: =SUM($F$10:F26)/A26 -> 0 | I26: =SUM($G$10:G26)/A26 -> 0 | J26: =J25+D26-F26 -> 0 | K26: =K25+E26-G26 -> 0 | L26: =J26/H26 -> #DIV/0! | M26: =K26/I26 -> #DIV/0!
A27: 18 | B27: ='FRIT FV 090.540 - FTA'!B26 -> 46252 | C27: Không xuất | D27: =E27 -> 0 | G27: =F27 -> 0 | H27: =SUM($F$10:F27)/A27 -> 0 | I27: =SUM($G$10:G27)/A27 -> 0 | J27: =J26+D27-F27 -> 0 | K27: =K26+E27-G27 -> 0 | L27: =J27/H27 -> #DIV/0! | M27: =K27/I27 -> #DIV/0!
A28: 19 | B28: ='FRIT FV 090.540 - FTA'!B27 -> 46253 | C28: Không xuất | D28: =E28 -> 0 | G28: =F28 -> 0 | H28: =SUM($F$10:F28)/A28 -> 0 | I28: =SUM($G$10:G28)/A28 -> 0 | J28: =J27+D28-F28 -> 0 | K28: =K27+E28-G28 -> 0 | L28: =J28/H28 -> #DIV/0! | M28: =K28/I28 -> #DIV/0!
A29: 20 | B29: ='FRIT FV 090.540 - FTA'!B28 -> 46254 | C29: Không xuất | D29: =E29 -> 0 | G29: =F29 -> 0 | H29: =SUM($F$10:F29)/A29 -> 0 | I29: =SUM($G$10:G29)/A29 -> 0 | J29: =J28+D29-F29 -> 0 | K29: =K28+E29-G29 -> 0 | L29: =J29/H29 -> #DIV/0! | M29: =K29/I29 -> #DIV/0!
... A40: 31 | B40: ='FRIT FV 090.540 - FTA'!B39 -> 46265 | C40: Không xuất | D40: =E40 -> 0 | G40: =F40 -> 0 | H40: =SUM($F$10:F40)/A40 -> 0 | I40: =SUM($G$10:G40)/A40 -> 0 | J40: =J39+D40-F40 -> 0 | K40: =K39+E40-G40 -> 0 | L40: =J40/H40 -> #DIV/0! | M40: =K40/I40 -> #DIV/0!
A41: Cộng nhập xuất | D41: =SUM(D10:D40) -> 0 | E41: =SUM(E10:E40) -> 0 | F41: =SUM(F10:F40) -> 0 | G41: =SUM(G10:G40) -> 0 | J41: =J40 -> 0 | K41: =K40 -> 0
A42: Tổng cộng | D42: =D9+D41 -> 0 | E42: =E9+E41 -> 0 | F42: =F41 -> 0 | G42: =G41 -> 0 | J42: =D42-F42 -> 0 | K42: =E42-G42 -> 0
K44: Người Lập
K48: Mai Thúy Hoa

Sheet QUARTZ VH004-FTA
A1: ='FRIT FV 090.540 - FTA'!#REF! -> #REF!
A2: ='FRIT FV 090.540 - FTA'!#REF! -> #REF! | K2: ='FRIT FV 090.540 - FTA'!#REF! -> #REF!
A3: THẺ KHO
D4: Tên hàng hóa: | E4: THẠCH ANH (QUARTZ) | I4: Mã hàng: | J4: SILICA VH004-FTA
B5: ='FRIT FV 090.540 - FTA'!#REF! -> #REF! | C5: ='FRIT FV 090.540 - FTA'!#REF! -> #REF! | D5: ='FRIT FV 090.540 - FTA'!#REF! -> #REF! | E5: ='FRIT FV 090.540 - FTA'!#REF! -> #REF! | F5: ='FRIT FV 090.540 - FTA'!#REF! -> #REF! | G5: ='FRIT FV 090.540 - FTA'!#REF! -> #REF! | H5: ='FRIT FV 090.540 - FTA'!#REF! -> #REF! | I5: ='FRIT FV 090.540 - FTA'!#REF! -> #REF!
L6: Đơn vị tính: Kg | M6: ='FRIT FV 090.540 - FTA'!#REF! -> #REF!
A7: STT | B7: NGÀY | C7: DIỄN GIẢI | D7: SL NHẬP KHO | F7: SL XUẤT KHO | H7: SL XUẤT TRUNG BÌNH | J7: SL TỒN | L7: SỐ NGÀY TRUNG BÌNH CÒN SỬ DỤNG | N7: ĐỘ ẨM
D8: Quy khô | E8: Thực tế | F8: Quy khô | G8: Quy ướt | H8: Quy khô | I8: Quy ướt | J8: Quy khô | K8: Quy ướt | L8: Quy khô | M8: Quy ướt
A9: Tồn đầu kì | D9: =J9 -> 0 | E9: =K9 -> 0 | F9: =F41 -> 0 | G9: =G41 -> 0 | J9: =K9-K9*N9 -> 0 | K9: 0
A10: 1 | B10: ='FRIT FV 090.540 - FTA'!B9 -> 46235 | C10: KHÔNG PHÁT SINH | D10: =E10-(E10*N10) -> 0 | G10: =F10 -> 0 | H10: =SUM($F$10:F10)/A10 -> 0 | I10: =SUM($G$10:G10)/A10 -> 0 | J10: =J9+D10-F10 -> 0 | K10: =K9+E10-G10 -> 0 | L10: =J10/H10 -> #DIV/0! | M10: =K10/I10 -> #DIV/0!
A11: 2 | B11: ='FRIT FV 090.540 - FTA'!B10 -> 46236 | C11: KHÔNG PHÁT SINH | D11: =E11-(E11*N11) -> 0 | G11: =F11 -> 0 | H11: =SUM($F$10:F11)/A11 -> 0 | I11: =SUM($G$10:G11)/A11 -> 0 | J11: =J10+D11-F11 -> 0 | K11: =K10+E11-G11 -> 0 | L11: =J11/H11 -> #DIV/0! | M11: =K11/I11 -> #DIV/0!
A12: 3 | B12: ='FRIT FV 090.540 - FTA'!B11 -> 46237 | C12: KHÔNG PHÁT SINH | D12: =E12-(E12*N12) -> 0 | G12: =F12 -> 0 | H12: =SUM($F$10:F12)/A12 -> 0 | I12: =SUM($G$10:G12)/A12 -> 0 | J12: =J11+D12-F12 -> 0 | K12: =K11+E12-G12 -> 0 | L12: =J12/H12 -> #DIV/0! | M12: =K12/I12 -> #DIV/0!
A13: 4 | B13: ='FRIT FV 090.540 - FTA'!B12 -> 46238 | C13: KHÔNG PHÁT SINH | D13: =E13-(E13*N13) -> 0 | G13: =F13 -> 0 | H13: =SUM($F$10:F13)/A13 -> 0 | I13: =SUM($G$10:G13)/A13 -> 0 | J13: =J12+D13-F13 -> 0 | K13: =K12+E13-G13 -> 0 | L13: =J13/H13 -> #DIV/0! | M13: =K13/I13 -> #DIV/0!
A14: 5 | B14: ='FRIT FV 090.540 - FTA'!B13 -> 46239 | C14: KHÔNG PHÁT SINH | D14: =E14-(E14*N14) -> 0 | G14: =F14 -> 0 | H14: =SUM($F$10:F14)/A14 -> 0 | I14: =SUM($G$10:G14)/A14 -> 0 | J14: =J13+D14-F14 -> 0 | K14: =K13+E14-G14 -> 0 | L14: =J14/H14 -> #DIV/0! | M14: =K14/I14 -> #DIV/0!
A15: 6 | B15: ='FRIT FV 090.540 - FTA'!B14 -> 46240 | C15: KHÔNG PHÁT SINH | D15: =E15-(E15*N15) -> 0 | G15: =F15 -> 0 | H15: =SUM($F$10:F15)/A15 -> 0 | I15: =SUM($G$10:G15)/A15 -> 0 | J15: =J14+D15-F15 -> 0 | K15: =K14+E15-G15 -> 0 | L15: =J15/H15 -> #DIV/0! | M15: =K15/I15 -> #DIV/0!
A16: 7 | B16: ='FRIT FV 090.540 - FTA'!B15 -> 46241 | C16: KHÔNG PHÁT SINH | D16: =E16-(E16*N16) -> 0 | G16: =F16 -> 0 | H16: =SUM($F$10:F16)/A16 -> 0 | I16: =SUM($G$10:G16)/A16 -> 0 | J16: =J15+D16-F16 -> 0 | K16: =K15+E16-G16 -> 0 | L16: =J16/H16 -> #DIV/0! | M16: =K16/I16 -> #DIV/0!
A17: 8 | B17: ='FRIT FV 090.540 - FTA'!B16 -> 46242 | C17: KHÔNG PHÁT SINH | D17: =E17-(E17*N17) -> 0 | G17: =F17 -> 0 | H17: =SUM($F$10:F17)/A17 -> 0 | I17: =SUM($G$10:G17)/A17 -> 0 | J17: =J16+D17-F17 -> 0 | K17: =K16+E17-G17 -> 0 | L17: =J17/H17 -> #DIV/0! | M17: =K17/I17 -> #DIV/0!
A18: 9 | B18: ='FRIT FV 090.540 - FTA'!B17 -> 46243 | C18: KHÔNG PHÁT SINH | D18: =E18-(E18*N18) -> 0 | G18: =F18 -> 0 | H18: =SUM($F$10:F18)/A18 -> 0 | I18: =SUM($G$10:G18)/A18 -> 0 | J18: =J17+D18-F18 -> 0 | K18: =K17+E18-G18 -> 0 | L18: =J18/H18 -> #DIV/0! | M18: =K18/I18 -> #DIV/0!
A19: 10 | B19: ='FRIT FV 090.540 - FTA'!B18 -> 46244 | C19: KHÔNG PHÁT SINH | D19: =E19-(E19*N19) -> 0 | G19: =F19 -> 0 | H19: =SUM($F$10:F19)/A19 -> 0 | I19: =SUM($G$10:G19)/A19 -> 0 | J19: =J18+D19-F19 -> 0 | K19: =K18+E19-G19 -> 0 | L19: =J19/H19 -> #DIV/0! | M19: =K19/I19 -> #DIV/0!
A20: 11 | B20: ='FRIT FV 090.540 - FTA'!B19 -> 46245 | C20: KHÔNG PHÁT SINH | D20: =E20-(E20*N20) -> 0 | G20: =F20 -> 0 | H20: =SUM($F$10:F20)/A20 -> 0 | I20: =SUM($G$10:G20)/A20 -> 0 | J20: =J19+D20-F20 -> 0 | K20: =K19+E20-G20 -> 0 | L20: =J20/H20 -> #DIV/0! | M20: =K20/I20 -> #DIV/0!
A21: 12 | B21: ='FRIT FV 090.540 - FTA'!B20 -> 46246 | C21: KHÔNG PHÁT SINH | D21: =E21-(E21*N21) -> 0 | G21: =F21 -> 0 | H21: =SUM($F$10:F21)/A21 -> 0 | I21: =SUM($G$10:G21)/A21 -> 0 | J21: =J20+D21-F21 -> 0 | K21: =K20+E21-G21 -> 0 | L21: =J21/H21 -> #DIV/0! | M21: =K21/I21 -> #DIV/0!
... A40: 31 | B40: ='FRIT FV 090.540 - FTA'!B39 -> 46265 | C40: KHÔNG PHÁT SINH | D40: =E40-(E40*N40) -> 0 | G40: =F40 -> 0 | H40: =SUM($F$10:F40)/A40 -> 0 | I40: =SUM($G$10:G40)/A40 -> 0 | J40: =J39+D40-F40 -> 0 | K40: =K39+E40-G40 -> 0 | L40: =J40/H40 -> #DIV/0! | M40: =K40/I40 -> #DIV/0!
A41: Cộng nhập xuất | D41: =SUM(D10:D40) -> 0 | E41: =SUM(E10:E40) -> 0 | F41: =F40 -> 0 | G41: =G40 -> 0 | J41: =J40 -> 0 | K41: =K40 -> 0
A42: Tổng cộng | D42: =D9+D41 -> 0 | E42: =E9+E41 -> 0 | F42: =F41 -> 0 | G42: =G41 -> 0 | J42: =D42-F42 -> 0 | K42: =E42-G42 -> 0
K44: Người Lập
K48: Mai Thúy Hoa

Sheet FRIT FO102-FHU
A1: ='FRIT FV 090.540 - FTA'!#REF! -> #REF!
A2: ='FRIT FV 090.540 - FTA'!#REF! -> #REF! | K2: ='FRIT FV 090.540 - FTA'!#REF! -> #REF!
A3: THẺ KHO
D4: Tên hàng hóa: | E4: FRIT | I4: Mã hàng: | J4: FRIT FO102-FHU
B5: ='FRIT FV 090.540 - FTA'!#REF! -> #REF! | C5: ='FRIT FV 090.540 - FTA'!#REF! -> #REF! | D5: ='FRIT FV 090.540 - FTA'!#REF! -> #REF! | E5: ='FRIT FV 090.540 - FTA'!#REF! -> #REF! | F5: ='FRIT FV 090.540 - FTA'!#REF! -> #REF! | G5: ='FRIT FV 090.540 - FTA'!#REF! -> #REF! | H5: ='FRIT FV 090.540 - FTA'!#REF! -> #REF! | I5: ='FRIT FV 090.540 - FTA'!#REF! -> #REF!
L6: Đơn vị tính: Kg | M6: ='FRIT FV 090.540 - FTA'!#REF! -> #REF!
A7: STT | B7: NGÀY | C7: DIỄN GIẢI | D7: SL NHẬP KHO | F7: SL XUẤT KHO | H7: SL XUẤT TRUNG BÌNH | J7: SL TỒN | L7: SỐ NGÀY TRUNG BÌNH CÒN SỬ DỤNG | N7: ĐỘ ẨM
D8: Quy khô | E8: Thực tế | F8: Quy khô | G8: Quy ướt | H8: Quy khô | I8: Quy ướt | J8: Quy khô | K8: Quy ướt | L8: Quy khô | M8: Quy ướt
A9: Tồn đầu kì | D9: =J9 -> 0 | E9: =K9 -> 0 | F9: =F41 -> 0 | G9: =G41 -> 0 | J9: =K9-K9*N9 -> 0 | K9: 0 | N9: 0.012
A10: 1 | B10: ='FRIT FV 090.540 - FTA'!B9 -> 46235 | C10: ='FRIT FV 090.540 - FTA'!C9 -> Không nhập - xuất | D10: =E10-(E10*N10) -> 0 | H10: =SUM($F$10:F10)/A10 -> 0 | I10: =SUM($G$10:G10)/A10 -> 0 | J10: =J9+D10-F10 -> 0 | K10: =K9+E10-G10 -> 0 | L10: =J10/H10 -> #DIV/0! | M10: =K10/I10 -> #DIV/0!
A11: 2 | B11: ='FRIT FV 090.540 - FTA'!B10 -> 46236 | C11: ='FRIT FV 090.540 - FTA'!C10 -> Không nhập - xuất | D11: =E11-(E11*N11) -> 0 | H11: =SUM($F$10:F11)/A11 -> 0 | I11: =SUM($G$10:G11)/A11 -> 0 | J11: =J10+D11-F11 -> 0 | K11: =K10+E11-G11 -> 0 | L11: =J11/H11 -> #DIV/0! | M11: =K11/I11 -> #DIV/0!
A12: 3 | B12: ='FRIT FV 090.540 - FTA'!B11 -> 46237 | C12: ='FRIT FV 090.540 - FTA'!C11 -> Không nhập - xuất | D12: =E12-(E12*N12) -> 0 | H12: =SUM($F$10:F12)/A12 -> 0 | I12: =SUM($G$10:G12)/A12 -> 0 | J12: =J11+D12-F12 -> 0 | K12: =K11+E12-G12 -> 0 | L12: =J12/H12 -> #DIV/0! | M12: =K12/I12 -> #DIV/0!
A13: 4 | B13: ='FRIT FV 090.540 - FTA'!B12 -> 46238 | C13: ='FRIT FV 090.540 - FTA'!C12 -> Không nhập - xuất | D13: =E13-(E13*N13) -> 0 | H13: =SUM($F$10:F13)/A13 -> 0 | I13: =SUM($G$10:G13)/A13 -> 0 | J13: =J12+D13-F13 -> 0 | K13: =K12+E13-G13 -> 0 | L13: =J13/H13 -> #DIV/0! | M13: =K13/I13 -> #DIV/0!
A14: 5 | B14: ='FRIT FV 090.540 - FTA'!B13 -> 46239 | C14: ='FRIT FV 090.540 - FTA'!C13 -> Không nhập - xuất | D14: =E14-(E14*N14) -> 0 | H14: =SUM($F$10:F14)/A14 -> 0 | I14: =SUM($G$10:G14)/A14 -> 0 | J14: =J13+D14-F14 -> 0 | K14: =K13+E14-G14 -> 0 | L14: =J14/H14 -> #DIV/0! | M14: =K14/I14 -> #DIV/0!
A15: 6 | B15: ='FRIT FV 090.540 - FTA'!B14 -> 46240 | C15: ='FRIT FV 090.540 - FTA'!C14 -> xuất | D15: =E15-(E15*N15) -> 0 | H15: =SUM($F$10:F15)/A15 -> 0 | I15: =SUM($G$10:G15)/A15 -> 0 | J15: =J14+D15-F15 -> 0 | K15: =K14+E15-G15 -> 0 | L15: =J15/H15 -> #DIV/0! | M15: =K15/I15 -> #DIV/0!
A16: 7 | B16: ='FRIT FV 090.540 - FTA'!B15 -> 46241 | C16: ='FRIT FV 090.540 - FTA'!C15 -> Không nhập - xuất | D16: =E16-(E16*N16) -> 0 | H16: =SUM($F$10:F16)/A16 -> 0 | I16: =SUM($G$10:G16)/A16 -> 0 | J16: =J15+D16-F16 -> 0 | K16: =K15+E16-G16 -> 0 | L16: =J16/H16 -> #DIV/0! | M16: =K16/I16 -> #DIV/0!
A17: 8 | B17: ='FRIT FV 090.540 - FTA'!B16 -> 46242 | C17: ='FRIT FV 090.540 - FTA'!C16 -> Không nhập - xuất | D17: =E17-(E17*N17) -> 0 | H17: =SUM($F$10:F17)/A17 -> 0 | I17: =SUM($G$10:G17)/A17 -> 0 | J17: =J16+D17-F17 -> 0 | K17: =K16+E17-G17 -> 0 | L17: =J17/H17 -> #DIV/0! | M17: =K17/I17 -> #DIV/0!
A18: 9 | B18: ='FRIT FV 090.540 - FTA'!B17 -> 46243 | C18: ='FRIT FV 090.540 - FTA'!C17 -> Không nhập - xuất | D18: =E18-(E18*N18) -> 0 | H18: =SUM($F$10:F18)/A18 -> 0 | I18: =SUM($G$10:G18)/A18 -> 0 | J18: =J17+D18-F18 -> 0 | K18: =K17+E18-G18 -> 0 | L18: =J18/H18 -> #DIV/0! | M18: =K18/I18 -> #DIV/0!
A19: 10 | B19: ='FRIT FV 090.540 - FTA'!B18 -> 46244 | C19: ='FRIT FV 090.540 - FTA'!C18 -> xuất | D19: =E19-(E19*N19) -> 0 | H19: =SUM($F$10:F19)/A19 -> 0 | I19: =SUM($G$10:G19)/A19 -> 0 | J19: =J18+D19-F19 -> 0 | K19: =K18+E19-G19 -> 0 | L19: =J19/H19 -> #DIV/0! | M19: =K19/I19 -> #DIV/0!
A20: 11 | B20: ='FRIT FV 090.540 - FTA'!B19 -> 46245 | C20: ='FRIT FV 090.540 - FTA'!C19 -> xuất | D20: =E20-(E20*N20) -> 0 | H20: =SUM($F$10:F20)/A20 -> 0 | I20: =SUM($G$10:G20)/A20 -> 0 | J20: =J19+D20-F20 -> 0 | K20: =K19+E20-G20 -> 0 | L20: =J20/H20 -> #DIV/0! | M20: =K20/I20 -> #DIV/0!
A21: 12 | B21: ='FRIT FV 090.540 - FTA'!B20 -> 46246 | C21: ='FRIT FV 090.540 - FTA'!C20 -> xuất | D21: =E21-(E21*N21) -> 0 | H21: =SUM($F$10:F21)/A21 -> 0 | I21: =SUM($G$10:G21)/A21 -> 0 | J21: =J20+D21-F21 -> 0 | K21: =K20+E21-G21 -> 0 | L21: =J21/H21 -> #DIV/0! | M21: =K21/I21 -> #DIV/0!
... A40: 31 | B40: ='FRIT FV 090.540 - FTA'!B39 -> 46265 | C40: ='FRIT FV 090.540 - FTA'!C39 -> Không nhập - xuất | D40: =E40-(E40*N40) -> 0 | H40: =SUM($F$10:F40)/A40 -> 0 | I40: =SUM($G$10:G40)/A40 -> 0 | J40: =J39+D40-F40 -> 0 | K40: =K39+E40-G40 -> 0 | L40: =J40/H40 -> #DIV/0! | M40: =K40/I40 -> #DIV/0!
A41: Cộng nhập xuất | D41: =SUM(D10:D40) -> 0 | E41: =SUM(E10:E40) -> 0 | F41: =SUM(F10:F40) -> 0 | G41: =SUM(G10:G40) -> 0 | J41: =J40 -> 0 | K41: =K40 -> 0
A42: Tổng cộng | D42: =D9+D41 -> 0 | E42: =E9+E41 -> 0 | F42: =F41 -> 0 | G42: =G41 -> 0 | J42: =D42-F42 -> 0 | K42: =E42-G42 -> 0
K43: Người Lập
K47: Mai Thúy Hoa

Sheet ZIRCON K1#
A1: ='FRIT FV 090.540 - FTA'!#REF! -> #REF!
A2: ='FRIT FV 090.540 - FTA'!#REF! -> #REF! | K2: ='FRIT FV 090.540 - FTA'!#REF! -> #REF!
A3: THẺ KHO
D4: Tên hàng hóa: | E4: ZIRCON | I4: Mã hàng: | J4: ZIRCON K1#-
B5: ='FRIT FV 090.540 - FTA'!#REF! -> #REF! | C5: ='FRIT FV 090.540 - FTA'!#REF! -> #REF! | D5: ='FRIT FV 090.540 - FTA'!#REF! -> #REF! | E5: ='FRIT FV 090.540 - FTA'!#REF! -> #REF! | F5: ='FRIT FV 090.540 - FTA'!#REF! -> #REF! | G5: ='FRIT FV 090.540 - FTA'!#REF! -> #REF! | H5: ='FRIT FV 090.540 - FTA'!#REF! -> #REF! | I5: ='FRIT FV 090.540 - FTA'!#REF! -> #REF!
L6: Đơn vị tính: Kg | M6: ='FRIT FV 090.540 - FTA'!#REF! -> #REF!
A7: STT | B7: NGÀY | C7: DIỄN GIẢI | D7: SL NHẬP KHO | F7: SL XUẤT KHO | H7: SL XUẤT TRUNG BÌNH | J7: SL TỒN | L7: SỐ NGÀY CÒN SỬ DỤNG
D8: Quy khô | E8: Thực tế | F8: Quy khô | G8: Quy ướt | H8: Quy khô | I8: Quy ướt | J8: Quy khô | K8: Quy ướt | L8: Quy khô | M8: Quy ướt
A9: Tồn đầu kì | D9: =J9 -> 0 | E9: =K9 -> 0 | F9: =F41 -> 0 | G9: =G41 -> 0 | J9: =K9 -> 0 | K9: 0
A10: 1 | B10: ='FRIT FV 090.540 - FTA'!B9 -> 46235 | C10: ='FRIT FV 090.540 - FTA'!C9 -> Không nhập - xuất | G10: =F10 -> 0 | H10: =SUM($F$10:F10)/A10 -> 0 | I10: =SUM($G$10:G10)/A10 -> 0 | J10: =J9+D10-F10 -> 0 | K10: =K9+E10-G10 -> 0 | L10: =J10/H10 -> #DIV/0! | M10: =K10/I10 -> #DIV/0!
A11: 2 | B11: ='FRIT FV 090.540 - FTA'!B10 -> 46236 | C11: ='FRIT FV 090.540 - FTA'!C10 -> Không nhập - xuất | G11: =F11 -> 0 | H11: =SUM($F$10:F11)/A11 -> 0 | I11: =SUM($G$10:G11)/A11 -> 0 | J11: =J10+D11-F11 -> 0 | K11: =K10+E11-G11 -> 0 | L11: =J11/H11 -> #DIV/0! | M11: =K11/I11 -> #DIV/0!
A12: 3 | B12: ='FRIT FV 090.540 - FTA'!B11 -> 46237 | C12: ='FRIT FV 090.540 - FTA'!C11 -> Không nhập - xuất | G12: =F12 -> 0 | H12: =SUM($F$10:F12)/A12 -> 0 | I12: =SUM($G$10:G12)/A12 -> 0 | J12: =J11+D12-F12 -> 0 | K12: =K11+E12-G12 -> 0 | L12: =J12/H12 -> #DIV/0! | M12: =K12/I12 -> #DIV/0!
A13: 4 | B13: ='FRIT FV 090.540 - FTA'!B12 -> 46238 | C13: ='FRIT FV 090.540 - FTA'!C12 -> Không nhập - xuất | G13: =F13 -> 0 | H13: =SUM($F$10:F13)/A13 -> 0 | I13: =SUM($G$10:G13)/A13 -> 0 | J13: =J12+D13-F13 -> 0 | K13: =K12+E13-G13 -> 0 | L13: =J13/H13 -> #DIV/0! | M13: =K13/I13 -> #DIV/0!
A14: 5 | B14: ='FRIT FV 090.540 - FTA'!B13 -> 46239 | C14: ='FRIT FV 090.540 - FTA'!C13 -> Không nhập - xuất | G14: =F14 -> 0 | H14: =SUM($F$10:F14)/A14 -> 0 | I14: =SUM($G$10:G14)/A14 -> 0 | J14: =J13+D14-F14 -> 0 | K14: =K13+E14-G14 -> 0 | L14: =J14/H14 -> #DIV/0! | M14: =K14/I14 -> #DIV/0!
A15: 6 | B15: ='FRIT FV 090.540 - FTA'!B14 -> 46240 | C15: ='FRIT FV 090.540 - FTA'!C14 -> xuất | G15: =F15 -> 0 | H15: =SUM($F$10:F15)/A15 -> 0 | I15: =SUM($G$10:G15)/A15 -> 0 | J15: =J14+D15-F15 -> 0 | K15: =K14+E15-G15 -> 0 | L15: =J15/H15 -> #DIV/0! | M15: =K15/I15 -> #DIV/0!
A16: 7 | B16: ='FRIT FV 090.540 - FTA'!B15 -> 46241 | C16: ='FRIT FV 090.540 - FTA'!C15 -> Không nhập - xuất | G16: =F16 -> 0 | H16: =SUM($F$10:F16)/A16 -> 0 | I16: =SUM($G$10:G16)/A16 -> 0 | J16: =J15+D16-F16 -> 0 | K16: =K15+E16-G16 -> 0 | L16: =J16/H16 -> #DIV/0! | M16: =K16/I16 -> #DIV/0!
A17: 8 | B17: ='FRIT FV 090.540 - FTA'!B16 -> 46242 | C17: ='FRIT FV 090.540 - FTA'!C16 -> Không nhập - xuất | G17: =F17 -> 0 | H17: =SUM($F$10:F17)/A17 -> 0 | I17: =SUM($G$10:G17)/A17 -> 0 | J17: =J16+D17-F17 -> 0 | K17: =K16+E17-G17 -> 0 | L17: =J17/H17 -> #DIV/0! | M17: =K17/I17 -> #DIV/0!
A18: 9 | B18: ='FRIT FV 090.540 - FTA'!B17 -> 46243 | C18: =C10 -> Không nhập - xuất | G18: =F18 -> 0 | H18: =SUM($F$10:F18)/A18 -> 0 | I18: =SUM($G$10:G18)/A18 -> 0 | J18: =J17+D18-F18 -> 0 | K18: =K17+E18-G18 -> 0 | L18: =J18/H18 -> #DIV/0! | M18: =K18/I18 -> #DIV/0!
A19: 10 | B19: ='FRIT FV 090.540 - FTA'!B18 -> 46244 | C19: ='FRIT FV 090.540 - FTA'!C18 -> xuất | G19: =F19 -> 0 | H19: =SUM($F$10:F19)/A19 -> 0 | I19: =SUM($G$10:G19)/A19 -> 0 | J19: =J18+D19-F19 -> 0 | K19: =K18+E19-G19 -> 0 | L19: =J19/H19 -> #DIV/0! | M19: =K19/I19 -> #DIV/0!
A20: 11 | B20: ='FRIT FV 090.540 - FTA'!B19 -> 46245 | C20: ='FRIT FV 090.540 - FTA'!C19 -> xuất | G20: =F20 -> 0 | H20: =SUM($F$10:F20)/A20 -> 0 | I20: =SUM($G$10:G20)/A20 -> 0 | J20: =J19+D20-F20 -> 0 | K20: =K19+E20-G20 -> 0 | L20: =J20/H20 -> #DIV/0! | M20: =K20/I20 -> #DIV/0!
A21: 12 | B21: ='FRIT FV 090.540 - FTA'!B20 -> 46246 | C21: ='FRIT FV 090.540 - FTA'!C20 -> xuất | G21: =F21 -> 0 | H21: =SUM($F$10:F21)/A21 -> 0 | I21: =SUM($G$10:G21)/A21 -> 0 | J21: =J20+D21-F21 -> 0 | K21: =K20+E21-G21 -> 0 | L21: =J21/H21 -> #DIV/0! | M21: =K21/I21 -> #DIV/0!
A22: 13 | B22: ='FRIT FV 090.540 - FTA'!B21 -> 46247 | C22: Xuất | G22: =F22 -> 0 | H22: =SUM($F$10:F22)/A22 -> 0 | I22: =SUM($G$10:G22)/A22 -> 0 | J22: =J21+D22-F22 -> 0 | K22: =K21+E22-G22 -> 0 | L22: =J22/H22 -> #DIV/0! | M22: =K22/I22 -> #DIV/0!
A23: 14 | B23: ='FRIT FV 090.540 - FTA'!B22 -> 46248 | C23: =C10 -> Không nhập - xuất | G23: =F23 -> 0 | H23: =SUM($F$10:F23)/A23 -> 0 | I23: =SUM($G$10:G23)/A23 -> 0 | J23: =J22+D23-F23 -> 0 | K23: =K22+E23-G23 -> 0 | L23: =J23/H23 -> #DIV/0! | M23: =K23/I23 -> #DIV/0!
A24: 15 | B24: ='FRIT FV 090.540 - FTA'!B23 -> 46249 | C24: ='FRIT FV 090.540 - FTA'!C23 -> xuất | G24: =F24 -> 0 | H24: =SUM($F$10:F24)/A24 -> 0 | I24: =SUM($G$10:G24)/A24 -> 0 | J24: =J23+D24-F24 -> 0 | K24: =K23+E24-G24 -> 0 | L24: =J24/H24 -> #DIV/0! | M24: =K24/I24 -> #DIV/0!
A25: 16 | B25: ='FRIT FV 090.540 - FTA'!B24 -> 46250 | C25: ='FRIT FV 090.540 - FTA'!C24 -> xuất | G25: =F25 -> 0 | H25: =SUM($F$10:F25)/A25 -> 0 | I25: =SUM($G$10:G25)/A25 -> 0 | J25: =J24+D25-F25 -> 0 | K25: =K24+E25-G25 -> 0 | L25: =J25/H25 -> #DIV/0! | M25: =K25/I25 -> #DIV/0!
A26: 17 | B26: ='FRIT FV 090.540 - FTA'!B25 -> 46251 | C26: ='FRIT FV 090.540 - FTA'!C25 -> xuất | G26: =F26 -> 0 | H26: =SUM($F$10:F26)/A26 -> 0 | I26: =SUM($G$10:G26)/A26 -> 0 | J26: =J25+D26-F26 -> 0 | K26: =K25+E26-G26 -> 0 | L26: =J26/H26 -> #DIV/0! | M26: =K26/I26 -> #DIV/0!
A27: 18 | B27: ='FRIT FV 090.540 - FTA'!B26 -> 46252 | C27: ='FRIT FV 090.540 - FTA'!C26 -> xuất | G27: =F27 -> 0 | H27: =SUM($F$10:F27)/A27 -> 0 | I27: =SUM($G$10:G27)/A27 -> 0 | J27: =J26+D27-F27 -> 0 | K27: =K26+E27-G27 -> 0 | L27: =J27/H27 -> #DIV/0! | M27: =K27/I27 -> #DIV/0!
A28: 19 | B28: ='FRIT FV 090.540 - FTA'!B27 -> 46253 | C28: ='FRIT FV 090.540 - FTA'!C27 -> xuất | G28: =F28 -> 0 | H28: =SUM($F$10:F28)/A28 -> 0 | I28: =SUM($G$10:G28)/A28 -> 0 | J28: =J27+D28-F28 -> 0 | K28: =K27+E28-G28 -> 0 | L28: =J28/H28 -> #DIV/0! | M28: =K28/I28 -> #DIV/0!
A29: 20 | B29: ='FRIT FV 090.540 - FTA'!B28 -> 46254 | C29: ='FRIT FV 090.540 - FTA'!C28 -> xuất | G29: =F29 -> 0 | H29: =SUM($F$10:F29)/A29 -> 0 | I29: =SUM($G$10:G29)/A29 -> 0 | J29: =J28+D29-F29 -> 0 | K29: =K28+E29-G29 -> 0 | L29: =J29/H29 -> #DIV/0! | M29: =K29/I29 -> #DIV/0!
A30: 21 | B30: ='FRIT FV 090.540 - FTA'!B29 -> 46255 | C30: ='FRIT FV 090.540 - FTA'!C29 -> xuất | G30: =F30 -> 0 | H30: =SUM($F$10:F30)/A30 -> 0 | I30: =SUM($G$10:G30)/A30 -> 0 | J30: =J29+D30-F30 -> 0 | K30: =K29+E30-G30 -> 0 | L30: =J30/H30 -> #DIV/0! | M30: =K30/I30 -> #DIV/0!
A31: 22 | B31: ='FRIT FV 090.540 - FTA'!B30 -> 46256 | C31: ='FRIT FV 090.540 - FTA'!C30 -> xuất | G31: =F31 -> 0 | H31: =SUM($F$10:F31)/A31 -> 0 | I31: =SUM($G$10:G31)/A31 -> 0 | J31: =J30+D31-F31 -> 0 | K31: =K30+E31-G31 -> 0 | L31: =J31/H31 -> #DIV/0! | M31: =K31/I31 -> #DIV/0!
A32: 23 | B32: ='FRIT FV 090.540 - FTA'!B31 -> 46257 | C32: ='FRIT FV 090.540 - FTA'!C31 -> xuất | G32: =F32 -> 0 | H32: =SUM($F$10:F32)/A32 -> 0 | I32: =SUM($G$10:G32)/A32 -> 0 | J32: =J31+D32-F32 -> 0 | K32: =K31+E32-G32 -> 0 | L32: =J32/H32 -> #DIV/0! | M32: =K32/I32 -> #DIV/0!
A33: 24 | B33: ='FRIT FV 090.540 - FTA'!B32 -> 46258 | C33: ='FRIT FV 090.540 - FTA'!C32 -> xuất | G33: =F33 -> 0 | H33: =SUM($F$10:F33)/A33 -> 0 | I33: =SUM($G$10:G33)/A33 -> 0 | J33: =J32+D33-F33 -> 0 | K33: =K32+E33-G33 -> 0 | L33: =J33/H33 -> #DIV/0! | M33: =K33/I33 -> #DIV/0!
A34: 25 | B34: ='FRIT FV 090.540 - FTA'!B33 -> 46259 | C34: ='FRIT FV 090.540 - FTA'!C33 -> xuất | G34: =F34 -> 0 | H34: =SUM($F$10:F34)/A34 -> 0 | I34: =SUM($G$10:G34)/A34 -> 0 | J34: =J33+D34-F34 -> 0 | K34: =K33+E34-G34 -> 0 | L34: =J34/H34 -> #DIV/0! | M34: =K34/I34 -> #DIV/0!
A35: 26 | B35: ='FRIT FV 090.540 - FTA'!B34 -> 46260 | C35: ='FRIT FV 090.540 - FTA'!C34 -> xuất | G35: =F35 -> 0 | H35: =SUM($F$10:F35)/A35 -> 0 | I35: =SUM($G$10:G35)/A35 -> 0 | J35: =J34+D35-F35 -> 0 | K35: =K34+E35-G35 -> 0 | L35: =J35/H35 -> #DIV/0! | M35: =K35/I35 -> #DIV/0!
... A40: 31 | B40: ='FRIT FV 090.540 - FTA'!B39 -> 46265 | C40: ='FRIT FV 090.540 - FTA'!C39 -> Không nhập - xuất | G40: =F40 -> 0 | H40: =SUM($F$10:F40)/A40 -> 0 | I40: =SUM($G$10:G40)/A40 -> 0 | J40: =J39+D40-F40 -> 0 | K40: =K39+E40-G40 -> 0 | L40: =J40/H40 -> #DIV/0! | M40: =K40/I40 -> #DIV/0!
A41: Cộng nhập xuất | D41: =SUM(D10:D40) -> 0 | E41: =SUM(E10:E40) -> 0 | F41: =SUM(F10:F40) -> 0 | G41: =SUM(G10:G40) -> 0 | J41: =J40 -> 0 | K41: =K40 -> 0
A42: Tổng cộng | D42: =D9+D41 -> 0 | E42: =E9+E41 -> 0 | F42: =F41 -> 0 | G42: =G41 -> 0 | J42: =D42-F42 -> 0 | K42: =E42-G42 -> 0
K43: Người Lập
K47: Mai Thúy Hoa

Sheet HT082
A1: ='FRIT FV 090.540 - FTA'!#REF! -> #REF!
A2: ='FRIT FV 090.540 - FTA'!#REF! -> #REF! | K2: ='FRIT FV 090.540 - FTA'!#REF! -> #REF!
A3: THẺ KHO
D4: Tên hàng hóa: | E4: FRIT | H4: Mã hàng: | I4: Frit HT082
B5: ='FRIT FV 090.540 - FTA'!#REF! -> #REF! | C5: ='FRIT FV 090.540 - FTA'!#REF! -> #REF! | D5: ='FRIT FV 090.540 - FTA'!#REF! -> #REF! | E5: ='FRIT FV 090.540 - FTA'!#REF! -> #REF! | F5: ='FRIT FV 090.540 - FTA'!#REF! -> #REF! | G5: ='FRIT FV 090.540 - FTA'!#REF! -> #REF! | H5: ='FRIT FV 090.540 - FTA'!#REF! -> #REF! | I5: ='FRIT FV 090.540 - FTA'!#REF! -> #REF!
L6: Đơn vị tính: Kg | M6: THA1
A7: STT | B7: NGÀY | C7: DIỄN GIẢI | D7: SL NHẬP KHO | F7: SL XUẤT KHO | H7: SL XUẤT TRUNG BÌNH | J7: SL TỒN | L7: SỐ NGÀY CÒN SỬ DỤNG | N7: ĐỘ ẨM
D8: Quy khô | E8: Thực tế | F8: Quy khô | G8: Quy ướt | H8: Quy khô | I8: Quy ướt | J8: Quy khô | K8: Quy ướt | L8: Quy khô | M8: Quy ướt
A9: Tồn đầu kì | D9: =J9 -> 0 | E9: =K9 -> 0 | J9: =K9-K9*N9 -> 0 | K9: 0
A10: 1 | B10: ='FRIT FV 090.540 - FTA'!B9 -> 46235 | C10: XUẤT | H10: =SUM($F$9:F10)/A10 -> 0 | I10: =SUM($G$9:G10)/A10 -> 0 | J10: =J9+D10-F10 -> 0 | K10: =K9+E10-G10 -> 0 | L10: =J10/H10 -> #DIV/0! | M10: =K10/I10 -> #DIV/0!
A11: 2 | B11: ='FRIT FV 090.540 - FTA'!B10 -> 46236 | C11: XUẤT | H11: =SUM($F$9:F11)/A11 -> 0 | I11: =SUM($G$9:G11)/A11 -> 0 | J11: =J10+D11-F11 -> 0 | K11: =K10+E11-G11 -> 0 | L11: =J11/H11 -> #DIV/0! | M11: =K11/I11 -> #DIV/0!
A12: 3 | B12: ='FRIT FV 090.540 - FTA'!B11 -> 46237 | C12: XUẤT | H12: =SUM($F$9:F12)/A12 -> 0 | I12: =SUM($G$9:G12)/A12 -> 0 | J12: =J11+D12-F12 -> 0 | K12: =K11+E12-G12 -> 0 | L12: =J12/H12 -> #DIV/0! | M12: =K12/I12 -> #DIV/0!
A13: 4 | B13: ='FRIT FV 090.540 - FTA'!B12 -> 46238 | C13: KHÔNG XUẤT | H13: =SUM($F$9:F13)/A13 -> 0 | I13: =SUM($G$9:G13)/A13 -> 0 | J13: =J12+D13-F13 -> 0 | K13: =K12+E13-G13 -> 0 | L13: =J13/H13 -> #DIV/0! | M13: =K13/I13 -> #DIV/0!
A14: 5 | B14: ='FRIT FV 090.540 - FTA'!B13 -> 46239 | C14: KHÔNG XUẤT | H14: =SUM($F$9:F14)/A14 -> 0 | I14: =SUM($G$9:G14)/A14 -> 0 | J14: =J13+D14-F14 -> 0 | K14: =K13+E14-G14 -> 0 | L14: =J14/H14 -> #DIV/0! | M14: =K14/I14 -> #DIV/0!
A15: 6 | B15: ='FRIT FV 090.540 - FTA'!B14 -> 46240 | C15: KHÔNG XUẤT | H15: =SUM($F$9:F15)/A15 -> 0 | I15: =SUM($G$9:G15)/A15 -> 0 | J15: =J14+D15-F15 -> 0 | K15: =K14+E15-G15 -> 0 | L15: =J15/H15 -> #DIV/0! | M15: =K15/I15 -> #DIV/0!
A16: 7 | B16: ='FRIT FV 090.540 - FTA'!B15 -> 46241 | C16: KHÔNG XUẤT | H16: =SUM($F$9:F16)/A16 -> 0 | I16: =SUM($G$9:G16)/A16 -> 0 | J16: =J15+D16-F16 -> 0 | K16: =K15+E16-G16 -> 0 | L16: =J16/H16 -> #DIV/0! | M16: =K16/I16 -> #DIV/0!
A17: 8 | B17: ='FRIT FV 090.540 - FTA'!B16 -> 46242 | C17: KHÔNG XUẤT | H17: =SUM($F$9:F17)/A17 -> 0 | I17: =SUM($G$9:G17)/A17 -> 0 | J17: =J16+D17-F17 -> 0 | K17: =K16+E17-G17 -> 0 | L17: =J17/H17 -> #DIV/0! | M17: =K17/I17 -> #DIV/0!
A18: 9 | B18: ='FRIT FV 090.540 - FTA'!B17 -> 46243 | C18: KHÔNG XUẤT | H18: =SUM($F$9:F18)/A18 -> 0 | I18: =SUM($G$9:G18)/A18 -> 0 | J18: =J17+D18-F18 -> 0 | K18: =K17+E18-G18 -> 0 | L18: =J18/H18 -> #DIV/0! | M18: =K18/I18 -> #DIV/0!
A19: 10 | B19: ='FRIT FV 090.540 - FTA'!B18 -> 46244 | C19: KHÔNG XUẤT | H19: =SUM($F$9:F19)/A19 -> 0 | I19: =SUM($G$9:G19)/A19 -> 0 | J19: =J18+D19-F19 -> 0 | K19: =K18+E19-G19 -> 0 | L19: =J19/H19 -> #DIV/0! | M19: =K19/I19 -> #DIV/0!
A20: 11 | B20: ='FRIT FV 090.540 - FTA'!B19 -> 46245 | C20: KHÔNG XUẤT | H20: =SUM($F$9:F20)/A20 -> 0 | I20: =SUM($G$9:G20)/A20 -> 0 | J20: =J19+D20-F20 -> 0 | K20: =K19+E20-G20 -> 0 | L20: =J20/H20 -> #DIV/0! | M20: =K20/I20 -> #DIV/0!
A21: 12 | B21: ='FRIT FV 090.540 - FTA'!B20 -> 46246 | C21: KHÔNG XUẤT | H21: =SUM($F$9:F21)/A21 -> 0 | I21: =SUM($G$9:G21)/A21 -> 0 | J21: =J20+D21-F21 -> 0 | K21: =K20+E21-G21 -> 0 | L21: =J21/H21 -> #DIV/0! | M21: =K21/I21 -> #DIV/0!
... A40: 31 | B40: ='FRIT FV 090.540 - FTA'!B39 -> 46265 | C40: KHÔNG XUẤT | H40: =SUM($F$9:F40)/A40 -> 0 | I40: =SUM($G$9:G40)/A40 -> 0 | J40: =J39+D40-F40 -> 0 | K40: =K39+E40-G40 -> 0 | L40: =J40/H40 -> #DIV/0! | M40: =K40/I40 -> #DIV/0!
A41: Cộng nhập xuất | D41: =SUM(D10:D40) -> 0 | E41: =SUM(E10:E40) -> 0 | F41: =SUM(F10:F40) -> 0 | G41: =SUM(G10:G40) -> 0 | J41: =J40 -> 0 | K41: =K40 -> 0
A42: Tổng cộng | D42: =D9+D41 -> 0 | E42: =E9+E41 -> 0 | F42: =F9+F41 -> 0 | G42: =G9+G41 -> 0 | J42: =D42-F42 -> 0 | K42: =E42-G42 -> 0
K44: Người Lập
K48: Mai Thúy Hoa

Sheet STTP LTP
A2: THẺ KHO
G3: Tên hàng hóa: | H3: STTP LTP
B4: ='FRIT FV 090.540 - FTA'!#REF! -> #REF! | C4: ='FRIT FV 090.540 - FTA'!#REF! -> #REF! | D4: ='FRIT FV 090.540 - FTA'!#REF! -> #REF! | E4: ='FRIT FV 090.540 - FTA'!#REF! -> #REF! | F4: ='FRIT FV 090.540 - FTA'!#REF! -> #REF! | G4: ='FRIT FV 090.540 - FTA'!#REF! -> #REF! | H4: ='FRIT FV 090.540 - FTA'!#REF! -> #REF! | I4: ='FRIT FV 090.540 - FTA'!#REF! -> #REF!
L5: Đơn vị tính: Kg | M5: YN!A1
A6: STT | B6: NGÀY | C6: DIỄN GIẢI | D6: SL NHẬP KHO | F6: SL XUẤT KHO | H6: SL XUẤT TRUNG BÌNH | J6: SL TỒN | L6: SỐ NGÀY CÒN SỬ DỤNG
D7: Quy khô | E7: Thực tế | F7: Quy khô | G7: Quy ướt | H7: Quy khô | I7: Quy ướt | J7: Quy khô | K7: Quy ướt | L7: Quy khô | M7: Quy ướt
A8: Tồn đầu kì | D8: =J8 -> 0 | E8: =K8 -> 0
A9: 1 | B9: ='FRIT FV 090.540 - FTA'!B9 -> 46235 | C9: Xuất | G9: =F9 -> 0 | H9: =SUM($F$8:F9)/A9 -> 0 | I9: =SUM($G$8:G9)/A9 -> 0 | J9: =J8+D9-F9 -> 0 | K9: =K8+E9-G9 -> 0 | L9: =J9/H9 -> #DIV/0! | M9: =K9/I9 -> #DIV/0!
A10: 2 | B10: ='FRIT FV 090.540 - FTA'!B10 -> 46236 | C10: Không | G10: =F10 -> 0 | H10: =SUM($F$8:F10)/A10 -> 0 | I10: =SUM($G$8:G10)/A10 -> 0 | J10: =J9+D10-F10 -> 0 | K10: =K9+E10-G10 -> 0 | L10: =J10/H10 -> #DIV/0! | M10: =K10/I10 -> #DIV/0!
A11: 3 | B11: ='FRIT FV 090.540 - FTA'!B11 -> 46237 | C11: Xuất | G11: =F11 -> 0 | H11: =SUM($F$8:F11)/A11 -> 0 | I11: =SUM($G$8:G11)/A11 -> 0 | J11: =J10+D11-F11 -> 0 | K11: =K10+E11-G11 -> 0 | L11: =J11/H11 -> #DIV/0! | M11: =K11/I11 -> #DIV/0!
A12: 4 | B12: ='FRIT FV 090.540 - FTA'!B12 -> 46238 | C12: Xuất | G12: =F12 -> 0 | H12: =SUM($F$8:F12)/A12 -> 0 | I12: =SUM($G$8:G12)/A12 -> 0 | J12: =J11+D12-F12 -> 0 | K12: =K11+E12-G12 -> 0 | L12: =J12/H12 -> #DIV/0! | M12: =K12/I12 -> #DIV/0!
A13: 5 | B13: ='FRIT FV 090.540 - FTA'!B13 -> 46239 | C13: Xuất | G13: =F13 -> 0 | H13: =SUM($F$8:F13)/A13 -> 0 | I13: =SUM($G$8:G13)/A13 -> 0 | J13: =J12+D13-F13 -> 0 | K13: =K12+E13-G13 -> 0 | L13: =J13/H13 -> #DIV/0! | M13: =K13/I13 -> #DIV/0!
A14: 6 | B14: ='FRIT FV 090.540 - FTA'!B14 -> 46240 | C14: Không | G14: =F14 -> 0 | H14: =SUM($F$8:F14)/A14 -> 0 | I14: =SUM($G$8:G14)/A14 -> 0 | J14: =J13+D14-F14 -> 0 | K14: =K13+E14-G14 -> 0 | L14: =J14/H14 -> #DIV/0! | M14: =K14/I14 -> #DIV/0!
A15: 7 | B15: ='FRIT FV 090.540 - FTA'!B15 -> 46241 | C15: Không | G15: =F15 -> 0 | H15: =SUM($F$8:F15)/A15 -> 0 | I15: =SUM($G$8:G15)/A15 -> 0 | J15: =J14+D15-F15 -> 0 | K15: =K14+E15-G15 -> 0 | L15: =J15/H15 -> #DIV/0! | M15: =K15/I15 -> #DIV/0!
A16: 8 | B16: ='FRIT FV 090.540 - FTA'!B16 -> 46242 | C16: Không | G16: =F16 -> 0 | H16: =SUM($F$8:F16)/A16 -> 0 | I16: =SUM($G$8:G16)/A16 -> 0 | J16: =J15+D16-F16 -> 0 | K16: =K15+E16-G16 -> 0 | L16: =J16/H16 -> #DIV/0! | M16: =K16/I16 -> #DIV/0!
A17: 9 | B17: ='FRIT FV 090.540 - FTA'!B17 -> 46243 | C17: Không | G17: =F17 -> 0 | H17: =SUM($F$8:F17)/A17 -> 0 | I17: =SUM($G$8:G17)/A17 -> 0 | J17: =J16+D17-F17 -> 0 | K17: =K16+E17-G17 -> 0 | L17: =J17/H17 -> #DIV/0! | M17: =K17/I17 -> #DIV/0!
A18: 10 | B18: ='FRIT FV 090.540 - FTA'!B18 -> 46244 | C18: Không | G18: =F18 -> 0 | H18: =SUM($F$8:F18)/A18 -> 0 | I18: =SUM($G$8:G18)/A18 -> 0 | J18: =J17+D18-F18 -> 0 | K18: =K17+E18-G18 -> 0 | L18: =J18/H18 -> #DIV/0! | M18: =K18/I18 -> #DIV/0!
A19: 11 | B19: ='FRIT FV 090.540 - FTA'!B19 -> 46245 | C19: Không | G19: =F19 -> 0 | H19: =SUM($F$8:F19)/A19 -> 0 | I19: =SUM($G$8:G19)/A19 -> 0 | J19: =J18+D19-F19 -> 0 | K19: =K18+E19-G19 -> 0 | L19: =J19/H19 -> #DIV/0! | M19: =K19/I19 -> #DIV/0!
A20: 12 | B20: ='FRIT FV 090.540 - FTA'!B20 -> 46246 | C20: Không | G20: =F20 -> 0 | H20: =SUM($F$8:F20)/A20 -> 0 | I20: =SUM($G$8:G20)/A20 -> 0 | J20: =J19+D20-F20 -> 0 | K20: =K19+E20-G20 -> 0 | L20: =J20/H20 -> #DIV/0! | M20: =K20/I20 -> #DIV/0!
... A27: 19 | B27: ='FRIT FV 090.540 - FTA'!B27 -> 46253 | C27: Không | G27: =F27 -> 0 | H27: =SUM($F$8:F27)/A27 -> 0 | I27: =SUM($G$8:G27)/A27 -> 0 | J27: =J26+D27-F27 -> 0 | K27: =K26+E27-G27 -> 0 | L27: =J27/H27 -> #DIV/0! | M27: =K27/I27 -> #DIV/0!
A28: 20 | B28: ='FRIT FV 090.540 - FTA'!B28 -> 46254 | C28: Không | G28: =F28 -> 0 | H28: =SUM($F$8:F28)/A28 -> 0 | I28: =SUM($G$8:G28)/A28 -> 0 | J28: =J27+D28-F28 -> 0 | K28: =K27+E28-G28 -> 0 | L28: =J28/H28 -> #DIV/0! | M28: =K28/I28 -> #DIV/0! | N28: HNP
A29: 21 | B29: ='FRIT FV 090.540 - FTA'!B29 -> 46255 | C29: Không | G29: =F29 -> 0 | H29: =SUM($F$8:F29)/A29 -> 0 | I29: =SUM($G$8:G29)/A29 -> 0 | J29: =J28+D29-F29 -> 0 | K29: =K28+E29-G29 -> 0 | L29: =J29/H29 -> #DIV/0! | M29: =K29/I29 -> #DIV/0!
A30: 22 | B30: ='FRIT FV 090.540 - FTA'!B30 -> 46256 | C30: Không | G30: =F30 -> 0 | H30: =SUM($F$8:F30)/A30 -> 0 | I30: =SUM($G$8:G30)/A30 -> 0 | J30: =J29+D30-F30 -> 0 | K30: =K29+E30-G30 -> 0 | L30: =J30/H30 -> #DIV/0! | M30: =K30/I30 -> #DIV/0!
A31: 23 | B31: ='FRIT FV 090.540 - FTA'!B31 -> 46257 | C31: Không | G31: =F31 -> 0 | H31: =SUM($F$8:F31)/A31 -> 0 | I31: =SUM($G$8:G31)/A31 -> 0 | J31: =J30+D31-F31 -> 0 | K31: =K30+E31-G31 -> 0 | L31: =J31/H31 -> #DIV/0! | M31: =K31/I31 -> #DIV/0!
A32: 24 | B32: ='FRIT FV 090.540 - FTA'!B32 -> 46258 | C32: Không | G32: =F32 -> 0 | H32: =SUM($F$8:F32)/A32 -> 0 | I32: =SUM($G$8:G32)/A32 -> 0 | J32: =J31+D32-F32 -> 0 | K32: =K31+E32-G32 -> 0 | L32: =J32/H32 -> #DIV/0! | M32: =K32/I32 -> #DIV/0!
A33: 25 | B33: ='FRIT FV 090.540 - FTA'!B33 -> 46259 | C33: Không | G33: =F33 -> 0 | H33: =SUM($F$8:F33)/A33 -> 0 | I33: =SUM($G$8:G33)/A33 -> 0 | J33: =J32+D33-F33 -> 0 | K33: =K32+E33-G33 -> 0 | L33: =J33/H33 -> #DIV/0! | M33: =K33/I33 -> #DIV/0!
A34: 26 | B34: ='FRIT FV 090.540 - FTA'!B34 -> 46260 | C34: Không | G34: =F34 -> 0 | H34: =SUM($F$8:F34)/A34 -> 0 | I34: =SUM($G$8:G34)/A34 -> 0 | J34: =J33+D34-F34 -> 0 | K34: =K33+E34-G34 -> 0 | L34: =J34/H34 -> #DIV/0! | M34: =K34/I34 -> #DIV/0!
A35: 27 | B35: ='FRIT FV 090.540 - FTA'!B35 -> 46261 | C35: Không | G35: =F35 -> 0 | H35: =SUM($F$8:F35)/A35 -> 0 | I35: =SUM($G$8:G35)/A35 -> 0 | J35: =J34+D35-F35 -> 0 | K35: =K34+E35-G35 -> 0 | L35: =J35/H35 -> #DIV/0! | M35: =K35/I35 -> #DIV/0!
A36: 28 | B36: ='FRIT FV 090.540 - FTA'!B36 -> 46262 | C36: Không | G36: =F36 -> 0 | H36: =SUM($F$8:F36)/A36 -> 0 | I36: =SUM($G$8:G36)/A36 -> 0 | J36: =J35+D36-F36 -> 0 | K36: =K35+E36-G36 -> 0 | L36: =J36/H36 -> #DIV/0! | M36: =K36/I36 -> #DIV/0!
A37: 29 | B37: ='FRIT FV 090.540 - FTA'!B37 -> 46263 | C37: Không | G37: =F37 -> 0 | H37: =SUM($F$8:F37)/A37 -> 0 | I37: =SUM($G$8:G37)/A37 -> 0 | J37: =J36+D37-F37 -> 0 | K37: =K36+E37-G37 -> 0 | L37: =J37/H37 -> #DIV/0! | M37: =K37/I37 -> #DIV/0!
A38: 30 | B38: ='FRIT FV 090.540 - FTA'!B38 -> 46264 | C38: Không | G38: =F38 -> 0 | H38: =SUM($F$8:F38)/A38 -> 0 | I38: =SUM($G$8:G38)/A38 -> 0 | J38: =J37+D38-F38 -> 0 | K38: =K37+E38-G38 -> 0 | L38: =J38/H38 -> #DIV/0! | M38: =K38/I38 -> #DIV/0!
A39: 31 | B39: ='FRIT FV 090.540 - FTA'!B39 -> 46265 | C39: Không | G39: =F39 -> 0 | H39: =SUM($F$8:F39)/A39 -> 0 | I39: =SUM($G$8:G39)/A39 -> 0 | J39: =J38+D39-F39 -> 0 | K39: =K38+E39-G39 -> 0 | L39: =J39/H39 -> #DIV/0! | M39: =K39/I39 -> #DIV/0!
A40: Cộng nhập xuất | D40: =SUM(D9:D39) -> 0 | E40: =SUM(E9:E39) -> 0 | F40: =SUM(F9:F39) -> 0 | G40: =SUM(G9:G39) -> 0 | J40: =J39 -> 0 | K40: =K39 -> 0
A41: Tổng cộng | D41: =D8+D40 -> 0 | E41: =E8+E40 -> 0 | F41: =F8+F40 -> 0 | G41: =G8+G40 -> 0 | J41: =D41-F41 -> 0 | K41: =E41-G41 -> 0

Sheet CMC FC3828-TQ
A1: ='FRIT FV 090.540 - FTA'!#REF! -> #REF!
A2: ='FRIT FV 090.540 - FTA'!#REF! -> #REF! | K2: ='FRIT FV 090.540 - FTA'!#REF! -> #REF!
A3: THẺ KHO
D4: Tên hàng hóa: | E4: CMC | H4: Mã hàng: | I4: CMC FC3828
B5: ='FRIT FV 090.540 - FTA'!#REF! -> #REF! | C5: ='FRIT FV 090.540 - FTA'!#REF! -> #REF! | D5: ='FRIT FV 090.540 - FTA'!#REF! -> #REF! | E5: ='FRIT FV 090.540 - FTA'!#REF! -> #REF! | F5: ='FRIT FV 090.540 - FTA'!#REF! -> #REF! | G5: ='FRIT FV 090.540 - FTA'!#REF! -> #REF! | H5: ='FRIT FV 090.540 - FTA'!#REF! -> #REF! | I5: ='FRIT FV 090.540 - FTA'!#REF! -> #REF!
L6: Đơn vị tính: Kg | M6: ='FRIT FV 090.540 - FTA'!#REF! -> #REF!
A7: STT | B7: NGÀY | C7: DIỄN GIẢI | D7: SL NHẬP KHO | F7: SL XUẤT KHO | H7: SL XUẤT TRUNG BÌNH | J7: SL TỒN | L7: SỐ NGÀY TRUNG BÌNH CÒN SỬ DỤNG | N7: ĐỘ ẨM
D8: Quy khô | E8: Thực tế | F8: Quy khô | G8: Quy ướt | H8: Quy khô | I8: Quy ướt | J8: Quy khô | K8: Quy ướt | L8: Quy khô | M8: Quy ướt
A9: Tồn đầu kì | D9: =J9 -> 0 | E9: =K9 -> 0 | J9: =K9-K9*N9 -> 0 | K9: 0
A10: 1 | B10: ='FRIT FV 090.540 - FTA'!B9 -> 46235 | C10: Xuất | G10: =F10 -> 0 | H10: =SUM($F$9:F10)/A10 -> 0 | I10: =SUM($G$9:G10)/A10 -> 0 | J10: =J9+D10-F10 -> 0 | K10: =K9+E10-G10 -> 0 | L10: =J10/H10 -> #DIV/0! | M10: =K10/I10 -> #DIV/0!
A11: 2 | B11: ='FRIT FV 090.540 - FTA'!B10 -> 46236 | C11: ='FRIT VF1101N.A-VNF'!C10 -> Không nhập - xuất | G11: =F11 -> 0 | H11: =SUM($F$9:F11)/A11 -> 0 | I11: =SUM($G$9:G11)/A11 -> 0 | J11: =J10+D11-F11 -> 0 | K11: =K10+E11-G11 -> 0 | L11: =J11/H11 -> #DIV/0! | M11: =K11/I11 -> #DIV/0!
A12: 3 | B12: ='FRIT FV 090.540 - FTA'!B11 -> 46237 | C12: ='FRIT VF1101N.A-VNF'!C11 -> Không nhập - xuất | G12: =F12 -> 0 | H12: =SUM($F$9:F12)/A12 -> 0 | I12: =SUM($G$9:G12)/A12 -> 0 | J12: =J11+D12-F12 -> 0 | K12: =K11+E12-G12 -> 0 | L12: =J12/H12 -> #DIV/0! | M12: =K12/I12 -> #DIV/0!
A13: 4 | B13: ='FRIT FV 090.540 - FTA'!B12 -> 46238 | C13: Không phát sinh | G13: =F13 -> 0 | H13: =SUM($F$9:F13)/A13 -> 0 | I13: =SUM($G$9:G13)/A13 -> 0 | J13: =J12+D13-F13 -> 0 | K13: =K12+E13-G13 -> 0 | L13: =J13/H13 -> #DIV/0! | M13: =K13/I13 -> #DIV/0!
A14: 5 | B14: ='FRIT FV 090.540 - FTA'!B13 -> 46239 | C14: Không phát sinh | G14: =F14 -> 0 | H14: =SUM($F$9:F14)/A14 -> 0 | I14: =SUM($G$9:G14)/A14 -> 0 | J14: =J13+D14-F14 -> 0 | K14: =K13+E14-G14 -> 0 | L14: =J14/H14 -> #DIV/0! | M14: =K14/I14 -> #DIV/0!
A15: 6 | B15: ='FRIT FV 090.540 - FTA'!B14 -> 46240 | C15: Không phát sinh | G15: =F15 -> 0 | H15: =SUM($F$9:F15)/A15 -> 0 | I15: =SUM($G$9:G15)/A15 -> 0 | J15: =J14+D15-F15 -> 0 | K15: =K14+E15-G15 -> 0 | L15: =J15/H15 -> #DIV/0! | M15: =K15/I15 -> #DIV/0!
A16: 7 | B16: ='FRIT FV 090.540 - FTA'!B15 -> 46241 | C16: Không phát sinh | G16: =F16 -> 0 | H16: =SUM($F$9:F16)/A16 -> 0 | I16: =SUM($G$9:G16)/A16 -> 0 | J16: =J15+D16-F16 -> 0 | K16: =K15+E16-G16 -> 0 | L16: =J16/H16 -> #DIV/0! | M16: =K16/I16 -> #DIV/0!
A17: 8 | B17: ='FRIT FV 090.540 - FTA'!B16 -> 46242 | C17: Không phát sinh | G17: =F17 -> 0 | H17: =SUM($F$9:F17)/A17 -> 0 | I17: =SUM($G$9:G17)/A17 -> 0 | J17: =J16+D17-F17 -> 0 | K17: =K16+E17-G17 -> 0 | L17: =J17/H17 -> #DIV/0! | M17: =K17/I17 -> #DIV/0!
A18: 9 | B18: ='FRIT FV 090.540 - FTA'!B17 -> 46243 | C18: Không phát sinh | G18: =F18 -> 0 | H18: =SUM($F$9:F18)/A18 -> 0 | I18: =SUM($G$9:G18)/A18 -> 0 | J18: =J17+D18-F18 -> 0 | K18: =K17+E18-G18 -> 0 | L18: =J18/H18 -> #DIV/0! | M18: =K18/I18 -> #DIV/0!
A19: 10 | B19: ='FRIT FV 090.540 - FTA'!B18 -> 46244 | C19: Không phát sinh | G19: =F19 -> 0 | H19: =SUM($F$9:F19)/A19 -> 0 | I19: =SUM($G$9:G19)/A19 -> 0 | J19: =J18+D19-F19 -> 0 | K19: =K18+E19-G19 -> 0 | L19: =J19/H19 -> #DIV/0! | M19: =K19/I19 -> #DIV/0!
A20: 11 | B20: ='FRIT FV 090.540 - FTA'!B19 -> 46245 | C20: Không phát sinh | G20: =F20 -> 0 | H20: =SUM($F$9:F20)/A20 -> 0 | I20: =SUM($G$9:G20)/A20 -> 0 | J20: =J19+D20-F20 -> 0 | K20: =K19+E20-G20 -> 0 | L20: =J20/H20 -> #DIV/0! | M20: =K20/I20 -> #DIV/0!
A21: 12 | B21: ='FRIT FV 090.540 - FTA'!B20 -> 46246 | C21: Không phát sinh | G21: =F21 -> 0 | H21: =SUM($F$9:F21)/A21 -> 0 | I21: =SUM($G$9:G21)/A21 -> 0 | J21: =J20+D21-F21 -> 0 | K21: =K20+E21-G21 -> 0 | L21: =J21/H21 -> #DIV/0! | M21: =K21/I21 -> #DIV/0!
A22: 13 | B22: ='FRIT FV 090.540 - FTA'!B21 -> 46247 | C22: Không phát sinh | G22: =F22 -> 0 | H22: =SUM($F$9:F22)/A22 -> 0 | I22: =SUM($G$9:G22)/A22 -> 0 | J22: =J21+D22-F22 -> 0 | K22: =K21+E22-G22 -> 0 | L22: =J22/H22 -> #DIV/0! | M22: =K22/I22 -> #DIV/0!
A23: 14 | B23: ='FRIT FV 090.540 - FTA'!B22 -> 46248 | C23: Không phát sinh | G23: =F23 -> 0 | H23: =SUM($F$9:F23)/A23 -> 0 | I23: =SUM($G$9:G23)/A23 -> 0 | J23: =J22+D23-F23 -> 0 | K23: =K22+E23-G23 -> 0 | L23: =J23/H23 -> #DIV/0! | M23: =K23/I23 -> #DIV/0!
A24: 15 | B24: ='FRIT FV 090.540 - FTA'!B23 -> 46249 | C24: Không phát sinh | G24: =F24 -> 0 | H24: =SUM($F$9:F24)/A24 -> 0 | I24: =SUM($G$9:G24)/A24 -> 0 | J24: =J23+D24-F24 -> 0 | K24: =K23+E24-G24 -> 0 | L24: =J24/H24 -> #DIV/0! | M24: =K24/I24 -> #DIV/0!
... A33: 24 | B33: ='FRIT FV 090.540 - FTA'!B32 -> 46258 | C33: Không phát sinh | G33: =F33 -> 0 | H33: =SUM($F$9:F33)/A33 -> 0 | I33: =SUM($G$9:G33)/A33 -> 0 | J33: =J32+D33-F33 -> 0 | K33: =K32+E33-G33 -> 0 | L33: =J33/H33 -> #DIV/0! | M33: =K33/I33 -> #DIV/0!
A34: 25 | B34: ='FRIT FV 090.540 - FTA'!B33 -> 46259 | C34: Không phát sinh | G34: =F34 -> 0 | H34: =SUM($F$9:F33)/A34 -> 0 | I34: =SUM($G$9:G33)/A34 -> 0 | J34: =J33+D34-F34 -> 0 | K34: =K33+E34-G34 -> 0 | L34: =J34/H34 -> #DIV/0! | M34: =K34/I34 -> #DIV/0!
A35: 26 | B35: ='FRIT FV 090.540 - FTA'!B34 -> 46260 | C35: Không phát sinh | G35: =F35 -> 0 | H35: =SUM($F$9:F33)/A35 -> 0 | I35: =SUM($G$9:G33)/A35 -> 0 | J35: =J34+D35-F35 -> 0 | K35: =K34+E35-G35 -> 0 | L35: =J35/H35 -> #DIV/0! | M35: =K35/I35 -> #DIV/0!
A36: 27 | B36: ='FRIT FV 090.540 - FTA'!B35 -> 46261 | C36: Không phát sinh | G36: =F36 -> 0 | H36: =SUM($F$9:F33)/A36 -> 0 | I36: =SUM($G$9:G33)/A36 -> 0 | J36: =J35+D36-F36 -> 0 | K36: =K35+E36-G36 -> 0 | L36: =J36/H36 -> #DIV/0! | M36: =K36/I36 -> #DIV/0!
A37: 28 | B37: ='FRIT FV 090.540 - FTA'!B36 -> 46262 | C37: Không phát sinh | G37: =F37 -> 0 | H37: =SUM($F$9:F33)/A37 -> 0 | I37: =SUM($G$9:G33)/A37 -> 0 | J37: =J36+D37-F37 -> 0 | K37: =K36+E37-G37 -> 0 | L37: =J37/H37 -> #DIV/0! | M37: =K37/I37 -> #DIV/0!
A38: 29 | B38: ='FRIT FV 090.540 - FTA'!B37 -> 46263 | C38: Không phát sinh | G38: =F38 -> 0 | H38: =SUM($F$9:F33)/A38 -> 0 | I38: =SUM($G$9:G33)/A38 -> 0 | J38: =J37+D38-F38 -> 0 | K38: =K37+E38-G38 -> 0 | L38: =J38/H38 -> #DIV/0! | M38: =K38/I38 -> #DIV/0!
A39: 30 | B39: ='FRIT FV 090.540 - FTA'!B38 -> 46264 | C39: Không phát sinh | G39: =F39 -> 0 | H39: =SUM($F$9:F33)/A39 -> 0 | I39: =SUM($G$9:G33)/A39 -> 0 | J39: =J38+D39-F39 -> 0 | K39: =K38+E39-G39 -> 0 | L39: =J39/H39 -> #DIV/0! | M39: =K39/I39 -> #DIV/0!
A40: 31 | B40: ='FRIT FV 090.540 - FTA'!B39 -> 46265 | C40: Không phát sinh | G40: =F40 -> 0 | H40: =SUM($F$9:F33)/A40 -> 0 | I40: =SUM($G$9:G33)/A40 -> 0 | J40: =J39+D40-F40 -> 0 | K40: =K39+E40-G40 -> 0 | L40: =J40/H40 -> #DIV/0! | M40: =K40/I40 -> #DIV/0!
A41: Cộng nhập xuất | D41: =SUM(D10:D40) -> 0 | E41: =SUM(E10:E40) -> 0 | F41: =SUM(F10:F40) -> 0 | G41: =SUM(G10:G40) -> 0 | J41: =J40 -> 0 | K41: =K40 -> 0
A42: Tổng cộng | D42: =D9+D41 -> 0 | E42: =E9+E41 -> 0 | F42: =F9+F41 -> 0 | G42: =G9+G41 -> 0 | J42: =D42-F42 -> 0 | K42: =E42-G42 -> 0
K43: Người Lập
K47: Mai Thúy Hoa

Sheet Bi cao nhôm D40
A1: ='FRIT FV 090.540 - FTA'!#REF! -> #REF!
A2: ='FRIT FV 090.540 - FTA'!#REF! -> #REF! | K2: ='FRIT FV 090.540 - FTA'!#REF! -> #REF!
A3: THẺ KHO
D4: Tên hàng hóa: | E4: BI CAO NHÔM | H4: Mã hàng: | I4: ALUMINA BALLS DIA 40MM 92%
B5: ='FRIT FV 090.540 - FTA'!#REF! -> #REF! | C5: ='FRIT FV 090.540 - FTA'!#REF! -> #REF! | D5: ='FRIT FV 090.540 - FTA'!#REF! -> #REF! | E5: ='FRIT FV 090.540 - FTA'!#REF! -> #REF! | F5: ='FRIT FV 090.540 - FTA'!#REF! -> #REF! | G5: ='FRIT FV 090.540 - FTA'!#REF! -> #REF! | H5: ='FRIT FV 090.540 - FTA'!#REF! -> #REF! | I5: ='FRIT FV 090.540 - FTA'!#REF! -> #REF!
L6: Đơn vị tính: Kg | M6: ='FRIT FV 090.540 - FTA'!#REF! -> #REF!
A7: STT | B7: NGÀY | C7: DIỄN GIẢI | D7: SL NHẬP KHO | F7: SL XUẤT KHO | H7: SL XUẤT TRUNG BÌNH | J7: SL TỒN | L7: SỐ NGÀY TRUNG BÌNH CÒN SỬ DỤNG
D8: Quy khô | E8: Thực tế | F8: Quy khô | G8: Quy ướt | H8: Quy khô | I8: Quy ướt | J8: Quy khô | K8: Quy ướt | L8: Quy khô | M8: Quy ướt
A9: Tồn đầu kì | D9: =J9 -> 0 | E9: =K9 -> 0 | J9: =K9 -> 0 | K9: 0
A10: 1 | B10: ='FRIT FV 090.540 - FTA'!B9 -> 46235 | C10: Không phát sinh | H10: =SUM($F$9:F10)/A10 -> 0 | I10: =SUM($G$9:G10)/A10 -> 0 | J10: =J9+D10-F10 -> 0 | K10: =K9+E10-G10 -> 0 | L10: =J10/H10 -> #DIV/0! | M10: =K10/I10 -> #DIV/0!
A11: 2 | B11: ='FRIT FV 090.540 - FTA'!B10 -> 46236 | C11: Không phát sinh | H11: =SUM($F$9:F11)/A11 -> 0 | I11: =SUM($G$9:G11)/A11 -> 0 | J11: =J10+D11-F11 -> 0 | K11: =K10+E11-G11 -> 0 | L11: =J11/H11 -> #DIV/0! | M11: =K11/I11 -> #DIV/0!
A12: 3 | B12: ='FRIT FV 090.540 - FTA'!B11 -> 46237 | C12: Không phát sinh | H12: =SUM($F$9:F12)/A12 -> 0 | I12: =SUM($G$9:G12)/A12 -> 0 | J12: =J11+D12-F12 -> 0 | K12: =K11+E12-G12 -> 0 | L12: =J12/H12 -> #DIV/0! | M12: =K12/I12 -> #DIV/0!
A13: 4 | B13: ='FRIT FV 090.540 - FTA'!B12 -> 46238 | C13: Không phát sinh | H13: =SUM($F$9:F13)/A13 -> 0 | I13: =SUM($G$9:G13)/A13 -> 0 | J13: =J12+D13-F13 -> 0 | K13: =K12+E13-G13 -> 0 | L13: =J13/H13 -> #DIV/0! | M13: =K13/I13 -> #DIV/0!
A14: 5 | B14: ='FRIT FV 090.540 - FTA'!B13 -> 46239 | C14: Không phát sinh | H14: =SUM($F$9:F14)/A14 -> 0 | I14: =SUM($G$9:G14)/A14 -> 0 | J14: =J13+D14-F14 -> 0 | K14: =K13+E14-G14 -> 0 | L14: =J14/H14 -> #DIV/0! | M14: =K14/I14 -> #DIV/0!
A15: 6 | B15: ='FRIT FV 090.540 - FTA'!B14 -> 46240 | C15: Không phát sinh | H15: =SUM($F$9:F15)/A15 -> 0 | I15: =SUM($G$9:G15)/A15 -> 0 | J15: =J14+D15-F15 -> 0 | K15: =K14+E15-G15 -> 0 | L15: =J15/H15 -> #DIV/0! | M15: =K15/I15 -> #DIV/0!
A16: 7 | B16: ='FRIT FV 090.540 - FTA'!B15 -> 46241 | C16: Không phát sinh | H16: =SUM($F$9:F16)/A16 -> 0 | I16: =SUM($G$9:G16)/A16 -> 0 | J16: =J15+D16-F16 -> 0 | K16: =K15+E16-G16 -> 0 | L16: =J16/H16 -> #DIV/0! | M16: =K16/I16 -> #DIV/0!
A17: 8 | B17: ='FRIT FV 090.540 - FTA'!B16 -> 46242 | C17: Không phát sinh | H17: =SUM($F$9:F17)/A17 -> 0 | I17: =SUM($G$9:G17)/A17 -> 0 | J17: =J16+D17-F17 -> 0 | K17: =K16+E17-G17 -> 0 | L17: =J17/H17 -> #DIV/0! | M17: =K17/I17 -> #DIV/0!
A18: 9 | B18: ='FRIT FV 090.540 - FTA'!B17 -> 46243 | C18: Không phát sinh | H18: =SUM($F$9:F18)/A18 -> 0 | I18: =SUM($G$9:G18)/A18 -> 0 | J18: =J17+D18-F18 -> 0 | K18: =K17+E18-G18 -> 0 | L18: =J18/H18 -> #DIV/0! | M18: =K18/I18 -> #DIV/0!
A19: 10 | B19: ='FRIT FV 090.540 - FTA'!B18 -> 46244 | C19: Không phát sinh | H19: =SUM($F$9:F19)/A19 -> 0 | I19: =SUM($G$9:G19)/A19 -> 0 | J19: =J18+D19-F19 -> 0 | K19: =K18+E19-G19 -> 0 | L19: =J19/H19 -> #DIV/0! | M19: =K19/I19 -> #DIV/0!
A20: 11 | B20: ='FRIT FV 090.540 - FTA'!B19 -> 46245 | C20: Không phát sinh | H20: =SUM($F$9:F20)/A20 -> 0 | I20: =SUM($G$9:G20)/A20 -> 0 | J20: =J19+D20-F20 -> 0 | K20: =K19+E20-G20 -> 0 | L20: =J20/H20 -> #DIV/0! | M20: =K20/I20 -> #DIV/0!
A21: 12 | B21: ='FRIT FV 090.540 - FTA'!B20 -> 46246 | C21: Không phát sinh | H21: =SUM($F$9:F21)/A21 -> 0 | I21: =SUM($G$9:G21)/A21 -> 0 | J21: =J20+D21-F21 -> 0 | K21: =K20+E21-G21 -> 0 | L21: =J21/H21 -> #DIV/0! | M21: =K21/I21 -> #DIV/0!
... A40: 31 | B40: ='FRIT FV 090.540 - FTA'!B39 -> 46265 | C40: Không phát sinh | H40: =SUM($F$9:F40)/A40 -> 0 | I40: =SUM($G$9:G40)/A40 -> 0 | J40: =J39+D40-F40 -> 0 | K40: =K39+E40-G40 -> 0 | L40: =J40/H40 -> #DIV/0! | M40: =K40/I40 -> #DIV/0!
A41: Cộng nhập xuất | D41: =SUM(D10:D40) -> 0 | E41: =SUM(E10:E40) -> 0 | F41: =SUM(F10:F40) -> 0 | G41: =SUM(G10:G40) -> 0 | J41: =J40 -> 0 | K41: =K40 -> 0
A42: Tổng cộng | D42: =D9+D41 -> 0 | E42: =E9+E41 -> 0 | F42: =F9+F41 -> 0 | G42: =G9+G41 -> 0 | J42: =D42-F42 -> 0 | K42: =E42-G42 -> 0
K43: Người Lập
K47: Mai Thúy Hoa

Sheet VT GR TIM AN HA 30X60
A1: ='FRIT FV 090.540 - FTA'!#REF! -> #REF!
A2: ='FRIT FV 090.540 - FTA'!#REF! -> #REF! | I2: ='FRIT FV 090.540 - FTA'!#REF! -> #REF!
A3: ='FRIT FV 090.540 - FTA'!#REF! -> #REF!
D4: Tên hàng hóa: | E4: VỎ THÙNG | G4: Mã hàng: | H4: GRANDCERA TÍM-AH
B5: ='FRIT FV 090.540 - FTA'!#REF! -> #REF! | C5: ='FRIT FV 090.540 - FTA'!#REF! -> #REF! | D5: ='FRIT FV 090.540 - FTA'!#REF! -> #REF! | E5: ='FRIT FV 090.540 - FTA'!#REF! -> #REF! | F5: ='FRIT FV 090.540 - FTA'!#REF! -> #REF! | G5: ='FRIT FV 090.540 - FTA'!#REF! -> #REF! | H5: ='FRIT FV 090.540 - FTA'!#REF! -> #REF! | I5: ='FRIT FV 090.540 - FTA'!#REF! -> #REF!
H6: Đơn vị tính: Cái | I6: THA1
A7: STT | B7: NGÀY | C7: DIỄN GIẢI | D7: SL NHẬP KHO | E7: SL XUẤT KHO | F7: SL XUẤT TRUNG BÌNH | G7: SL TỒN | H7: SỐ NGÀY CÒN SỬ DỤNG | I7: GHI CHÚ
A8: Tồn đầu kì | D8: =G8 -> 0 | E8: =E40 -> 0
A9: 1 | B9: ='FRIT FV 090.540 - FTA'!B9 -> 46235 | C9: KHÔNG XUẤT | F9: =SUM($E$8:E9)/A9 -> 0 | G9: =G8+D9-E9 -> 0 | H9: =G9/10417 -> 0
A10: 2 | B10: ='FRIT FV 090.540 - FTA'!B10 -> 46236 | C10: KHÔNG XUẤT | F10: =SUM($E$8:E10)/A10 -> 0 | G10: =G9+D10-E10 -> 0 | H10: =G10/10417 -> 0
A11: 3 | B11: ='FRIT FV 090.540 - FTA'!B11 -> 46237 | C11: KHÔNG XUẤT | F11: =SUM($E$8:E11)/A11 -> 0 | G11: =G10+D11-E11 -> 0 | H11: =G11/10417 -> 0
A12: 4 | B12: ='FRIT FV 090.540 - FTA'!B12 -> 46238 | C12: KHÔNG XUẤT | F12: =SUM($E$8:E12)/A12 -> 0 | G12: =G11+D12-E12 -> 0 | H12: =G12/10417 -> 0
A13: 5 | B13: ='FRIT FV 090.540 - FTA'!B13 -> 46239 | C13: KHÔNG XUẤT | F13: =SUM($E$8:E13)/A13 -> 0 | G13: =G12+D13-E13 -> 0 | H13: =G13/10417 -> 0
A14: 6 | B14: ='FRIT FV 090.540 - FTA'!B14 -> 46240 | C14: KHÔNG XUẤT | F14: =SUM($E$8:E14)/A14 -> 0 | G14: =G13+D14-E14 -> 0 | H14: =G14/10417 -> 0
A15: 7 | B15: ='FRIT FV 090.540 - FTA'!B15 -> 46241 | C15: KHÔNG XUẤT | F15: =SUM($E$8:E15)/A15 -> 0 | G15: =G14+D15-E15 -> 0 | H15: =G15/10417 -> 0
A16: 8 | B16: ='FRIT FV 090.540 - FTA'!B16 -> 46242 | C16: KHÔNG XUẤT | F16: =SUM($E$8:E16)/A16 -> 0 | G16: =G15+D16-E16 -> 0 | H16: =G16/10417 -> 0
A17: 9 | B17: ='FRIT FV 090.540 - FTA'!B17 -> 46243 | C17: KHÔNG XUẤT | F17: =SUM($E$8:E17)/A17 -> 0 | G17: =G16+D17-E17 -> 0 | H17: =G17/10417 -> 0
A18: 10 | B18: ='FRIT FV 090.540 - FTA'!B18 -> 46244 | C18: KHÔNG XUẤT | F18: =SUM($E$8:E18)/A18 -> 0 | G18: =G17+D18-E18 -> 0 | H18: =G18/10417 -> 0
A19: 11 | B19: ='FRIT FV 090.540 - FTA'!B19 -> 46245 | C19: KHÔNG XUẤT | F19: =SUM($E$8:E19)/A19 -> 0 | G19: =G18+D19-E19 -> 0 | H19: =G19/10417 -> 0
A20: 12 | B20: ='FRIT FV 090.540 - FTA'!B20 -> 46246 | C20: KHÔNG XUẤT | F20: =SUM($E$8:E20)/A20 -> 0 | G20: =G19+D20-E20 -> 0 | H20: =G20/10417 -> 0
... A39: 31 | B39: ='FRIT FV 090.540 - FTA'!B39 -> 46265 | C39: KHÔNG XUẤT | F39: =SUM($E$8:E39)/A39 -> 0 | G39: =G38+D39-E39 -> 0 | H39: =G39/10417 -> 0
A40: Cộng nhập xuất | D40: =SUM(D9:D39) -> 0 | E40: =SUM(E9:E39) -> 0 | G40: =G39 -> 0
A41: Tổng cộng | D41: =D8+D40 -> 0 | E41: =E40 -> 0 | G41: =D41-E41 -> 0
H43: Người Lập
H47: Mai Thúy Hoa

Sheet VO PHE DONG TAY 30X60
A1: ='FRIT FV 090.540 - FTA'!#REF! -> #REF!
A2: ='FRIT FV 090.540 - FTA'!#REF! -> #REF! | I2: ='FRIT FV 090.540 - FTA'!#REF! -> #REF!
A3: ='FRIT FV 090.540 - FTA'!#REF! -> #REF!
D4: Tên hàng hóa: | E4: VỎ THÙNG | G4: Mã hàng: | H4: VỎ KHÔNG IN ĐÓNG TAY
B5: ='FRIT FV 090.540 - FTA'!#REF! -> #REF! | C5: ='FRIT FV 090.540 - FTA'!#REF! -> #REF! | D5: ='FRIT FV 090.540 - FTA'!#REF! -> #REF! | E5: ='FRIT FV 090.540 - FTA'!#REF! -> #REF! | F5: ='FRIT FV 090.540 - FTA'!#REF! -> #REF! | G5: ='FRIT FV 090.540 - FTA'!#REF! -> #REF! | H5: ='FRIT FV 090.540 - FTA'!#REF! -> #REF! | I5: ='FRIT FV 090.540 - FTA'!#REF! -> #REF!
H6: Đơn vị tính: Cái | I6: YN!A1
A7: STT | B7: NGÀY | C7: DIỄN GIẢI | D7: SL NHẬP KHO | E7: SL XUẤT KHO | F7: SL XUẤT TRUNG BÌNH | G7: SL TỒN | H7: SỐ NGÀY CÒN SỬ DỤNG | I7: GHI CHÚ
A8: Tồn đầu kì | D8: =G8 -> 0 | G8: 0
A9: 1 | B9: ='FRIT FV 090.540 - FTA'!B9 -> 46235 | C9: Không phát sinh | F9: =SUM($E$8:E9)/A9 -> 0 | G9: =G8+D9-E9 -> 0 | H9: =G9/F9 -> #DIV/0!
A10: 2 | B10: ='FRIT FV 090.540 - FTA'!B10 -> 46236 | C10: Không phát sinh | F10: =SUM($E$8:E10)/A10 -> 0 | G10: =G9+D10-E10 -> 0 | H10: =G10/F10 -> #DIV/0!
A11: 3 | B11: ='FRIT FV 090.540 - FTA'!B11 -> 46237 | C11: Không phát sinh | F11: =SUM($E$8:E11)/A11 -> 0 | G11: =G10+D11-E11 -> 0 | H11: =G11/F11 -> #DIV/0!
A12: 4 | B12: ='FRIT FV 090.540 - FTA'!B12 -> 46238 | C12: Không phát sinh | F12: =SUM($E$8:E12)/A12 -> 0 | G12: =G11+D12-E12 -> 0 | H12: =G12/F12 -> #DIV/0!
A13: 5 | B13: ='FRIT FV 090.540 - FTA'!B13 -> 46239 | C13: Không phát sinh | F13: =SUM($E$8:E13)/A13 -> 0 | G13: =G12+D13-E13 -> 0 | H13: =G13/F13 -> #DIV/0!
A14: 6 | B14: ='FRIT FV 090.540 - FTA'!B14 -> 46240 | C14: Không phát sinh | F14: =SUM($E$8:E14)/A14 -> 0 | G14: =G13+D14-E14 -> 0 | H14: =G14/F14 -> #DIV/0!
A15: 7 | B15: ='FRIT FV 090.540 - FTA'!B15 -> 46241 | C15: Không phát sinh | F15: =SUM($E$8:E15)/A15 -> 0 | G15: =G14+D15-E15 -> 0 | H15: =G15/F15 -> #DIV/0!
A16: 8 | B16: ='FRIT FV 090.540 - FTA'!B16 -> 46242 | C16: Không phát sinh | F16: =SUM($E$8:E16)/A16 -> 0 | G16: =G15+D16-E16 -> 0 | H16: =G16/F16 -> #DIV/0!
A17: 9 | B17: ='FRIT FV 090.540 - FTA'!B17 -> 46243 | C17: Không phát sinh | F17: =SUM($E$8:E17)/A17 -> 0 | G17: =G16+D17-E17 -> 0 | H17: =G17/F17 -> #DIV/0!
A18: 10 | B18: ='FRIT FV 090.540 - FTA'!B18 -> 46244 | C18: Không phát sinh | F18: =SUM($E$8:E18)/A18 -> 0 | G18: =G17+D18-E18 -> 0 | H18: =G18/F18 -> #DIV/0!
A19: 11 | B19: ='FRIT FV 090.540 - FTA'!B19 -> 46245 | C19: Không phát sinh | F19: =SUM($E$8:E19)/A19 -> 0 | G19: =G18+D19-E19 -> 0 | H19: =G19/F19 -> #DIV/0!
A20: 12 | B20: ='FRIT FV 090.540 - FTA'!B20 -> 46246 | C20: Không phát sinh | F20: =SUM($E$8:E20)/A20 -> 0 | G20: =G19+D20-E20 -> 0 | H20: =G20/F20 -> #DIV/0!
... A39: 31 | B39: ='FRIT FV 090.540 - FTA'!B39 -> 46265 | C39: Không phát sinh | F39: =SUM($E$8:E39)/A39 -> 0 | G39: =G38+D39-E39 -> 0 | H39: =G39/F39 -> #DIV/0!
A40: Cộng nhập xuất | D40: =SUM(D9:D39) -> 0 | E40: =SUM(E9:E39) -> 0
A41: Tổng cộng | D41: =D8+D40 -> 0 | E41: =E8+E40 -> 0 | G41: =D41-E41 -> 0
H43: Người Lập
H47: Mai Thúy Hoa

Sheet VO 30X30 GR XANH
A2: THẺ KHO
E3: Tên hàng hóa: | F3: VỎ THÙNG GR 30X30
B4: ='FRIT FV 090.540 - FTA'!#REF! -> #REF! | C4: ='FRIT FV 090.540 - FTA'!#REF! -> #REF! | D4: ='FRIT FV 090.540 - FTA'!#REF! -> #REF! | E4: ='FRIT FV 090.540 - FTA'!#REF! -> #REF! | F4: ='FRIT FV 090.540 - FTA'!#REF! -> #REF! | G4: ='FRIT FV 090.540 - FTA'!#REF! -> #REF! | H4: ='FRIT FV 090.540 - FTA'!#REF! -> #REF! | I4: ='FRIT FV 090.540 - FTA'!#REF! -> #REF!
H5: Đơn vị tính: Cái | I5: YN!A1
A6: STT | B6: NGÀY | C6: DIỄN GIẢI | D6: SL NHẬP KHO | E6: SL XUẤT KHO | F6: SL XUẤT TRUNG BÌNH | G6: SL TỒN | H6: SỐ NGÀY CÒN SỬ DỤNG
A7: Tồn đầu kì | D7: =G7 -> 0 | G7: 0
A8: 1 | B8: ='FRIT FV 090.540 - FTA'!B9 -> 46235 | C8: Không | F8: =SUM($E$7:E8)/A8 -> 0 | G8: =G7+D8-E8 -> 0 | H8: =G8/((SUM($E$7:E8)/A8)) -> #DIV/0!
A9: 2 | B9: ='FRIT FV 090.540 - FTA'!B10 -> 46236 | C9: Không | F9: =SUM($E$7:E9)/A9 -> 0 | G9: =D8+G8-E9 -> 0 | H9: =G9/((SUM($E$7:E9)/A9)) -> #DIV/0!
A10: 3 | B10: ='FRIT FV 090.540 - FTA'!B11 -> 46237 | C10: Không | F10: =SUM($E$7:E10)/A10 -> 0 | G10: =D9+G9-E10 -> 0 | H10: =G10/((SUM($E$7:E10)/A10)) -> #DIV/0!
A11: 4 | B11: ='FRIT FV 090.540 - FTA'!B12 -> 46238 | C11: Không | F11: =SUM($E$7:E11)/A11 -> 0 | G11: =D10+G10-E11 -> 0 | H11: =G11/((SUM($E$7:E11)/A11)) -> #DIV/0!
A12: 5 | B12: ='FRIT FV 090.540 - FTA'!B13 -> 46239 | C12: Không | F12: =SUM($E$7:E12)/A12 -> 0 | G12: =D11+G11-E12 -> 0 | H12: =G12/((SUM($E$7:E12)/A12)) -> #DIV/0!
A13: 6 | B13: ='FRIT FV 090.540 - FTA'!B14 -> 46240 | C13: Không | F13: =SUM($E$7:E13)/A13 -> 0 | G13: =D12+G12-E13 -> 0 | H13: =G13/((SUM($E$7:E13)/A13)) -> #DIV/0!
A14: 7 | B14: ='FRIT FV 090.540 - FTA'!B15 -> 46241 | C14: Không | F14: =SUM($E$7:E14)/A14 -> 0 | G14: =D13+G13-E14 -> 0 | H14: =G14/((SUM($E$7:E14)/A14)) -> #DIV/0!
A15: 8 | B15: ='FRIT FV 090.540 - FTA'!B16 -> 46242 | C15: Không | F15: =SUM($E$7:E15)/A15 -> 0 | G15: =D14+G14-E15 -> 0 | H15: =G15/((SUM($E$7:E15)/A15)) -> #DIV/0!
A16: 9 | B16: ='FRIT FV 090.540 - FTA'!B17 -> 46243 | C16: Không | F16: =SUM($E$7:E16)/A16 -> 0 | G16: =D15+G15-E16 -> 0 | H16: =G16/((SUM($E$7:E16)/A16)) -> #DIV/0!
A17: 10 | B17: ='FRIT FV 090.540 - FTA'!B18 -> 46244 | C17: Không | F17: =SUM($E$7:E17)/A17 -> 0 | G17: =D16+G16-E17 -> 0 | H17: =G17/((SUM($E$7:E17)/A17)) -> #DIV/0!
A18: 11 | B18: ='FRIT FV 090.540 - FTA'!B19 -> 46245 | C18: Không | F18: =SUM($E$7:E18)/A18 -> 0 | G18: =D17+G17-E18 -> 0 | H18: =G18/((SUM($E$7:E18)/A18)) -> #DIV/0!
A19: 12 | B19: ='FRIT FV 090.540 - FTA'!B20 -> 46246 | C19: Không | F19: =SUM($E$7:E19)/A19 -> 0 | G19: =D18+G18-E19 -> 0 | H19: =G19/((SUM($E$7:E19)/A19)) -> #DIV/0!
A20: 13 | B20: ='FRIT FV 090.540 - FTA'!B21 -> 46247 | C20: Không | F20: =SUM($E$7:E20)/A20 -> 0 | G20: =D19+G19-E20 -> 0 | H20: =G20/((SUM($E$7:E20)/A20)) -> #DIV/0!
... A23: 16 | B23: ='FRIT FV 090.540 - FTA'!B24 -> 46250 | C23: Không | F23: =SUM($E$7:E23)/A23 -> 0 | G23: =D22+G22-E23 -> 0 | H23: =G23/((SUM($E$7:E23)/A23)) -> #DIV/0!
A24: 17 | B24: ='FRIT FV 090.540 - FTA'!B25 -> 46251 | F24: =SUM($E$7:E24)/A24 -> 0 | G24: =D23+G23-E24 -> 0 | H24: =G24/((SUM($E$7:E24)/A24)) -> #DIV/0!
A25: 18 | B25: ='FRIT FV 090.540 - FTA'!B26 -> 46252 | C25: Không | F25: =SUM($E$7:E25)/A25 -> 0 | G25: =D24+G24-E25 -> 0 | H25: =G25/((SUM($E$7:E25)/A25)) -> #DIV/0!
A26: 19 | B26: ='FRIT FV 090.540 - FTA'!B27 -> 46253 | C26: Không | F26: =SUM($E$7:E26)/A26 -> 0 | G26: =D25+G25-E26 -> 0 | H26: =G26/((SUM($E$7:E26)/A26)) -> #DIV/0!
A27: 20 | B27: ='FRIT FV 090.540 - FTA'!B28 -> 46254 | C27: Không | F27: =SUM($E$7:E27)/A27 -> 0 | G27: =D26+G26-E27 -> 0 | H27: =G27/((SUM($E$7:E27)/A27)) -> #DIV/0!
A28: 21 | B28: ='FRIT FV 090.540 - FTA'!B29 -> 46255 | C28: Không | F28: =SUM($E$7:E28)/A28 -> 0 | G28: =D27+G27-E28 -> 0 | H28: =G28/((SUM($E$7:E28)/A28)) -> #DIV/0!
A29: 22 | B29: ='FRIT FV 090.540 - FTA'!B30 -> 46256 | C29: Không | F29: =SUM($E$7:E29)/A29 -> 0 | G29: =D28+G28-E29 -> 0 | H29: =G29/((SUM($E$7:E29)/A29)) -> #DIV/0!
A30: 23 | B30: ='FRIT FV 090.540 - FTA'!B31 -> 46257 | C30: Không | F30: =SUM($E$7:E30)/A30 -> 0 | G30: =D29+G29-E30 -> 0 | H30: =G30/((SUM($E$7:E30)/A30)) -> #DIV/0!
A31: 24 | B31: ='FRIT FV 090.540 - FTA'!B32 -> 46258 | C31: Không | F31: =SUM($E$7:E31)/A31 -> 0 | G31: =D30+G30-E31 -> 0 | H31: =G31/((SUM($E$7:E31)/A31)) -> #DIV/0!
A32: 25 | B32: ='FRIT FV 090.540 - FTA'!B33 -> 46259 | C32: Không | F32: =SUM($E$7:E32)/A32 -> 0 | G32: =D31+G31-E32 -> 0 | H32: =G32/((SUM($E$7:E32)/A32)) -> #DIV/0!
A33: 26 | B33: ='FRIT FV 090.540 - FTA'!B34 -> 46260 | C33: Không | F33: =SUM($E$7:E33)/A33 -> 0 | G33: =D32+G32-E33 -> 0 | H33: =G33/((SUM($E$7:E33)/A33)) -> #DIV/0!
A34: 27 | B34: ='FRIT FV 090.540 - FTA'!B35 -> 46261 | C34: Không | F34: =SUM($E$7:E34)/A34 -> 0 | G34: =D33+G33-E34 -> 0 | H34: =G34/((SUM($E$7:E34)/A34)) -> #DIV/0!
A35: 28 | B35: ='FRIT FV 090.540 - FTA'!B36 -> 46262 | C35: Không | F35: =SUM($E$7:E35)/A35 -> 0 | G35: =D34+G34-E35 -> 0 | H35: =G35/((SUM($E$7:E35)/A35)) -> #DIV/0!
A36: 29 | B36: ='FRIT FV 090.540 - FTA'!B37 -> 46263 | C36: Không | F36: =SUM($E$7:E36)/A36 -> 0 | G36: =D35+G35-E36 -> 0 | H36: =G36/((SUM($E$7:E36)/A36)) -> #DIV/0!
... A38: 31 | B38: ='FRIT FV 090.540 - FTA'!B39 -> 46265 | C38: Không | F38: =SUM($E$7:E38)/A38 -> 0 | G38: =D37+G37-E38 -> 0 | H38: =G38/((SUM($E$7:E38)/A38)) -> #DIV/0!
A39: Cộng nhập xuất | D39: =SUM(D8:D38) -> 0 | E39: =SUM(E8:E38) -> 0 | G39: =G38 -> 0
A40: Tổng cộng | D40: =D7+D39 -> 0 | E40: =E7+E39 -> 0 | G40: =D40-E40 -> 0

Sheet VO 30X30 SAHADO
A2: THẺ KHO
E3: Tên hàng hóa: | F3: VỎ THÙNG SAHADO 30X30
B4: ='FRIT FV 090.540 - FTA'!#REF! -> #REF! | C4: ='FRIT FV 090.540 - FTA'!#REF! -> #REF! | D4: ='FRIT FV 090.540 - FTA'!#REF! -> #REF! | E4: ='FRIT FV 090.540 - FTA'!#REF! -> #REF! | F4: ='FRIT FV 090.540 - FTA'!#REF! -> #REF! | G4: ='FRIT FV 090.540 - FTA'!#REF! -> #REF! | H4: ='FRIT FV 090.540 - FTA'!#REF! -> #REF! | I4: ='FRIT FV 090.540 - FTA'!#REF! -> #REF!
H5: Đơn vị tính: Cái | I5: YN!A1
A6: STT | B6: NGÀY | C6: DIỄN GIẢI | D6: SL NHẬP KHO | E6: SL XUẤT KHO | F6: SL XUẤT TRUNG BÌNH | G6: SL TỒN | H6: SỐ NGÀY CÒN SỬ DỤNG | I6: GHI CHÚ
A7: Tồn đầu kì | D7: =G7 -> 0 | G7: 0
A8: 1 | B8: ='FRIT FV 090.540 - FTA'!B9 -> 46235 | C8: Không | F8: =SUM($E$7:E8)/A8 -> 0 | G8: =G7+D8-E8 -> 0 | H8: =G8/((SUM($E$7:E8)/A8)) -> #DIV/0!
A9: 2 | B9: ='FRIT FV 090.540 - FTA'!B10 -> 46236 | C9: Không | F9: =SUM($E$7:E9)/A9 -> 0 | G9: =D8+G8-E9 -> 0 | H9: =G9/((SUM($E$7:E9)/A9)) -> #DIV/0!
A10: 3 | B10: ='FRIT FV 090.540 - FTA'!B11 -> 46237 | C10: Không | F10: =SUM($E$7:E10)/A10 -> 0 | G10: =D9+G9-E10 -> 0 | H10: =G10/((SUM($E$7:E10)/A10)) -> #DIV/0!
A11: 4 | B11: ='FRIT FV 090.540 - FTA'!B12 -> 46238 | C11: Không | F11: =SUM($E$7:E11)/A11 -> 0 | G11: =D10+G10-E11 -> 0 | H11: =G11/((SUM($E$7:E11)/A11)) -> #DIV/0!
A12: 5 | B12: ='FRIT FV 090.540 - FTA'!B13 -> 46239 | C12: Không | F12: =SUM($E$7:E12)/A12 -> 0 | G12: =D11+G11-E12 -> 0 | H12: =G12/((SUM($E$7:E12)/A12)) -> #DIV/0!
A13: 6 | B13: ='FRIT FV 090.540 - FTA'!B14 -> 46240 | C13: Không | F13: =SUM($E$7:E13)/A13 -> 0 | G13: =D12+G12-E13 -> 0 | H13: =G13/((SUM($E$7:E13)/A13)) -> #DIV/0!
A14: 7 | B14: ='FRIT FV 090.540 - FTA'!B15 -> 46241 | C14: Không | F14: =SUM($E$7:E14)/A14 -> 0 | G14: =D13+G13-E14 -> 0 | H14: =G14/((SUM($E$7:E14)/A14)) -> #DIV/0!
A15: 8 | B15: ='FRIT FV 090.540 - FTA'!B16 -> 46242 | C15: Không | F15: =SUM($E$7:E15)/A15 -> 0 | G15: =D14+G14-E15 -> 0 | H15: =G15/((SUM($E$7:E15)/A15)) -> #DIV/0!
A16: 9 | B16: ='FRIT FV 090.540 - FTA'!B17 -> 46243 | C16: Không | F16: =SUM($E$7:E16)/A16 -> 0 | G16: =D15+G15-E16 -> 0 | H16: =G16/((SUM($E$7:E16)/A16)) -> #DIV/0!
A17: 10 | B17: ='FRIT FV 090.540 - FTA'!B18 -> 46244 | C17: Không | F17: =SUM($E$7:E17)/A17 -> 0 | G17: =D16+G16-E17 -> 0 | H17: =G17/((SUM($E$7:E17)/A17)) -> #DIV/0!
A18: 11 | B18: ='FRIT FV 090.540 - FTA'!B19 -> 46245 | C18: Không | F18: =SUM($E$7:E18)/A18 -> 0 | G18: =D17+G17-E18 -> 0 | H18: =G18/((SUM($E$7:E18)/A18)) -> #DIV/0!
A19: 12 | B19: ='FRIT FV 090.540 - FTA'!B20 -> 46246 | C19: Không | F19: =SUM($E$7:E19)/A19 -> 0 | G19: =D18+G18-E19 -> 0 | H19: =G19/((SUM($E$7:E19)/A19)) -> #DIV/0!
A20: 13 | B20: ='FRIT FV 090.540 - FTA'!B21 -> 46247 | C20: Không | F20: =SUM($E$7:E20)/A20 -> 0 | G20: =D19+G19-E20 -> 0 | H20: =G20/((SUM($E$7:E20)/A20)) -> #DIV/0!
... A38: 31 | B38: ='FRIT FV 090.540 - FTA'!B39 -> 46265 | C38: Không | F38: =SUM($E$7:E38)/A38 -> 0 | G38: =D37+G37-E38 -> 0 | H38: =G38/((SUM($E$7:E38)/A38)) -> #DIV/0!
A39: Cộng nhập xuất | D39: =SUM(D8:D38) -> 0 | E39: =SUM(E8:E38) -> 0 | G39: =G38 -> 0
A40: Tổng cộng | D40: =D7+D39 -> 0 | E40: =E7+E39 -> 0 | G40: =D40-E40 -> 0

Sheet DAY DAI TAY PP
A1: ='FRIT FV 090.540 - FTA'!#REF! -> #REF!
A2: ='FRIT FV 090.540 - FTA'!#REF! -> #REF! | I2: ='FRIT FV 090.540 - FTA'!#REF! -> #REF!
A3: ='FRIT FV 090.540 - FTA'!#REF! -> #REF!
D4: Tên hàng hóa: | E4: DÂY ĐAI TAY | G4: Mã hàng: | H4: PP15
B5: ='FRIT FV 090.540 - FTA'!#REF! -> #REF! | C5: ='FRIT FV 090.540 - FTA'!#REF! -> #REF! | D5: ='FRIT FV 090.540 - FTA'!#REF! -> #REF! | E5: ='FRIT FV 090.540 - FTA'!#REF! -> #REF! | F5: ='FRIT FV 090.540 - FTA'!#REF! -> #REF! | G5: ='FRIT FV 090.540 - FTA'!#REF! -> #REF! | H5: ='FRIT FV 090.540 - FTA'!#REF! -> #REF! | I5: ='FRIT FV 090.540 - FTA'!#REF! -> #REF!
L6: Đơn vị tính: Kg | M6: THA1
A7: STT | B7: NGÀY | C7: DIỄN GIẢI | D7: SL NHẬP KHO | F7: SL XUẤT KHO | H7: SL XUẤT TRUNG BÌNH | J7: SL TỒN | L7: SỐ NGÀY CÒN SỬ DỤNG
D8: KG | E8: CUỘN | F8: KG | G8: CUỘN | H8: KG | I8: CUỘN | J8: KG | K8: CUỘN | L8: KG | M8: CUỘN
A9: Tồn đầu kì | D9: =J9 -> 0 | E9: =K9 -> 0 | J9: 0 | K9: 0
A10: 1 | B10: ='FRIT FV 090.540 - FTA'!B9 -> 46235 | C10: không phát sinh | H10: =SUM($F$9:F10)/A10 -> 0 | I10: =SUM($G$9:G10)/A10 -> 0 | J10: =J9+D10-F10 -> 0 | K10: =K9+E10-G10 -> 0 | L10: =J10/H10 -> #DIV/0! | M10: =K10/I10 -> #DIV/0!
A11: 2 | B11: ='FRIT FV 090.540 - FTA'!B10 -> 46236 | C11: không phát sinh | H11: =SUM($F$9:F11)/A11 -> 0 | I11: =SUM($G$9:G11)/A11 -> 0 | J11: =J10+D11-F11 -> 0 | K11: =K10+E11-G11 -> 0 | L11: =J11/H11 -> #DIV/0! | M11: =K11/I11 -> #DIV/0!
A12: 3 | B12: ='FRIT FV 090.540 - FTA'!B11 -> 46237 | C12: không phát sinh | H12: =SUM($F$9:F12)/A12 -> 0 | I12: =SUM($G$9:G12)/A12 -> 0 | J12: =J11+D12-F12 -> 0 | K12: =K11+E12-G12 -> 0 | L12: =J12/H12 -> #DIV/0! | M12: =K12/I12 -> #DIV/0!
A13: 4 | B13: ='FRIT FV 090.540 - FTA'!B12 -> 46238 | C13: không phát sinh | H13: =SUM($F$9:F13)/A13 -> 0 | I13: =SUM($G$9:G13)/A13 -> 0 | J13: =J12+D13-F13 -> 0 | K13: =K12+E13-G13 -> 0 | L13: =J13/H13 -> #DIV/0! | M13: =K13/I13 -> #DIV/0!
A14: 5 | B14: ='FRIT FV 090.540 - FTA'!B13 -> 46239 | C14: không phát sinh | H14: =SUM($F$9:F14)/A14 -> 0 | I14: =SUM($G$9:G14)/A14 -> 0 | J14: =J13+D14-F14 -> 0 | K14: =K13+E14-G14 -> 0 | L14: =J14/H14 -> #DIV/0! | M14: =K14/I14 -> #DIV/0!
A15: 6 | B15: ='FRIT FV 090.540 - FTA'!B14 -> 46240 | C15: không phát sinh | H15: =SUM($F$9:F15)/A15 -> 0 | I15: =SUM($G$9:G15)/A15 -> 0 | J15: =J14+D15-F15 -> 0 | K15: =K14+E15-G15 -> 0 | L15: =J15/H15 -> #DIV/0! | M15: =K15/I15 -> #DIV/0!
A16: 7 | B16: ='FRIT FV 090.540 - FTA'!B15 -> 46241 | C16: không phát sinh | H16: =SUM($F$9:F16)/A16 -> 0 | I16: =SUM($G$9:G16)/A16 -> 0 | J16: =J15+D16-F16 -> 0 | K16: =K15+E16-G16 -> 0 | L16: =J16/H16 -> #DIV/0! | M16: =K16/I16 -> #DIV/0!
A17: 8 | B17: ='FRIT FV 090.540 - FTA'!B16 -> 46242 | C17: không phát sinh | H17: =SUM($F$9:F17)/A17 -> 0 | I17: =SUM($G$9:G17)/A17 -> 0 | J17: =J16+D17-F17 -> 0 | K17: =K16+E17-G17 -> 0 | L17: =J17/H17 -> #DIV/0! | M17: =K17/I17 -> #DIV/0!
A18: 9 | B18: ='FRIT FV 090.540 - FTA'!B17 -> 46243 | C18: không phát sinh | H18: =SUM($F$9:F18)/A18 -> 0 | I18: =SUM($G$9:G18)/A18 -> 0 | J18: =J17+D18-F18 -> 0 | K18: =K17+E18-G18 -> 0 | L18: =J18/H18 -> #DIV/0! | M18: =K18/I18 -> #DIV/0!
A19: 10 | B19: ='FRIT FV 090.540 - FTA'!B18 -> 46244 | C19: không phát sinh | H19: =SUM($F$9:F19)/A19 -> 0 | I19: =SUM($G$9:G19)/A19 -> 0 | J19: =J18+D19-F19 -> 0 | K19: =K18+E19-G19 -> 0 | L19: =J19/H19 -> #DIV/0! | M19: =K19/I19 -> #DIV/0!
A20: 11 | B20: ='FRIT FV 090.540 - FTA'!B19 -> 46245 | C20: không phát sinh | H20: =SUM($F$9:F20)/A20 -> 0 | I20: =SUM($G$9:G20)/A20 -> 0 | J20: =J19+D20-F20 -> 0 | K20: =K19+E20-G20 -> 0 | L20: =J20/H20 -> #DIV/0! | M20: =K20/I20 -> #DIV/0!
A21: 12 | B21: ='FRIT FV 090.540 - FTA'!B20 -> 46246 | C21: không phát sinh | H21: =SUM($F$9:F21)/A21 -> 0 | I21: =SUM($G$9:G21)/A21 -> 0 | J21: =J20+D21-F21 -> 0 | K21: =K20+E21-G21 -> 0 | L21: =J21/H21 -> #DIV/0! | M21: =K21/I21 -> #DIV/0!
... A40: 31 | B40: ='FRIT FV 090.540 - FTA'!B39 -> 46265 | C40: không phát sinh | H40: =SUM($F$9:F40)/A40 -> 0 | I40: =SUM($G$9:G40)/A40 -> 0 | J40: =J39+D40-F40 -> 0 | K40: =K39+E40-G40 -> 0 | L40: =J40/H40 -> #DIV/0! | M40: =K40/I40 -> #DIV/0!
A41: Cộng nhập xuất | D41: =SUM(D10:D40) -> 0 | E41: =SUM(E10:E40) -> 0 | F41: =SUM(F10:F40) -> 0 | G41: =SUM(G10:G40) -> 0 | J41: =J40 -> 0 | K41: =K40 -> 0
A42: Tổng cộng | D42: =D9+D41 -> 0 | E42: =E9+E41 -> 0 | F42: =F9+F41 -> 0 | G42: =G9+G41 -> 0 | J42: =D42-F42 -> 0 | K42: =E42-G42 -> 0
K44: Người Lập
K48: Mai Thúy Hoa

Sheet  PALLET GLP 105
A1: ='FRIT FV 090.540 - FTA'!#REF! -> #REF!
A2: ='FRIT FV 090.540 - FTA'!#REF! -> #REF! | I2: ='FRIT FV 090.540 - FTA'!#REF! -> #REF!
A3: THẺ KHO
D4: Tên hàng hóa: | E4: PALLET GỖ GLP | G4: Mã hàng: | H4: 1050X1050-GLP
B5: ='FRIT FV 090.540 - FTA'!#REF! -> #REF! | C5: ='FRIT FV 090.540 - FTA'!#REF! -> #REF! | D5: ='FRIT FV 090.540 - FTA'!#REF! -> #REF! | E5: ='FRIT FV 090.540 - FTA'!#REF! -> #REF! | F5: ='FRIT FV 090.540 - FTA'!#REF! -> #REF! | G5: ='FRIT FV 090.540 - FTA'!#REF! -> #REF! | H5: ='FRIT FV 090.540 - FTA'!#REF! -> #REF! | I5: ='FRIT FV 090.540 - FTA'!#REF! -> #REF!
H6: Đơn vị tính: Cái | I6: THA1
A7: STT | B7: NGÀY | C7: DIỄN GIẢI | D7: SL NHẬP KHO | E7: SL XUẤT KHO | F7: SL XUẤT TRUNG BÌNH | G7: SL TỒN | H7: SỐ NGÀY CÒN SỬ DỤNG | I7: GHI CHÚ
A8: Tồn đầu kì | D8: =G8 -> 0 | G8: 0
A9: 1 | B9: ='FRIT FV 090.540 - FTA'!B9 -> 46235 | C9: Không phát sinh | F9: =(SUM($E$8:E9)/A9) -> 0 | G9: =G8+D9-E9 -> 0 | H9: =G9/F9 -> #DIV/0!
A10: 2 | B10: ='FRIT FV 090.540 - FTA'!B10 -> 46236 | C10: Không phát sinh | F10: =(SUM($E$8:E10)/A10) -> 0 | G10: =G9+D10-E10 -> 0 | H10: =G10/F10 -> #DIV/0!
A11: 3 | B11: ='FRIT FV 090.540 - FTA'!B11 -> 46237 | C11: XUẤT | F11: =(SUM($E$8:E11)/A11) -> 0 | G11: =G10+D11-E11 -> 0 | H11: =G11/F11 -> #DIV/0!
A12: 4 | B12: ='FRIT FV 090.540 - FTA'!B12 -> 46238 | C12: Không phát sinh | F12: =(SUM($E$8:E12)/A12) -> 0 | G12: =G11+D12-E12 -> 0 | H12: =G12/F12 -> #DIV/0!
A13: 5 | B13: ='FRIT FV 090.540 - FTA'!B13 -> 46239 | C13: Không phát sinh | F13: =(SUM($E$8:E13)/A13) -> 0 | G13: =G12+D13-E13 -> 0 | H13: =G13/F13 -> #DIV/0!
A14: 6 | B14: ='FRIT FV 090.540 - FTA'!B14 -> 46240 | C14: Không phát sinh | F14: =(SUM($E$8:E14)/A14) -> 0 | G14: =G13+D14-E14 -> 0 | H14: =G14/F14 -> #DIV/0!
A15: 7 | B15: ='FRIT FV 090.540 - FTA'!B15 -> 46241 | C15: Không phát sinh | F15: =(SUM($E$8:E15)/A15) -> 0 | G15: =G14+D15-E15 -> 0 | H15: =G15/F15 -> #DIV/0!
A16: 8 | B16: ='FRIT FV 090.540 - FTA'!B16 -> 46242 | C16: Không phát sinh | F16: =(SUM($E$8:E16)/A16) -> 0 | G16: =G15+D16-E16 -> 0 | H16: =G16/F16 -> #DIV/0!
A17: 9 | B17: ='FRIT FV 090.540 - FTA'!B17 -> 46243 | C17: Không phát sinh | F17: =(SUM($E$8:E17)/A17) -> 0 | G17: =G16+D17-E17 -> 0 | H17: =G17/F17 -> #DIV/0!
A18: 10 | B18: ='FRIT FV 090.540 - FTA'!B18 -> 46244 | C18: Không phát sinh | F18: =(SUM($E$8:E18)/A18) -> 0 | G18: =G17+D18-E18 -> 0 | H18: =G18/F18 -> #DIV/0!
A19: 11 | B19: ='FRIT FV 090.540 - FTA'!B19 -> 46245 | C19: Không phát sinh | F19: =(SUM($E$8:E19)/A19) -> 0 | G19: =G18+D19-E19 -> 0 | H19: =G19/F19 -> #DIV/0!
A20: 12 | B20: ='FRIT FV 090.540 - FTA'!B20 -> 46246 | C20: Không phát sinh | F20: =(SUM($E$8:E20)/A20) -> 0 | G20: =G19+D20-E20 -> 0 | H20: =G20/F20 -> #DIV/0!
... A39: 31 | B39: ='FRIT FV 090.540 - FTA'!B39 -> 46265 | C39: Không phát sinh | F39: =(SUM($E$8:E39)/A39) -> 0 | G39: =G38+D39-E39 -> 0 | H39: =G39/F39 -> #DIV/0!
A40: Cộng nhập xuất | D40: =SUM(D9:D39) -> 0 | E40: =SUM(E9:E39) -> 0 | G40: =G39 -> 0
A41: Tổng cộng | D41: =D40+D8 -> 0 | E41: =E40+E8 -> 0 | G41: =D41-E41 -> 0
H43: Người Lập
H47: Mai Thúy Hoa

Sheet PALLET GPH110
A1: ='FRIT FV 090.540 - FTA'!#REF! -> #REF!
A2: ='FRIT FV 090.540 - FTA'!#REF! -> #REF! | I2: ='FRIT FV 090.540 - FTA'!#REF! -> #REF!
A3: THẺ KHO
D4: Tên hàng hóa: | E4: PALLET GỖ GIA PHÚC HÂN | G4: Mã hàng: | H4: 1100X1100-GPH
B5: ='FRIT FV 090.540 - FTA'!#REF! -> #REF! | C5: ='FRIT FV 090.540 - FTA'!#REF! -> #REF! | D5: ='FRIT FV 090.540 - FTA'!#REF! -> #REF! | E5: ='FRIT FV 090.540 - FTA'!#REF! -> #REF! | F5: ='FRIT FV 090.540 - FTA'!#REF! -> #REF! | G5: ='FRIT FV 090.540 - FTA'!#REF! -> #REF! | H5: ='FRIT FV 090.540 - FTA'!#REF! -> #REF! | I5: ='FRIT FV 090.540 - FTA'!#REF! -> #REF!
H6: Đơn vị tính: Cái | I6: THA1
A7: STT | B7: NGÀY | C7: DIỄN GIẢI | D7: SL NHẬP KHO | E7: SL XUẤT KHO | F7: SL XUẤT TRUNG BÌNH | G7: SL TỒN | H7: SỐ NGÀY CÒN SỬ DỤNG | I7: GHI CHÚ
A8: Tồn đầu kì | D8: =G8 -> 0 | G8: 0
A9: 1 | B9: ='FRIT FV 090.540 - FTA'!B9 -> 46235 | C9: Không phát sinh | F9: =(SUM($E$8:E9)/A9) -> 0 | G9: =G8+D9-E9 -> 0 | H9: =G9/F9 -> #DIV/0! | K9: 2876
A10: 2 | B10: ='FRIT FV 090.540 - FTA'!B10 -> 46236 | C10: Không phát sinh | F10: =(SUM($E$8:E10)/A10) -> 0 | G10: =G9+D10-E10 -> 0 | H10: =G10/F10 -> #DIV/0! | K10: 250 | L10: 43739
A11: 3 | B11: ='FRIT FV 090.540 - FTA'!B11 -> 46237 | C11: Không phát sinh | F11: =(SUM($E$8:E11)/A11) -> 0 | G11: =G10+D11-E11 -> 0 | H11: =G11/F11 -> #DIV/0! | K11: 207 | L11: 43741
A12: 4 | B12: ='FRIT FV 090.540 - FTA'!B12 -> 46238 | C12: xuất | F12: =(SUM($E$8:E12)/A12) -> 0 | G12: =G11+D12-E12 -> 0 | H12: =G12/F12 -> #DIV/0! | K12: 500 | L12: 43742
A13: 5 | B13: ='FRIT FV 090.540 - FTA'!B13 -> 46239 | C13: xuất | F13: =(SUM($E$8:E13)/A13) -> 0 | G13: =G12+D13-E13 -> 0 | H13: =G13/F13 -> #DIV/0! | K13: 250 | L13: 43743
A14: 6 | B14: ='FRIT FV 090.540 - FTA'!B14 -> 46240 | C14: Không phát sinh | F14: =(SUM($E$8:E14)/A14) -> 0 | G14: =G13+D14-E14 -> 0 | H14: =G14/F14 -> #DIV/0! | K14: 250 | L14: 43745
A15: 7 | B15: ='FRIT FV 090.540 - FTA'!B15 -> 46241 | C15: Không phát sinh | F15: =(SUM($E$8:E15)/A15) -> 0 | G15: =G14+D15-E15 -> 0 | H15: =G15/F15 -> #DIV/0! | K15: 250 | L15: 43746
A16: 8 | B16: ='FRIT FV 090.540 - FTA'!B16 -> 46242 | C16: Không phát sinh | F16: =(SUM($E$8:E16)/A16) -> 0 | G16: =G15+D16-E16 -> 0 | H16: =G16/F16 -> #DIV/0! | K16: 250 | L16: 43748
A17: 9 | B17: ='FRIT FV 090.540 - FTA'!B17 -> 46243 | C17: nhập | F17: =(SUM($E$8:E17)/A17) -> 0 | G17: =G16+D17-E17 -> 0 | H17: =G17/F17 -> #DIV/0! | K17: 250 | L17: 43749
A18: 10 | B18: ='FRIT FV 090.540 - FTA'!B18 -> 46244 | C18: Không phát sinh | F18: =(SUM($E$8:E18)/A18) -> 0 | G18: =G17+D18-E18 -> 0 | H18: =G18/F18 -> #DIV/0! | K18: 250 | L18: 43750
A19: 11 | B19: ='FRIT FV 090.540 - FTA'!B19 -> 46245 | C19: Không phát sinh | F19: =(SUM($E$8:E19)/A19) -> 0 | G19: =G18+D19-E19 -> 0 | H19: =G19/F19 -> #DIV/0! | K19: 139 | L19: 43753
A20: 12 | B20: ='FRIT FV 090.540 - FTA'!B20 -> 46246 | C20: xuất | F20: =(SUM($E$8:E20)/A20) -> 0 | G20: =G19+D20-E20 -> 0 | H20: =G20/F20 -> #DIV/0! | K20: =SUM(K9:K19) -> 5472
A21: 13 | B21: ='FRIT FV 090.540 - FTA'!B21 -> 46247 | C21: xuất | F21: =(SUM($E$8:E21)/A21) -> 0 | G21: =G20+D21-E21 -> 0 | H21: =G21/F21 -> #DIV/0!
A22: 14 | B22: ='FRIT FV 090.540 - FTA'!B22 -> 46248 | C22: Không phát sinh | F22: =(SUM($E$8:E22)/A22) -> 0 | G22: =G21+D22-E22 -> 0 | H22: =G22/F22 -> #DIV/0!
A23: 15 | B23: ='FRIT FV 090.540 - FTA'!B23 -> 46249 | C23: Không phát sinh | F23: =(SUM($E$8:E23)/A23) -> 0 | G23: =G22+D23-E23 -> 0 | H23: =G23/F23 -> #DIV/0!
A24: 16 | B24: ='FRIT FV 090.540 - FTA'!B24 -> 46250 | C24: xuất | F24: =(SUM($E$8:E24)/A24) -> 0 | G24: =G23+D24-E24 -> 0 | H24: =G24/F24 -> #DIV/0!
A25: 17 | B25: ='FRIT FV 090.540 - FTA'!B25 -> 46251 | C25: Không phát sinh | F25: =(SUM($E$8:E25)/A25) -> 0 | G25: =G24+D25-E25 -> 0 | H25: =G25/F25 -> #DIV/0!
A26: 18 | B26: ='FRIT FV 090.540 - FTA'!B26 -> 46252 | C26: Không phát sinh | F26: =(SUM($E$8:E26)/A26) -> 0 | G26: =G25+D26-E26 -> 0 | H26: =G26/F26 -> #DIV/0!
A27: 19 | B27: ='FRIT FV 090.540 - FTA'!B27 -> 46253 | C27: Không phát sinh | F27: =(SUM($E$8:E27)/A27) -> 0 | G27: =G26+D27-E27 -> 0 | H27: =G27/F27 -> #DIV/0!
A28: 20 | B28: ='FRIT FV 090.540 - FTA'!B28 -> 46254 | C28: Không phát sinh | F28: =(SUM($E$8:E28)/A28) -> 0 | G28: =G27+D28-E28 -> 0 | H28: =G28/F28 -> #DIV/0!
A29: 21 | B29: ='FRIT FV 090.540 - FTA'!B29 -> 46255 | C29: Không phát sinh | F29: =(SUM($E$8:E29)/A29) -> 0 | G29: =G28+D29-E29 -> 0 | H29: =G29/F29 -> #DIV/0!
A30: 22 | B30: ='FRIT FV 090.540 - FTA'!B30 -> 46256 | C30: Không phát sinh | F30: =(SUM($E$8:E30)/A30) -> 0 | G30: =G29+D30-E30 -> 0 | H30: =G30/F30 -> #DIV/0!
A31: 23 | B31: ='FRIT FV 090.540 - FTA'!B31 -> 46257 | C31: Không phát sinh | F31: =(SUM($E$8:E31)/A31) -> 0 | G31: =G30+D31-E31 -> 0 | H31: =G31/F31 -> #DIV/0!
A32: 24 | B32: ='FRIT FV 090.540 - FTA'!B32 -> 46258 | C32: Không phát sinh | F32: =(SUM($E$8:E32)/A32) -> 0 | G32: =G31+D32-E32 -> 0 | H32: =G32/F32 -> #DIV/0!
... A39: 31 | B39: ='FRIT FV 090.540 - FTA'!B39 -> 46265 | C39: Không phát sinh | F39: =(SUM($E$8:E39)/A39) -> 0 | G39: =G38+D39-E39 -> 0 | H39: =G39/F39 -> #DIV/0!
A40: Cộng nhập xuất | D40: =SUM(D9:D39) -> 0 | E40: =SUM(E9:E39) -> 0 | G40: =G39 -> 0
A41: Tổng cộng | D41: =D40+D8 -> 0 | E41: =E40+E8 -> 0 | G41: =D41-E41 -> 0
H43: Người Lập
H47: Mai Thúy Hoa

Sheet PALLET ITCO MỚI 
A1: ='FRIT FV 090.540 - FTA'!#REF! -> #REF!
A2: ='FRIT FV 090.540 - FTA'!#REF! -> #REF! | I2: ='FRIT FV 090.540 - FTA'!#REF! -> #REF!
A3: THẺ KHO
D4: Tên hàng hóa: | E4: PALLET ITC (MỚI) | G4: Mã hàng:
B5: ='FRIT FV 090.540 - FTA'!#REF! -> #REF! | C5: ='FRIT FV 090.540 - FTA'!#REF! -> #REF! | D5: ='FRIT FV 090.540 - FTA'!#REF! -> #REF! | E5: ='FRIT FV 090.540 - FTA'!#REF! -> #REF! | F5: ='FRIT FV 090.540 - FTA'!#REF! -> #REF! | G5: ='FRIT FV 090.540 - FTA'!#REF! -> #REF! | H5: ='FRIT FV 090.540 - FTA'!#REF! -> #REF! | I5: ='FRIT FV 090.540 - FTA'!#REF! -> #REF!
H6: Đơn vị tính: Cái | I6: THA1
A7: STT | B7: NGÀY | C7: DIỄN GIẢI | D7: SL NHẬP KHO | E7: SL XUẤT KHO | F7: SL XUẤT TRUNG BÌNH | G7: SL TỒN | H7: SỐ NGÀY CÒN SỬ DỤNG | I7: GHI CHÚ | J7: thiên ân | K7: bị trừ
A8: Tồn đầu kì | D8: =G8 -> 0 | G8: 0 | L8: a diệp | M8: bị trừ | N8: hà hiền phát | O8: bị trừ | P8: Tuấn Đức Gia | Q8: Bị trừ
A9: 1 | B9: ='FRIT FV 090.540 - FTA'!B9 -> 46235 | C9: KHÔNG XUẤT | F9: =SUM($E$8:E9)/A9 -> 0 | G9: =G8+D9-E9 -> 0 | H9: =G9/F9 -> #DIV/0!
A10: 2 | B10: ='FRIT FV 090.540 - FTA'!B10 -> 46236 | C10: KHÔNG XUẤT | F10: =SUM($E$8:E10)/A10 -> 0 | G10: =G9+D10-E10 -> 0 | H10: =G10/F10 -> #DIV/0!
A11: 3 | B11: ='FRIT FV 090.540 - FTA'!B11 -> 46237 | C11: KHÔNG XUẤT | F11: =SUM($E$8:E11)/A11 -> 0 | G11: =G10+D11-E11 -> 0 | H11: =G11/F11 -> #DIV/0!
A12: 4 | B12: ='FRIT FV 090.540 - FTA'!B12 -> 46238 | C12: NHẬP | F12: =SUM($E$8:E12)/A12 -> 0 | G12: =G11+D12-E12 -> 0 | H12: =G12/F12 -> #DIV/0!
A13: 5 | B13: ='FRIT FV 090.540 - FTA'!B13 -> 46239 | C13: KHÔNG XUẤT | F13: =SUM($E$8:E13)/A13 -> 0 | G13: =G12+D13-E13 -> 0 | H13: =G13/F13 -> #DIV/0!
A14: 6 | B14: ='FRIT FV 090.540 - FTA'!B14 -> 46240 | C14: NHẬP | F14: =SUM($E$8:E14)/A14 -> 0 | G14: =G13+D14-E14 -> 0 | H14: =G14/F14 -> #DIV/0!
A15: 7 | B15: ='FRIT FV 090.540 - FTA'!B15 -> 46241 | C15: XUẤT | F15: =SUM($E$8:E15)/A15 -> 0 | G15: =G14+D15-E15 -> 0 | H15: =G15/F15 -> #DIV/0!
A16: 8 | B16: ='FRIT FV 090.540 - FTA'!B16 -> 46242 | C16: XUẤT | F16: =SUM($E$8:E16)/A16 -> 0 | G16: =G15+D16-E16 -> 0 | H16: =G16/F16 -> #DIV/0!
A17: 9 | B17: ='FRIT FV 090.540 - FTA'!B17 -> 46243 | C17: KHÔNG XUẤT | F17: =SUM($E$8:E17)/A17 -> 0 | G17: =G16+D17-E17 -> 0 | H17: =G17/F17 -> #DIV/0!
A18: 10 | B18: ='FRIT FV 090.540 - FTA'!B18 -> 46244 | C18: NHẬP | F18: =SUM($E$8:E18)/A18 -> 0 | G18: =G17+D18-E18 -> 0 | H18: =G18/F18 -> #DIV/0!
A19: 11 | B19: ='FRIT FV 090.540 - FTA'!B19 -> 46245 | C19: NHẬP | F19: =SUM($E$8:E19)/A19 -> 0 | G19: =G18+D19-E19 -> 0 | H19: =G19/F19 -> #DIV/0!
A20: 12 | B20: ='FRIT FV 090.540 - FTA'!B20 -> 46246 | C20: KHÔNG XUẤT | F20: =SUM($E$8:E20)/A20 -> 0 | G20: =G19+D20-E20 -> 0 | H20: =G20/F20 -> #DIV/0!
... A39: 31 | B39: ='FRIT FV 090.540 - FTA'!B39 -> 46265 | C39: KHÔNG XUẤT | F39: =SUM($E$8:E39)/A39 -> 0 | G39: =G38+D39-E39 -> 0 | H39: =G39/F39 -> #DIV/0!
A40: Cộng nhập xuất | D40: =SUM(D9:D39) -> 0 | E40: =SUM(E9:E39) -> 0 | G40: =G39 -> 0 | J40: =SUM(J9:J39) -> 0 | K40: =SUM(K9:K39) -> 0 | L40: =SUM(L9:L39) -> 0 | M40: =SUM(M9:M39) -> 0 | N40: =SUM(N9:N39) -> 0 | O40: =SUM(O9:O39) -> 0 | P40: =SUM(P9:P39) -> 0 | Q40: =SUM(Q9:Q39) -> 0
A41: Tổng cộng | D41: =D40+D8 -> 0 | E41: =E40+E8 -> 0 | G41: =D41-E41 -> 0
H43: Người Lập
D46: =D40 -> 0 | J46: =J40+L40+N40+P40 -> 0 | K46: =K40+M40+O40+Q40 -> 0 | L46: =J46-K46 -> 0
H47: Mai Thúy Hoa

Sheet PALLET GIA KIM TÍN
A1: ='FRIT FV 090.540 - FTA'!#REF! -> #REF!
A2: ='FRIT FV 090.540 - FTA'!#REF! -> #REF! | I2: ='FRIT FV 090.540 - FTA'!#REF! -> #REF!
A3: THẺ KHO
D4: Tên hàng hóa: | E4: PALLET GỖ GIA KIM TÍN | G4: Mã hàng:
B5: ='FRIT FV 090.540 - FTA'!#REF! -> #REF! | C5: ='FRIT FV 090.540 - FTA'!#REF! -> #REF! | D5: ='FRIT FV 090.540 - FTA'!#REF! -> #REF! | E5: ='FRIT FV 090.540 - FTA'!#REF! -> #REF! | F5: ='FRIT FV 090.540 - FTA'!#REF! -> #REF! | G5: ='FRIT FV 090.540 - FTA'!#REF! -> #REF! | H5: ='FRIT FV 090.540 - FTA'!#REF! -> #REF! | I5: ='FRIT FV 090.540 - FTA'!#REF! -> #REF!
H6: Đơn vị tính: Cái | I6: THA1
A7: STT | B7: NGÀY | C7: DIỄN GIẢI | D7: SL NHẬP KHO | E7: SL XUẤT KHO | F7: SL XUẤT TRUNG BÌNH | G7: SL TỒN | H7: SỐ NGÀY CÒN SỬ DỤNG | I7: GHI CHÚ
A8: Tồn đầu kì | D8: 0 | G8: 0
A9: 1 | B9: ='FRIT FV 090.540 - FTA'!B9 -> 46235 | C9: nhập | F9: =SUM($E$8:E9)/A9 -> 0 | G9: =G8+D9-E9 -> 0 | H9: =G9/F9 -> #DIV/0!
A10: 2 | B10: ='FRIT FV 090.540 - FTA'!B10 -> 46236 | C10: xuất | F10: =SUM($E$8:E10)/A10 -> 0 | G10: =G9+D10-E10 -> 0 | H10: =G10/F10 -> #DIV/0!
A11: 3 | B11: ='FRIT FV 090.540 - FTA'!B11 -> 46237 | C11: không phát sinh | F11: =SUM($E$8:E11)/A11 -> 0 | G11: =G10+D11-E11 -> 0 | H11: =G11/F11 -> #DIV/0!
A12: 4 | B12: ='FRIT FV 090.540 - FTA'!B12 -> 46238 | C12: không phát sinh | F12: =SUM($E$8:E12)/A12 -> 0 | G12: =G11+D12-E12 -> 0 | H12: =G12/F12 -> #DIV/0!
A13: 5 | B13: ='FRIT FV 090.540 - FTA'!B13 -> 46239 | C13: nhập | F13: =SUM($E$8:E13)/A13 -> 0 | G13: =G12+D13-E13 -> 0 | H13: =G13/F13 -> #DIV/0!
A14: 6 | B14: ='FRIT FV 090.540 - FTA'!B14 -> 46240 | C14: nhập | F14: =SUM($E$8:E14)/A14 -> 0 | G14: =G13+D14-E14 -> 0 | H14: =G14/F14 -> #DIV/0!
A15: 7 | B15: ='FRIT FV 090.540 - FTA'!B15 -> 46241 | C15: xuất | F15: =SUM($E$8:E15)/A15 -> 0 | G15: =G14+D15-E15 -> 0 | H15: =G15/F15 -> #DIV/0!
A16: 8 | B16: ='FRIT FV 090.540 - FTA'!B16 -> 46242 | C16: không phát sinh | F16: =SUM($E$8:E16)/A16 -> 0 | G16: =G15+D16-E16 -> 0 | H16: =G16/F16 -> #DIV/0!
A17: 9 | B17: ='FRIT FV 090.540 - FTA'!B17 -> 46243 | C17: không phát sinh | F17: =SUM($E$8:E17)/A17 -> 0 | G17: =G16+D17-E17 -> 0 | H17: =G17/F17 -> #DIV/0!
A18: 10 | B18: ='FRIT FV 090.540 - FTA'!B18 -> 46244 | C18: không phát sinh | F18: =SUM($E$8:E18)/A18 -> 0 | G18: =G17+D18-E18 -> 0 | H18: =G18/F18 -> #DIV/0!
A19: 11 | B19: ='FRIT FV 090.540 - FTA'!B19 -> 46245 | C19: không phát sinh | F19: =SUM($E$8:E19)/A19 -> 0 | G19: =G18+D19-E19 -> 0 | H19: =G19/F19 -> #DIV/0!
A20: 12 | B20: ='FRIT FV 090.540 - FTA'!B20 -> 46246 | C20: nhập | F20: =SUM($E$8:E20)/A20 -> 0 | G20: =G19+D20-E20 -> 0 | H20: =G20/F20 -> #DIV/0!
... A39: 31 | B39: ='FRIT FV 090.540 - FTA'!B39 -> 46265 | C39: xuất | F39: =SUM($E$8:E39)/A39 -> 0 | G39: =G38+D39-E39 -> 0 | H39: =G39/F39 -> #DIV/0!
A40: Cộng nhập xuất | D40: =SUM(D9:D39) -> 0 | E40: =SUM(E9:E39) -> 0 | G40: =G39 -> 0
A41: Tổng cộng | D41: =D40+D8 -> 0 | E41: =E40+E8 -> 0 | G41: =D41-E41 -> 0
H43: Người Lập
H47: Mai Thúy Hoa

Sheet NEP GO PQ
A1: ='FRIT FV 090.540 - FTA'!#REF! -> #REF!
A2: ='FRIT FV 090.540 - FTA'!#REF! -> #REF! | I2: ='FRIT FV 090.540 - FTA'!#REF! -> #REF!
A3: THẺ KHO
D4: Tên hàng hóa: | E4: NẸP GỖ PQ | G4: Mã hàng: | H4: 900x70x16-PQ
B5: ='FRIT FV 090.540 - FTA'!#REF! -> #REF! | C5: ='FRIT FV 090.540 - FTA'!#REF! -> #REF! | D5: ='FRIT FV 090.540 - FTA'!#REF! -> #REF! | E5: ='FRIT FV 090.540 - FTA'!#REF! -> #REF! | F5: ='FRIT FV 090.540 - FTA'!#REF! -> #REF! | G5: ='FRIT FV 090.540 - FTA'!#REF! -> #REF! | H5: ='FRIT FV 090.540 - FTA'!#REF! -> #REF! | I5: ='FRIT FV 090.540 - FTA'!#REF! -> #REF!
H6: Đơn vị tính: Cái | I6: THA1
A7: STT | B7: NGÀY | C7: DIỄN GIẢI | D7: SL NHẬP KHO | E7: SL XUẤT KHO | F7: SL XUẤT TRUNG BÌNH | G7: SL TỒN | H7: SỐ NGÀY CÒN SỬ DỤNG | I7: GHI CHÚ
A8: Tồn đầu kì | D8: =G8 -> 0 | G8: 0
A9: 1 | B9: ='FRIT FV 090.540 - FTA'!B9 -> 46235 | C9: KHÔNG XUẤT | F9: =SUM($E$8:E9)/A9 -> 0 | G9: =G8+D9-E9 -> 0 | H9: =G9/695 -> 0
A10: 2 | B10: ='FRIT FV 090.540 - FTA'!B10 -> 46236 | C10: KHÔNG XUẤT | F10: =SUM($E$8:E10)/A10 -> 0 | G10: =G9+D10-E10 -> 0 | H10: =G10/695 -> 0
A11: 3 | B11: ='FRIT FV 090.540 - FTA'!B11 -> 46237 | C11: KHÔNG XUẤT | F11: =SUM($E$8:E11)/A11 -> 0 | G11: =G10+D11-E11 -> 0 | H11: =G11/695 -> 0
A12: 4 | B12: ='FRIT FV 090.540 - FTA'!B12 -> 46238 | C12: KHÔNG XUẤT | F12: =SUM($E$8:E12)/A12 -> 0 | G12: =G11+D12-E12 -> 0 | H12: =G12/695 -> 0
A13: 5 | B13: ='FRIT FV 090.540 - FTA'!B13 -> 46239 | C13: KHÔNG XUẤT | F13: =SUM($E$8:E13)/A13 -> 0 | G13: =G12+D13-E13 -> 0 | H13: =G13/695 -> 0
A14: 6 | B14: ='FRIT FV 090.540 - FTA'!B14 -> 46240 | C14: KHÔNG XUẤT | F14: =SUM($E$8:E14)/A14 -> 0 | G14: =G13+D14-E14 -> 0 | H14: =G14/695 -> 0
A15: 7 | B15: ='FRIT FV 090.540 - FTA'!B15 -> 46241 | C15: NHẬP | F15: =SUM($E$8:E15)/A15 -> 0 | G15: =G14+D15-E15 -> 0 | H15: =G15/695 -> 0
A16: 8 | B16: ='FRIT FV 090.540 - FTA'!B16 -> 46242 | C16: KHÔNG XUẤT | F16: =SUM($E$8:E16)/A16 -> 0 | G16: =G15+D16-E16 -> 0 | H16: =G16/695 -> 0
A17: 9 | B17: ='FRIT FV 090.540 - FTA'!B17 -> 46243 | C17: KHÔNG XUẤT | F17: =SUM($E$8:E17)/A17 -> 0 | G17: =G16+D17-E17 -> 0 | H17: =G17/695 -> 0
A18: 10 | B18: ='FRIT FV 090.540 - FTA'!B18 -> 46244 | C18: KHÔNG XUẤT | F18: =SUM($E$8:E18)/A18 -> 0 | G18: =G17+D18-E18 -> 0 | H18: =G18/695 -> 0
A19: 11 | B19: ='FRIT FV 090.540 - FTA'!B19 -> 46245 | C19: NHẬP | F19: =SUM($E$8:E19)/A19 -> 0 | G19: =G18+D19-E19 -> 0 | H19: =G19/695 -> 0
A20: 12 | B20: ='FRIT FV 090.540 - FTA'!B20 -> 46246 | C20: KHÔNG XUẤT | F20: =SUM($E$8:E20)/A20 -> 0 | G20: =G19+D20-E20 -> 0 | H20: =G20/695 -> 0
... A39: 31 | B39: ='FRIT FV 090.540 - FTA'!B39 -> 46265 | C39: KHÔNG XUẤT | F39: =SUM($E$8:E39)/A39 -> 0 | G39: =G38+D39-E39 -> 0 | H39: =G39/695 -> 0
A40: Cộng nhập xuất | D40: =SUM(D9:D39) -> 0 | E40: =SUM(E9:E39) -> 0 | G40: =G39 -> 0
A41: Tổng cộng | D41: =D40+D8 -> 0 | E41: =E40+E8 -> 0 | G41: =D41-E41 -> 0
H43: Người Lập
H47: Mai Thúy Hoa

Sheet NEP GO GIA KIM TÍN
A1: ='FRIT FV 090.540 - FTA'!#REF! -> #REF!
A2: ='FRIT FV 090.540 - FTA'!#REF! -> #REF! | I2: ='FRIT FV 090.540 - FTA'!#REF! -> #REF!
A3: THẺ KHO
D4: Tên hàng hóa: | E4: NẸP GỖ GIA KIM TÍN | G4: Mã hàng: | H4: 900x70x16-GKT
B5: ='FRIT FV 090.540 - FTA'!#REF! -> #REF! | C5: ='FRIT FV 090.540 - FTA'!#REF! -> #REF! | D5: ='FRIT FV 090.540 - FTA'!#REF! -> #REF! | E5: ='FRIT FV 090.540 - FTA'!#REF! -> #REF! | F5: ='FRIT FV 090.540 - FTA'!#REF! -> #REF! | G5: ='FRIT FV 090.540 - FTA'!#REF! -> #REF! | H5: ='FRIT FV 090.540 - FTA'!#REF! -> #REF! | I5: ='FRIT FV 090.540 - FTA'!#REF! -> #REF!
H6: Đơn vị tính: Cái | I6: THA1
A7: STT | B7: NGÀY | C7: DIỄN GIẢI | D7: SL NHẬP KHO | E7: SL XUẤT KHO | F7: SL XUẤT TRUNG BÌNH | G7: SL TỒN | H7: SỐ NGÀY CÒN SỬ DỤNG | I7: GHI CHÚ
A8: Tồn đầu kì | D8: =G8 -> 0 | G8: 0
A9: 1 | B9: ='FRIT FV 090.540 - FTA'!B9 -> 46235 | C9: KHÔNG XUẤT | F9: =(SUM($E$8:E9))/A9 -> 0 | G9: =G8+D9-E9 -> 0 | H9: =G9/695 -> 0
A10: 2 | B10: ='FRIT FV 090.540 - FTA'!B10 -> 46236 | C10: KHÔNG XUẤT | F10: =(SUM($E$8:E10))/A10 -> 0 | G10: =G9+D10-E10 -> 0 | H10: =G10/695 -> 0
A11: 3 | B11: ='FRIT FV 090.540 - FTA'!B11 -> 46237 | C11: KHÔNG XUẤT | F11: =(SUM($E$8:E11))/A11 -> 0 | G11: =G10+D11-E11 -> 0 | H11: =G11/695 -> 0
A12: 4 | B12: ='FRIT FV 090.540 - FTA'!B12 -> 46238 | C12: KHÔNG XUẤT | F12: =(SUM($E$8:E12))/A12 -> 0 | G12: =G11+D12-E12 -> 0 | H12: =G12/695 -> 0
A13: 5 | B13: ='FRIT FV 090.540 - FTA'!B13 -> 46239 | C13: KHÔNG XUẤT | F13: =(SUM($E$8:E13))/A13 -> 0 | G13: =G12+D13-E13 -> 0 | H13: =G13/695 -> 0
A14: 6 | B14: ='FRIT FV 090.540 - FTA'!B14 -> 46240 | C14: KHÔNG XUẤT | F14: =(SUM($E$8:E14))/A14 -> 0 | G14: =G13+D14-E14 -> 0 | H14: =G14/695 -> 0
A15: 7 | B15: ='FRIT FV 090.540 - FTA'!B15 -> 46241 | C15: KHÔNG XUẤT | F15: =(SUM($E$8:E15))/A15 -> 0 | G15: =G14+D15-E15 -> 0 | H15: =G15/695 -> 0
A16: 8 | B16: ='FRIT FV 090.540 - FTA'!B16 -> 46242 | C16: KHÔNG XUẤT | F16: =(SUM($E$8:E16))/A16 -> 0 | G16: =G15+D16-E16 -> 0 | H16: =G16/695 -> 0
A17: 9 | B17: ='FRIT FV 090.540 - FTA'!B17 -> 46243 | C17: KHÔNG XUẤT | F17: =(SUM($E$8:E17))/A17 -> 0 | G17: =G16+D17-E17 -> 0 | H17: =G17/695 -> 0
A18: 10 | B18: ='FRIT FV 090.540 - FTA'!B18 -> 46244 | C18: KHÔNG XUẤT | F18: =(SUM($E$8:E18))/A18 -> 0 | G18: =G17+D18-E18 -> 0 | H18: =G18/695 -> 0
A19: 11 | B19: ='FRIT FV 090.540 - FTA'!B19 -> 46245 | C19: KHÔNG XUẤT | F19: =(SUM($E$8:E19))/A19 -> 0 | G19: =G18+D19-E19 -> 0 | H19: =G19/695 -> 0
A20: 12 | B20: ='FRIT FV 090.540 - FTA'!B20 -> 46246 | C20: KHÔNG XUẤT | F20: =(SUM($E$8:E20))/A20 -> 0 | G20: =G19+D20-E20 -> 0 | H20: =G20/695 -> 0
... A39: 31 | B39: ='FRIT FV 090.540 - FTA'!B39 -> 46265 | C39: KHÔNG XUẤT | F39: =(SUM($E$8:E39))/A39 -> 0 | G39: =G38+D39-E39 -> 0 | H39: =G39/695 -> 0
A40: Cộng nhập xuất | D40: =SUM(D9:D39) -> 0 | E40: =SUM(E9:E39) -> 0 | G40: =G39 -> 0
A41: Tổng cộng | D41: =D40+D8 -> 0 | E41: =E40+E8 -> 0 | G41: =D41-E41 -> 0
H43: Người Lập
H47: Mai Thúy Hoa

Sheet NEP GO ITC
A1: ='FRIT FV 090.540 - FTA'!#REF! -> #REF!
A2: ='FRIT FV 090.540 - FTA'!#REF! -> #REF! | I2: ='FRIT FV 090.540 - FTA'!#REF! -> #REF!
A3: THẺ KHO
D4: Tên hàng hóa: | E4: NẸP GỖ ITC | G4: Mã hàng: | H4: 900x70x16-ITC
B5: ='FRIT FV 090.540 - FTA'!#REF! -> #REF! | C5: ='FRIT FV 090.540 - FTA'!#REF! -> #REF! | D5: ='FRIT FV 090.540 - FTA'!#REF! -> #REF! | E5: ='FRIT FV 090.540 - FTA'!#REF! -> #REF! | F5: ='FRIT FV 090.540 - FTA'!#REF! -> #REF! | G5: ='FRIT FV 090.540 - FTA'!#REF! -> #REF! | H5: ='FRIT FV 090.540 - FTA'!#REF! -> #REF! | I5: ='FRIT FV 090.540 - FTA'!#REF! -> #REF!
H6: Đơn vị tính: Cái | I6: THA1
A7: STT | B7: NGÀY | C7: DIỄN GIẢI | D7: SL NHẬP KHO | E7: SL XUẤT KHO | F7: SL XUẤT TRUNG BÌNH | G7: SL TỒN | H7: SỐ NGÀY CÒN SỬ DỤNG | I7: GHI CHÚ
A8: Tồn đầu kì | D8: =G8 -> 0 | G8: 0
A9: 1 | B9: ='FRIT FV 090.540 - FTA'!B9 -> 46235 | C9: KHÔNG XUẤT | F9: =SUM($E$8:E9)/A9 -> 0 | G9: =G8+D9-E9 -> 0 | H9: =G9/695 -> 0
A10: 2 | B10: ='FRIT FV 090.540 - FTA'!B10 -> 46236 | C10: KHÔNG XUẤT | F10: =SUM($E$8:E10)/A10 -> 0 | G10: =G9+D10-E10 -> 0 | H10: =G10/695 -> 0
A11: 3 | B11: ='FRIT FV 090.540 - FTA'!B11 -> 46237 | C11: KHÔNG XUẤT | F11: =SUM($E$8:E11)/A11 -> 0 | G11: =G10+D11-E11 -> 0 | H11: =G11/695 -> 0
A12: 4 | B12: ='FRIT FV 090.540 - FTA'!B12 -> 46238 | C12: KHÔNG XUẤT | F12: =SUM($E$8:E12)/A12 -> 0 | G12: =G11+D12-E12 -> 0 | H12: =G12/695 -> 0
A13: 5 | B13: ='FRIT FV 090.540 - FTA'!B13 -> 46239 | C13: KHÔNG XUẤT | F13: =SUM($E$8:E13)/A13 -> 0 | G13: =G12+D13-E13 -> 0 | H13: =G13/695 -> 0
A14: 6 | B14: ='FRIT FV 090.540 - FTA'!B14 -> 46240 | C14: KHÔNG XUẤT | F14: =SUM($E$8:E14)/A14 -> 0 | G14: =G13+D14-E14 -> 0 | H14: =G14/695 -> 0
A15: 7 | B15: ='FRIT FV 090.540 - FTA'!B15 -> 46241 | C15: KHÔNG XUẤT | F15: =SUM($E$8:E15)/A15 -> 0 | G15: =G14+D15-E15 -> 0 | H15: =G15/695 -> 0
A16: 8 | B16: ='FRIT FV 090.540 - FTA'!B16 -> 46242 | C16: KHÔNG XUẤT | F16: =SUM($E$8:E16)/A16 -> 0 | G16: =G15+D16-E16 -> 0 | H16: =G16/695 -> 0
A17: 9 | B17: ='FRIT FV 090.540 - FTA'!B17 -> 46243 | C17: KHÔNG XUẤT | F17: =SUM($E$8:E17)/A17 -> 0 | G17: =G16+D17-E17 -> 0 | H17: =G17/695 -> 0
A18: 10 | B18: ='FRIT FV 090.540 - FTA'!B18 -> 46244 | C18: KHÔNG XUẤT | F18: =SUM($E$8:E18)/A18 -> 0 | G18: =G17+D18-E18 -> 0 | H18: =G18/695 -> 0
A19: 11 | B19: ='FRIT FV 090.540 - FTA'!B19 -> 46245 | C19: KHÔNG XUẤT | F19: =SUM($E$8:E19)/A19 -> 0 | G19: =G18+D19-E19 -> 0 | H19: =G19/695 -> 0
A20: 12 | B20: ='FRIT FV 090.540 - FTA'!B20 -> 46246 | C20: KHÔNG XUẤT | F20: =SUM($E$8:E20)/A20 -> 0 | G20: =G19+D20-E20 -> 0 | H20: =G20/695 -> 0
... A39: 31 | B39: ='FRIT FV 090.540 - FTA'!B39 -> 46265 | C39: KHÔNG XUẤT | F39: =SUM($E$8:E39)/A39 -> 0 | G39: =G38+D39-E39 -> 0 | H39: =G39/695 -> 0
A40: Cộng nhập xuất | D40: =SUM(D9:D39) -> 0 | E40: =SUM(E9:E39) -> 0 | G40: =G39 -> 0
A41: Tổng cộng | D41: =D40+D8 -> 0 | E41: =E40+E8 -> 0 | G41: =D41-E41 -> 0
H43: Người Lập
H47: Mai Thúy Hoa

Sheet NEP GO GLP
A1: ='FRIT FV 090.540 - FTA'!#REF! -> #REF!
A2: ='FRIT FV 090.540 - FTA'!#REF! -> #REF! | I2: ='FRIT FV 090.540 - FTA'!#REF! -> #REF!
A3: THẺ KHO
D4: Tên hàng hóa: | E4: NẸP GỖ GLP | G4: Mã hàng: | H4: 900x70x16-GLP
B5: ='FRIT FV 090.540 - FTA'!#REF! -> #REF! | C5: ='FRIT FV 090.540 - FTA'!#REF! -> #REF! | D5: ='FRIT FV 090.540 - FTA'!#REF! -> #REF! | E5: ='FRIT FV 090.540 - FTA'!#REF! -> #REF! | F5: ='FRIT FV 090.540 - FTA'!#REF! -> #REF! | G5: ='FRIT FV 090.540 - FTA'!#REF! -> #REF! | H5: ='FRIT FV 090.540 - FTA'!#REF! -> #REF! | I5: ='FRIT FV 090.540 - FTA'!#REF! -> #REF!
H6: Đơn vị tính: Cái | I6: THA1
A7: STT | B7: NGÀY | C7: DIỄN GIẢI | D7: SL NHẬP KHO | E7: SL XUẤT KHO | F7: SL XUẤT TRUNG BÌNH | G7: SL TỒN | H7: SỐ NGÀY CÒN SỬ DỤNG | I7: GHI CHÚ
A8: Tồn đầu kì | D8: =G8 -> 0 | G8: 0
A9: 1 | B9: ='FRIT FV 090.540 - FTA'!B9 -> 46235 | C9: nhập | F9: =SUM($E$8:E9)/A9 -> 0 | G9: =G8+D9-E9 -> 0 | H9: =G9/695 -> 0
A10: 2 | B10: ='FRIT FV 090.540 - FTA'!B10 -> 46236 | C10: không phát sinh | F10: =SUM($E$8:E10)/A10 -> 0 | G10: =G9+D10-E10 -> 0 | H10: =G10/695 -> 0
A11: 3 | B11: ='FRIT FV 090.540 - FTA'!B11 -> 46237 | C11: không phát sinh | F11: =SUM($E$8:E11)/A11 -> 0 | G11: =G10+D11-E11 -> 0 | H11: =G11/695 -> 0
A12: 4 | B12: ='FRIT FV 090.540 - FTA'!B12 -> 46238 | C12: không phát sinh | F12: =SUM($E$8:E12)/A12 -> 0 | G12: =G11+D12-E12 -> 0 | H12: =G12/695 -> 0
A13: 5 | B13: ='FRIT FV 090.540 - FTA'!B13 -> 46239 | C13: không phát sinh | F13: =SUM($E$8:E13)/A13 -> 0 | G13: =G12+D13-E13 -> 0 | H13: =G13/695 -> 0
A14: 6 | B14: ='FRIT FV 090.540 - FTA'!B14 -> 46240 | C14: không phát sinh | F14: =SUM($E$8:E14)/A14 -> 0 | G14: =G13+D14-E14 -> 0 | H14: =G14/695 -> 0
A15: 7 | B15: ='FRIT FV 090.540 - FTA'!B15 -> 46241 | C15: không phát sinh | F15: =SUM($E$8:E15)/A15 -> 0 | G15: =G14+D15-E15 -> 0 | H15: =G15/695 -> 0
A16: 8 | B16: ='FRIT FV 090.540 - FTA'!B16 -> 46242 | C16: xuất | F16: =SUM($E$8:E16)/A16 -> 0 | G16: =G15+D16-E16 -> 0 | H16: =G16/695 -> 0
A17: 9 | B17: ='FRIT FV 090.540 - FTA'!B17 -> 46243 | C17: không phát sinh | F17: =SUM($E$8:E17)/A17 -> 0 | G17: =G16+D17-E17 -> 0 | H17: =G17/695 -> 0
A18: 10 | B18: ='FRIT FV 090.540 - FTA'!B18 -> 46244 | C18: không phát sinh | F18: =SUM($E$8:E18)/A18 -> 0 | G18: =G17+D18-E18 -> 0 | H18: =G18/695 -> 0
A19: 11 | B19: ='FRIT FV 090.540 - FTA'!B19 -> 46245 | C19: không phát sinh | F19: =SUM($E$8:E19)/A19 -> 0 | G19: =G18+D19-E19 -> 0 | H19: =G19/695 -> 0
A20: 12 | B20: ='FRIT FV 090.540 - FTA'!B20 -> 46246 | C20: không phát sinh | F20: =SUM($E$8:E20)/A20 -> 0 | G20: =G19+D20-E20 -> 0 | H20: =G20/695 -> 0
... A39: 31 | B39: ='FRIT FV 090.540 - FTA'!B39 -> 46265 | C39: không phát sinh | F39: =SUM($E$8:E39)/A39 -> 0 | G39: =G38+D39-E39 -> 0 | H39: =G39/695 -> 0
A40: Cộng nhập xuất | D40: =SUM(D9:D39) -> 0 | E40: =SUM(E9:E39) -> 0 | G40: =G39 -> 0
A41: Tổng cộng | D41: =D40+D8 -> 0 | E41: =E40+E8 -> 0 | G41: =D41-E41 -> 0
H43: Người Lập
H47: Mai Thúy Hoa

Sheet KIM KEP DAI BANG HOI
A1: ='FRIT FV 090.540 - FTA'!#REF! -> #REF!
A2: ='FRIT FV 090.540 - FTA'!#REF! -> #REF! | I2: ='FRIT FV 090.540 - FTA'!#REF! -> #REF!
A3: THẺ KHO
D4: Tên hàng hóa: | E4: KÌM KẸP DÂY ĐAI BẰNG KHÍ NÉN | G4: Mã hàng: | H4: KKDĐ-PRESAIR
B5: ='FRIT FV 090.540 - FTA'!#REF! -> #REF! | C5: ='FRIT FV 090.540 - FTA'!#REF! -> #REF! | D5: ='FRIT FV 090.540 - FTA'!#REF! -> #REF! | E5: ='FRIT FV 090.540 - FTA'!#REF! -> #REF! | F5: ='FRIT FV 090.540 - FTA'!#REF! -> #REF! | G5: ='FRIT FV 090.540 - FTA'!#REF! -> #REF! | H5: ='FRIT FV 090.540 - FTA'!#REF! -> #REF! | I5: ='FRIT FV 090.540 - FTA'!#REF! -> #REF!
H6: Đơn vị tính: Cái | I6: THA1
A7: STT | B7: NGÀY | C7: DIỄN GIẢI | D7: SL NHẬP KHO | E7: SL XUẤT KHO | F7: SL XUẤT TRUNG BÌNH | G7: SL TỒN | H7: SỐ NGÀY CÒN SỬ DỤNG | I7: GHI CHÚ
A8: Tồn đầu kì | D8: =G8 -> 0 | G8: 0
A9: 1 | B9: ='FRIT FV 090.540 - FTA'!B9 -> 46235 | C9: không phát sinh | F9: =SUM($E$8:E9)/A9 -> 0 | G9: =G8+D9-E9 -> 0 | H9: =G9/F9 -> #DIV/0!
A10: 2 | B10: ='FRIT FV 090.540 - FTA'!B10 -> 46236 | C10: không phát sinh | F10: =SUM($E$8:E10)/A10 -> 0 | G10: =G9+D10-E10 -> 0 | H10: =G10/F10 -> #DIV/0!
A11: 3 | B11: ='FRIT FV 090.540 - FTA'!B11 -> 46237 | C11: không phát sinh | F11: =SUM($E$8:E11)/A11 -> 0 | G11: =G10+D11-E11 -> 0 | H11: =G11/F11 -> #DIV/0!
A12: 4 | B12: ='FRIT FV 090.540 - FTA'!B12 -> 46238 | C12: không phát sinh | F12: =SUM($E$8:E12)/A12 -> 0 | G12: =G11+D12-E12 -> 0 | H12: =G12/F12 -> #DIV/0!
A13: 5 | B13: ='FRIT FV 090.540 - FTA'!B13 -> 46239 | C13: không phát sinh | F13: =SUM($E$8:E13)/A13 -> 0 | G13: =G12+D13-E13 -> 0 | H13: =G13/F13 -> #DIV/0!
A14: 6 | B14: ='FRIT FV 090.540 - FTA'!B14 -> 46240 | C14: không phát sinh | F14: =SUM($E$8:E14)/A14 -> 0 | G14: =G13+D14-E14 -> 0 | H14: =G14/F14 -> #DIV/0!
A15: 7 | B15: ='FRIT FV 090.540 - FTA'!B15 -> 46241 | C15: không phát sinh | F15: =SUM($E$8:E15)/A15 -> 0 | G15: =G14+D15-E15 -> 0 | H15: =G15/F15 -> #DIV/0!
A16: 8 | B16: ='FRIT FV 090.540 - FTA'!B16 -> 46242 | C16: không phát sinh | F16: =SUM($E$8:E16)/A16 -> 0 | G16: =G15+D16-E16 -> 0 | H16: =G16/F16 -> #DIV/0!
A17: 9 | B17: ='FRIT FV 090.540 - FTA'!B17 -> 46243 | C17: không phát sinh | F17: =SUM($E$8:E17)/A17 -> 0 | G17: =G16+D17-E17 -> 0 | H17: =G17/F17 -> #DIV/0!
A18: 10 | B18: ='FRIT FV 090.540 - FTA'!B18 -> 46244 | C18: không phát sinh | F18: =SUM($E$8:E18)/A18 -> 0 | G18: =G17+D18-E18 -> 0 | H18: =G18/F18 -> #DIV/0!
A19: 11 | B19: ='FRIT FV 090.540 - FTA'!B19 -> 46245 | C19: không phát sinh | F19: =SUM($E$8:E19)/A19 -> 0 | G19: =G18+D19-E19 -> 0 | H19: =G19/F19 -> #DIV/0!
A20: 12 | B20: ='FRIT FV 090.540 - FTA'!B20 -> 46246 | C20: không phát sinh | F20: =SUM($E$8:E20)/A20 -> 0 | G20: =G19+D20-E20 -> 0 | H20: =G20/F20 -> #DIV/0!
... A39: 31 | B39: ='FRIT FV 090.540 - FTA'!B39 -> 46265 | C39: không phát sinh | F39: =SUM($E$8:E39)/A39 -> 0 | G39: =G38+D39-E39 -> 0 | H39: =G39/F39 -> #DIV/0!
A40: Cộng nhập xuất | D40: =SUM(D9:D39) -> 0 | E40: =SUM(E9:E39) -> 0 | G40: =G39 -> 0
A41: Tổng cộng | D41: =D8+D40 -> 0 | E41: =E8+E40 -> 0 | G41: =D41-E41 -> 0
H43: Người Lập
H47: Mai Thúy Hoa

Sheet CAO LANH LOC BL
A2: THẺ KHO
G3: Tên hàng hóa: | H3: CAO LANH LỌC BẢO LỘC
B4: ='FRIT FV 090.540 - FTA'!#REF! -> #REF! | C4: ='FRIT FV 090.540 - FTA'!#REF! -> #REF! | D4: ='FRIT FV 090.540 - FTA'!#REF! -> #REF! | E4: ='FRIT FV 090.540 - FTA'!#REF! -> #REF! | F4: ='FRIT FV 090.540 - FTA'!#REF! -> #REF! | G4: ='FRIT FV 090.540 - FTA'!#REF! -> #REF! | H4: ='FRIT FV 090.540 - FTA'!#REF! -> #REF! | I4: ='FRIT FV 090.540 - FTA'!#REF! -> #REF!
L5: Đơn vị tính: Kg | M5: YN!A1
A6: STT | B6: NGÀY | C6: DIỄN GIẢI | D6: SL NHẬP KHO | F6: SL XUẤT KHO | H6: SL XUẤT TRUNG BÌNH | J6: SL TỒN | L6: SỐ NGÀY CÒN SỬ DỤNG
D7: Quy khô | E7: Thực tế | F7: Quy khô | G7: Quy ướt | H7: Quy khô | I7: Quy ướt | J7: Quy khô | K7: Quy ướt | L7: Quy khô | M7: Quy ướt
A8: Tồn đầu kì | D8: =J8 -> 0 | E8: =K8 -> 0 | J8: 0 | K8: 0
A9: 1 | B9: ='FRIT FV 090.540 - FTA'!B9 -> 46235 | C9: Không | H9: =SUM($F$8:F9)/A9 -> 0 | I9: =SUM($G$8:G9)/A9 -> 0 | J9: =J8+D9-F9 -> 0 | K9: =K8+E9-G9 -> 0 | L9: =J9/H9 -> #DIV/0! | M9: =K9/I9 -> #DIV/0!
A10: 2 | B10: ='FRIT FV 090.540 - FTA'!B10 -> 46236 | C10: Không | H10: =SUM($F$8:F10)/A10 -> 0 | I10: =SUM($G$8:G10)/A10 -> 0 | J10: =J9+D10-F10 -> 0 | K10: =K9+E10-G10 -> 0 | L10: =J10/H10 -> #DIV/0! | M10: =K10/I10 -> #DIV/0!
A11: 3 | B11: ='FRIT FV 090.540 - FTA'!B11 -> 46237 | C11: Không | H11: =SUM($F$8:F11)/A11 -> 0 | I11: =SUM($G$8:G11)/A11 -> 0 | J11: =J10+D11-F11 -> 0 | K11: =K10+E11-G11 -> 0 | L11: =J11/H11 -> #DIV/0! | M11: =K11/I11 -> #DIV/0!
A12: 4 | B12: ='FRIT FV 090.540 - FTA'!B12 -> 46238 | C12: Không | H12: =SUM($F$8:F12)/A12 -> 0 | I12: =SUM($G$8:G12)/A12 -> 0 | J12: =J11+D12-F12 -> 0 | K12: =K11+E12-G12 -> 0 | L12: =J12/H12 -> #DIV/0! | M12: =K12/I12 -> #DIV/0!
A13: 5 | B13: ='FRIT FV 090.540 - FTA'!B13 -> 46239 | C13: Không | H13: =SUM($F$8:F13)/A13 -> 0 | I13: =SUM($G$8:G13)/A13 -> 0 | J13: =J12+D13-F13 -> 0 | K13: =K12+E13-G13 -> 0 | L13: =J13/H13 -> #DIV/0! | M13: =K13/I13 -> #DIV/0!
A14: 6 | B14: ='FRIT FV 090.540 - FTA'!B14 -> 46240 | C14: Không | H14: =SUM($F$8:F14)/A14 -> 0 | I14: =SUM($G$8:G14)/A14 -> 0 | J14: =J13+D14-F14 -> 0 | K14: =K13+E14-G14 -> 0 | L14: =J14/H14 -> #DIV/0! | M14: =K14/I14 -> #DIV/0!
A15: 7 | B15: ='FRIT FV 090.540 - FTA'!B15 -> 46241 | C15: Không | H15: =SUM($F$8:F15)/A15 -> 0 | I15: =SUM($G$8:G15)/A15 -> 0 | J15: =J14+D15-F15 -> 0 | K15: =K14+E15-G15 -> 0 | L15: =J15/H15 -> #DIV/0! | M15: =K15/I15 -> #DIV/0!
A16: 8 | B16: ='FRIT FV 090.540 - FTA'!B16 -> 46242 | C16: Không | H16: =SUM($F$8:F16)/A16 -> 0 | I16: =SUM($G$8:G16)/A16 -> 0 | J16: =J15+D16-F16 -> 0 | K16: =K15+E16-G16 -> 0 | L16: =J16/H16 -> #DIV/0! | M16: =K16/I16 -> #DIV/0!
A17: 9 | B17: ='FRIT FV 090.540 - FTA'!B17 -> 46243 | C17: Không | H17: =SUM($F$8:F17)/A17 -> 0 | I17: =SUM($G$8:G17)/A17 -> 0 | J17: =J16+D17-F17 -> 0 | K17: =K16+E17-G17 -> 0 | L17: =J17/H17 -> #DIV/0! | M17: =K17/I17 -> #DIV/0!
A18: 10 | B18: ='FRIT FV 090.540 - FTA'!B18 -> 46244 | C18: Không | H18: =SUM($F$8:F18)/A18 -> 0 | I18: =SUM($G$8:G18)/A18 -> 0 | J18: =J17+D18-F18 -> 0 | K18: =K17+E18-G18 -> 0 | L18: =J18/H18 -> #DIV/0! | M18: =K18/I18 -> #DIV/0!
A19: 11 | B19: ='FRIT FV 090.540 - FTA'!B19 -> 46245 | C19: Không | H19: =SUM($F$8:F19)/A19 -> 0 | I19: =SUM($G$8:G19)/A19 -> 0 | J19: =J18+D19-F19 -> 0 | K19: =K18+E19-G19 -> 0 | L19: =J19/H19 -> #DIV/0! | M19: =K19/I19 -> #DIV/0!
A20: 12 | B20: ='FRIT FV 090.540 - FTA'!B20 -> 46246 | C20: Không | H20: =SUM($F$8:F20)/A20 -> 0 | I20: =SUM($G$8:G20)/A20 -> 0 | J20: =J19+D20-F20 -> 0 | K20: =K19+E20-G20 -> 0 | L20: =J20/H20 -> #DIV/0! | M20: =K20/I20 -> #DIV/0!
... A39: 31 | B39: ='FRIT FV 090.540 - FTA'!B39 -> 46265 | C39: Không | H39: =SUM($F$8:F39)/A39 -> 0 | I39: =SUM($G$8:G39)/A39 -> 0 | J39: =J38+D39-F39 -> 0 | K39: =K38+E39-G39 -> 0 | L39: =J39/H39 -> #DIV/0! | M39: =K39/I39 -> #DIV/0!
A40: Cộng nhập xuất | D40: =SUM(D9:D39) -> 0 | E40: =SUM(E9:E39) -> 0 | F40: =SUM(F9:F39) -> 0 | G40: =SUM(G9:G39) -> 0 | J40: =J39 -> 0 | K40: =K39 -> 0
A41: Tổng cộng | D41: =D8+D40 -> 0 | E41: =E8+E40 -> 0 | F41: =F8+F40 -> 0 | G41: =G8+G40 -> 0 | J41: =D41-F41 -> 0 | K41: =E41-G41 -> 0

Sheet DUNG MOI VADV 015
A2: THẺ KHO
G3: Tên hàng hóa: | H3: DUNG MOI VADV015
B4: ='FRIT FV 090.540 - FTA'!#REF! -> #REF! | C4: ='FRIT FV 090.540 - FTA'!#REF! -> #REF! | D4: ='FRIT FV 090.540 - FTA'!#REF! -> #REF! | E4: ='FRIT FV 090.540 - FTA'!#REF! -> #REF! | F4: ='FRIT FV 090.540 - FTA'!#REF! -> #REF! | G4: ='FRIT FV 090.540 - FTA'!#REF! -> #REF! | H4: ='FRIT FV 090.540 - FTA'!#REF! -> #REF! | I4: ='FRIT FV 090.540 - FTA'!#REF! -> #REF!
L5: Đơn vị tính: Kg | M5: YN!A1
A6: STT | B6: NGÀY | C6: DIỄN GIẢI | D6: SL NHẬP KHO | F6: SL XUẤT KHO | H6: SL XUẤT TRUNG BÌNH | J6: SL TỒN | L6: SỐ NGÀY CÒN SỬ DỤNG
D7: Quy khô | E7: Thực tế | F7: Quy khô | G7: Quy ướt | H7: Quy khô | I7: Quy ướt | J7: Quy khô | K7: Quy ướt | L7: Quy khô | M7: Quy ướt
A8: Tồn đầu kì | D8: 0 | E8: 0 | J8: 8896 | K8: 8896
A9: 1 | B9: ='FRIT FV 090.540 - FTA'!B9 -> 46235 | C9: Không | H9: =SUM($F$8:F9)/A9 -> 0 | I9: =SUM($G$8:G9)/A9 -> 0 | J9: =J8+D9-F9 -> 8896 | K9: =K8+E9-G9 -> 8896 | L9: =J9/H9 -> #DIV/0! | M9: =K9/I9 -> #DIV/0!
A10: 2 | B10: ='FRIT FV 090.540 - FTA'!B10 -> 46236 | C10: Không | H10: =SUM($F$8:F10)/A10 -> 0 | I10: =SUM($G$8:G10)/A10 -> 0 | J10: =J9+D10-F10 -> 8896 | K10: =K9+E10-G10 -> 8896 | L10: =J10/H10 -> #DIV/0! | M10: =K10/I10 -> #DIV/0!
A11: 3 | B11: ='FRIT FV 090.540 - FTA'!B11 -> 46237 | C11: Không | H11: =SUM($F$8:F11)/A11 -> 0 | I11: =SUM($G$8:G11)/A11 -> 0 | J11: =J10+D11-F11 -> 8896 | K11: =K10+E11-G11 -> 8896 | L11: =J11/H11 -> #DIV/0! | M11: =K11/I11 -> #DIV/0!
A12: 4 | B12: ='FRIT FV 090.540 - FTA'!B12 -> 46238 | C12: Không | H12: =SUM($F$8:F12)/A12 -> 0 | I12: =SUM($G$8:G12)/A12 -> 0 | J12: =J11+D12-F12 -> 8896 | K12: =K11+E12-G12 -> 8896 | L12: =J12/H12 -> #DIV/0! | M12: =K12/I12 -> #DIV/0!
A13: 5 | B13: ='FRIT FV 090.540 - FTA'!B13 -> 46239 | C13: Không | H13: =SUM($F$8:F13)/A13 -> 0 | I13: =SUM($G$8:G13)/A13 -> 0 | J13: =J12+D13-F13 -> 8896 | K13: =K12+E13-G13 -> 8896 | L13: =J13/H13 -> #DIV/0! | M13: =K13/I13 -> #DIV/0!
A14: 6 | B14: ='FRIT FV 090.540 - FTA'!B14 -> 46240 | C14: Không | H14: =SUM($F$8:F14)/A14 -> 0 | I14: =SUM($G$8:G14)/A14 -> 0 | J14: =J13+D14-F14 -> 8896 | K14: =K13+E14-G14 -> 8896 | L14: =J14/H14 -> #DIV/0! | M14: =K14/I14 -> #DIV/0!
A15: 7 | B15: ='FRIT FV 090.540 - FTA'!B15 -> 46241 | C15: Không | H15: =SUM($F$8:F15)/A15 -> 0 | I15: =SUM($G$8:G15)/A15 -> 0 | J15: =J14+D15-F15 -> 8896 | K15: =K14+E15-G15 -> 8896 | L15: =J15/H15 -> #DIV/0! | M15: =K15/I15 -> #DIV/0!
A16: 8 | B16: ='FRIT FV 090.540 - FTA'!B16 -> 46242 | C16: Không | H16: =SUM($F$8:F16)/A16 -> 0 | I16: =SUM($G$8:G16)/A16 -> 0 | J16: =J15+D16-F16 -> 8896 | K16: =K15+E16-G16 -> 8896 | L16: =J16/H16 -> #DIV/0! | M16: =K16/I16 -> #DIV/0!
A17: 9 | B17: ='FRIT FV 090.540 - FTA'!B17 -> 46243 | C17: Không | H17: =SUM($F$8:F17)/A17 -> 0 | I17: =SUM($G$8:G17)/A17 -> 0 | J17: =J16+D17-F17 -> 8896 | K17: =K16+E17-G17 -> 8896 | L17: =J17/H17 -> #DIV/0! | M17: =K17/I17 -> #DIV/0!
A18: 10 | B18: ='FRIT FV 090.540 - FTA'!B18 -> 46244 | C18: Không | H18: =SUM($F$8:F18)/A18 -> 0 | I18: =SUM($G$8:G18)/A18 -> 0 | J18: =J17+D18-F18 -> 8896 | K18: =K17+E18-G18 -> 8896 | L18: =J18/H18 -> #DIV/0! | M18: =K18/I18 -> #DIV/0!
A19: 11 | B19: ='FRIT FV 090.540 - FTA'!B19 -> 46245 | C19: Không | H19: =SUM($F$8:F19)/A19 -> 0 | I19: =SUM($G$8:G19)/A19 -> 0 | J19: =J18+D19-F19 -> 8896 | K19: =K18+E19-G19 -> 8896 | L19: =J19/H19 -> #DIV/0! | M19: =K19/I19 -> #DIV/0!
A20: 12 | B20: ='FRIT FV 090.540 - FTA'!B20 -> 46246 | C20: Không | H20: =SUM($F$8:F20)/A20 -> 0 | I20: =SUM($G$8:G20)/A20 -> 0 | J20: =J19+D20-F20 -> 8896 | K20: =K19+E20-G20 -> 8896 | L20: =J20/H20 -> #DIV/0! | M20: =K20/I20 -> #DIV/0!
... A38: 30 | B38: ='FRIT FV 090.540 - FTA'!B38 -> 46264 | C38: Không | H38: =SUM($F$8:F38)/A38 -> 0 | I38: =SUM($G$8:G38)/A38 -> 0 | J38: =J37+D38-F38 -> 8896 | K38: =K37+E38-G38 -> 8896 | L38: =J38/H38 -> #DIV/0! | M38: =K38/I38 -> #DIV/0!
A39: 31 | B39: ='FRIT FV 090.540 - FTA'!B39 -> 46265 | C39: XUẤT | F39: 8896 | G39: 8896 | H39: =SUM($F$8:F39)/A39 -> 286.96774 | I39: =SUM($G$8:G39)/A39 -> 286.96774 | J39: =J38+D39-F39 -> 0 | K39: =K38+E39-G39 -> 0 | L39: =J39/H39 -> 0 | M39: =K39/I39 -> 0
A40: Cộng nhập xuất | D40: =SUM(D9:D39) -> 0 | E40: =SUM(E9:E39) -> 0 | F40: =SUM(F9:F39) -> 8896 | G40: =SUM(G9:G39) -> 8896 | J40: =J39 -> 0 | K40: =K39 -> 0
A41: Tổng cộng | D41: =D8+D40 -> 0 | E41: =E8+E40 -> 0 | F41: =F8+F40 -> 8896 | G41: =G8+G40 -> 8896 | J41: =D41-F41 -> -8896 | K41: =E41-G41 -> -8896

Sheet MEN VG 443-658
A1: ='FRIT FV 090.540 - FTA'!#REF! -> #REF!
A2: ='FRIT FV 090.540 - FTA'!#REF! -> #REF! | K2: ='FRIT FV 090.540 - FTA'!#REF! -> #REF!
A3: THẺ KHO
D4: Tên hàng hóa: | E4: MEN | H4: Mã hàng: | I4: Frit VG 443/658
B5: ='FRIT FV 090.540 - FTA'!#REF! -> #REF! | C5: ='FRIT FV 090.540 - FTA'!#REF! -> #REF! | D5: ='FRIT FV 090.540 - FTA'!#REF! -> #REF! | E5: ='FRIT FV 090.540 - FTA'!#REF! -> #REF! | F5: ='FRIT FV 090.540 - FTA'!#REF! -> #REF! | G5: ='FRIT FV 090.540 - FTA'!#REF! -> #REF! | H5: ='FRIT FV 090.540 - FTA'!#REF! -> #REF! | I5: ='FRIT FV 090.540 - FTA'!#REF! -> #REF!
L6: Đơn vị tính: Kg | M6: THA1
A7: STT | B7: NGÀY | C7: DIỄN GIẢI | D7: SL NHẬP KHO | F7: SL XUẤT KHO | H7: SL XUẤT TRUNG BÌNH | J7: SL TỒN | L7: SỐ NGÀY CÒN SỬ DỤNG | N7: ĐỘ ẨM
D8: Quy khô | E8: Thực tế | F8: Quy khô | G8: Quy ướt | H8: Quy khô | I8: Quy ướt | J8: Quy khô | K8: Quy ướt | L8: Quy khô | M8: Quy ướt
A9: Tồn đầu kì | D9: =J9 -> 0 | E9: =K9 -> 0 | J9: =K9 -> 0
A10: 1 | B10: ='FRIT FV 090.540 - FTA'!B9 -> 46235 | C10: Không phat sinh | H10: =SUM($F$9:F10)/A10 -> 0 | I10: =SUM($G$9:G10)/A10 -> 0 | J10: =J9+D10-F10 -> 0 | K10: =K9+E10-G10 -> 0 | L10: =J10/H10 -> #DIV/0! | M10: =K10/I10 -> #DIV/0!
A11: 2 | B11: ='FRIT FV 090.540 - FTA'!B10 -> 46236 | C11: Không phat sinh | H11: =SUM($F$9:F11)/A11 -> 0 | I11: =SUM($G$9:G11)/A11 -> 0 | J11: =J10+D11-F11 -> 0 | K11: =K10+E11-G11 -> 0 | L11: =J11/H11 -> #DIV/0! | M11: =K11/I11 -> #DIV/0!
A12: 3 | B12: ='FRIT FV 090.540 - FTA'!B11 -> 46237 | C12: Không phat sinh | H12: =SUM($F$9:F12)/A12 -> 0 | I12: =SUM($G$9:G12)/A12 -> 0 | J12: =J11+D12-F12 -> 0 | K12: =K11+E12-G12 -> 0 | L12: =J12/H12 -> #DIV/0! | M12: =K12/I12 -> #DIV/0!
A13: 4 | B13: ='FRIT FV 090.540 - FTA'!B12 -> 46238 | C13: Không phat sinh | H13: =SUM($F$9:F13)/A13 -> 0 | I13: =SUM($G$9:G13)/A13 -> 0 | J13: =J12+D13-F13 -> 0 | K13: =K12+E13-G13 -> 0 | L13: =J13/H13 -> #DIV/0! | M13: =K13/I13 -> #DIV/0!
A14: 5 | B14: ='FRIT FV 090.540 - FTA'!B13 -> 46239 | C14: Không phat sinh | H14: =SUM($F$9:F14)/A14 -> 0 | I14: =SUM($G$9:G14)/A14 -> 0 | J14: =J13+D14-F14 -> 0 | K14: =K13+E14-G14 -> 0 | L14: =J14/H14 -> #DIV/0! | M14: =K14/I14 -> #DIV/0!
A15: 6 | B15: ='FRIT FV 090.540 - FTA'!B14 -> 46240 | C15: Không phat sinh | H15: =SUM($F$9:F15)/A15 -> 0 | I15: =SUM($G$9:G15)/A15 -> 0 | J15: =J14+D15-F15 -> 0 | K15: =K14+E15-G15 -> 0 | L15: =J15/H15 -> #DIV/0! | M15: =K15/I15 -> #DIV/0!
A16: 7 | B16: ='FRIT FV 090.540 - FTA'!B15 -> 46241 | C16: Không phat sinh | H16: =SUM($F$9:F16)/A16 -> 0 | I16: =SUM($G$9:G16)/A16 -> 0 | J16: =J15+D16-F16 -> 0 | K16: =K15+E16-G16 -> 0 | L16: =J16/H16 -> #DIV/0! | M16: =K16/I16 -> #DIV/0!
A17: 8 | B17: ='FRIT FV 090.540 - FTA'!B16 -> 46242 | C17: Không phat sinh | H17: =SUM($F$9:F17)/A17 -> 0 | I17: =SUM($G$9:G17)/A17 -> 0 | J17: =J16+D17-F17 -> 0 | K17: =K16+E17-G17 -> 0 | L17: =J17/H17 -> #DIV/0! | M17: =K17/I17 -> #DIV/0!
A18: 9 | B18: ='FRIT FV 090.540 - FTA'!B17 -> 46243 | C18: Không phat sinh | H18: =SUM($F$9:F18)/A18 -> 0 | I18: =SUM($G$9:G18)/A18 -> 0 | J18: =J17+D18-F18 -> 0 | K18: =K17+E18-G18 -> 0 | L18: =J18/H18 -> #DIV/0! | M18: =K18/I18 -> #DIV/0!
A19: 10 | B19: ='FRIT FV 090.540 - FTA'!B18 -> 46244 | C19: Không phat sinh | H19: =SUM($F$9:F19)/A19 -> 0 | I19: =SUM($G$9:G19)/A19 -> 0 | J19: =J18+D19-F19 -> 0 | K19: =K18+E19-G19 -> 0 | L19: =J19/H19 -> #DIV/0! | M19: =K19/I19 -> #DIV/0!
A20: 11 | B20: ='FRIT FV 090.540 - FTA'!B19 -> 46245 | C20: Không phat sinh | H20: =SUM($F$9:F20)/A20 -> 0 | I20: =SUM($G$9:G20)/A20 -> 0 | J20: =J19+D20-F20 -> 0 | K20: =K19+E20-G20 -> 0 | L20: =J20/H20 -> #DIV/0! | M20: =K20/I20 -> #DIV/0!
A21: 12 | B21: ='FRIT FV 090.540 - FTA'!B20 -> 46246 | C21: Không phat sinh | H21: =SUM($F$9:F21)/A21 -> 0 | I21: =SUM($G$9:G21)/A21 -> 0 | J21: =J20+D21-F21 -> 0 | K21: =K20+E21-G21 -> 0 | L21: =J21/H21 -> #DIV/0! | M21: =K21/I21 -> #DIV/0!
... A40: 31 | B40: ='FRIT FV 090.540 - FTA'!B39 -> 46265 | C40: Không phat sinh | H40: =SUM($F$9:F40)/A40 -> 0 | I40: =SUM($G$9:G40)/A40 -> 0 | J40: =J39+D40-F40 -> 0 | K40: =K39+E40-G40 -> 0 | L40: =J40/H40 -> #DIV/0! | M40: =K40/I40 -> #DIV/0!
A41: Cộng nhập xuất | D41: =SUM(D10:D40) -> 0 | E41: =SUM(E10:E40) -> 0 | F41: =SUM(F10:F40) -> 0 | G41: =SUM(G10:G40) -> 0 | J41: =J40 -> 0 | K41: =K40 -> 0
A42: Tổng cộng | D42: =J9+D41 -> 0 | E42: =K9+E41 -> 0 | F42: =F9+F41 -> 0 | G42: =G9+G41 -> 0 | J42: =D42-F42 -> 0 | K42: =E42-G42 -> 0
K44: Người Lập
K48: Mai Thúy Hoa

Sheet MUC XANH DUONG
A2: THẺ KHO
F3: Tên hàng hóa: | H3: MỰC XANH DƯƠNG CI3000876
B4: ='FRIT FV 090.540 - FTA'!#REF! -> #REF! | C4: ='FRIT FV 090.540 - FTA'!#REF! -> #REF! | D4: ='FRIT FV 090.540 - FTA'!#REF! -> #REF! | E4: ='FRIT FV 090.540 - FTA'!#REF! -> #REF! | F4: ='FRIT FV 090.540 - FTA'!#REF! -> #REF! | G4: ='FRIT FV 090.540 - FTA'!#REF! -> #REF! | H4: ='FRIT FV 090.540 - FTA'!#REF! -> #REF! | I4: ='FRIT FV 090.540 - FTA'!#REF! -> #REF!
J5: Đơn vị tính: Kg | K5: YN!A1
A6: STT | B6: NGÀY | C6: DIỄN GIẢI | D6: SL NHẬP KHO | F6: SL XUẤT KHO | H6: SL XUẤT TRUNG BÌNH (KG) | I6: SL TỒN | K6: SỐ NGÀY CÒN SỬ DỤNG
D7: KG | E7: BÌNH | F7: KG | G7: BÌNH | I7: KG | J7: BÌNH
A8: Tồn đầu kì | D8: =I8 -> 81.25 | E8: =J8 -> 13 | I8: 81.25 | J8: =I8/6.25 -> 13
A9: 1 | B9: ='FRIT FV 090.540 - FTA'!B9 -> 46235 | C9: Không | E9: =D9/6.25 -> 0 | H9: =SUM($F$8:F9)/A9 -> 0 | I9: =I8+D9-F9 -> 81.25 | J9: =I9/6.25 -> 13 | K9: =I9/H9 -> #DIV/0!
A10: 2 | B10: ='FRIT FV 090.540 - FTA'!B10 -> 46236 | C10: Không | E10: =D10/6.25 -> 0 | H10: =SUM($F$8:F10)/A10 -> 0 | I10: =I9+D10-F10 -> 81.25 | J10: =I10/6.25 -> 13 | K10: =I10/H10 -> #DIV/0!
A11: 3 | B11: ='FRIT FV 090.540 - FTA'!B11 -> 46237 | C11: Không | E11: =D11/6.25 -> 0 | H11: =SUM($F$8:F11)/A11 -> 0 | I11: =I10+D11-F11 -> 81.25 | J11: =I11/6.25 -> 13 | K11: =I11/H11 -> #DIV/0!
A12: 4 | B12: ='FRIT FV 090.540 - FTA'!B12 -> 46238 | C12: Không | E12: =D12/6.25 -> 0 | H12: =SUM($F$8:F12)/A12 -> 0 | I12: =I11+D12-F12 -> 81.25 | J12: =I12/6.25 -> 13 | K12: =I12/H12 -> #DIV/0!
A13: 5 | B13: ='FRIT FV 090.540 - FTA'!B13 -> 46239 | C13: Không | E13: =D13/6.25 -> 0 | H13: =SUM($F$8:F13)/A13 -> 0 | I13: =I12+D13-F13 -> 81.25 | J13: =I13/6.25 -> 13 | K13: =I13/H13 -> #DIV/0!
A14: 6 | B14: ='FRIT FV 090.540 - FTA'!B14 -> 46240 | C14: Không | E14: =D14/6.25 -> 0 | H14: =SUM($F$8:F14)/A14 -> 0 | I14: =I13+D14-F14 -> 81.25 | J14: =I14/6.25 -> 13 | K14: =I14/H14 -> #DIV/0!
A15: 7 | B15: ='FRIT FV 090.540 - FTA'!B15 -> 46241 | C15: Không | E15: =D15/6.25 -> 0 | H15: =SUM($F$8:F15)/A15 -> 0 | I15: =I14+D15-F15 -> 81.25 | J15: =I15/6.25 -> 13 | K15: =I15/H15 -> #DIV/0!
A16: 8 | B16: ='FRIT FV 090.540 - FTA'!B16 -> 46242 | C16: Không | E16: =D16/6.25 -> 0 | H16: =SUM($F$8:F16)/A16 -> 0 | I16: =I15+D16-F16 -> 81.25 | J16: =I16/6.25 -> 13 | K16: =I16/H16 -> #DIV/0!
A17: 9 | B17: ='FRIT FV 090.540 - FTA'!B17 -> 46243 | C17: Không | E17: =D17/6.25 -> 0 | H17: =SUM($F$8:F17)/A17 -> 0 | I17: =I16+D17-F17 -> 81.25 | J17: =I17/6.25 -> 13 | K17: =I17/H17 -> #DIV/0!
A18: 10 | B18: ='FRIT FV 090.540 - FTA'!B18 -> 46244 | C18: Không | E18: =D18/6.25 -> 0 | H18: =SUM($F$8:F18)/A18 -> 0 | I18: =I17+D18-F18 -> 81.25 | J18: =I18/6.25 -> 13 | K18: =I18/H18 -> #DIV/0!
A19: 11 | B19: ='FRIT FV 090.540 - FTA'!B19 -> 46245 | C19: Không | E19: =D19/6.25 -> 0 | H19: =SUM($F$8:F19)/A19 -> 0 | I19: =I18+D19-F19 -> 81.25 | J19: =I19/6.25 -> 13 | K19: =I19/H19 -> #DIV/0!
A20: 12 | B20: ='FRIT FV 090.540 - FTA'!B20 -> 46246 | C20: Xuất | E20: =D20/6.25 -> 0 | F20: 81.25 | G20: 13 | H20: =SUM($F$8:F20)/A20 -> 6.7708333 | I20: =I19+D20-F20 -> 0 | J20: =I20/6.25 -> 0 | K20: =I20/H20 -> 0
A21: 13 | B21: ='FRIT FV 090.540 - FTA'!B21 -> 46247 | C21: Không | E21: =D21/6.25 -> 0 | H21: =SUM($F$8:F21)/A21 -> 6.25 | I21: =I20+D21-F21 -> 0 | J21: =I21/6.25 -> 0 | K21: =I21/H21 -> 0
A22: 14 | B22: ='FRIT FV 090.540 - FTA'!B22 -> 46248 | C22: nhập | E22: =D22/6.25 -> 0 | H22: =SUM($F$8:F22)/A22 -> 5.8035714 | I22: =I21+D22-F22 -> 0 | J22: =I22/6.25 -> 0 | K22: =I22/H22 -> 0
A23: 15 | B23: ='FRIT FV 090.540 - FTA'!B23 -> 46249 | C23: Xuất | E23: =D23/6.25 -> 0 | H23: =SUM($F$8:F23)/A23 -> 5.4166667 | I23: =I22+D23-F23 -> 0 | J23: =I23/6.25 -> 0 | K23: =I23/H23 -> 0
A24: 16 | B24: ='FRIT FV 090.540 - FTA'!B24 -> 46250 | C24: Không | E24: =D24/6.25 -> 0 | H24: =SUM($F$8:F24)/A24 -> 5.078125 | I24: =I23+D24-F24 -> 0 | J24: =I24/6.25 -> 0 | K24: =I24/H24 -> 0
A25: 17 | B25: ='FRIT FV 090.540 - FTA'!B25 -> 46251 | C25: Không | E25: =D25/6.25 -> 0 | H25: =SUM($F$8:F25)/A25 -> 4.7794118 | I25: =I24+D25-F25 -> 0 | J25: =I25/6.25 -> 0 | K25: =I25/H25 -> 0
A26: 18 | B26: ='FRIT FV 090.540 - FTA'!B26 -> 46252 | C26: Không | E26: =D26/6.25 -> 0 | H26: =SUM($F$8:F26)/A26 -> 4.5138889 | I26: =I25+D26-F26 -> 0 | J26: =I26/6.25 -> 0 | K26: =I26/H26 -> 0
A27: 19 | B27: ='FRIT FV 090.540 - FTA'!B27 -> 46253 | C27: Xuất | E27: =D27/6.25 -> 0 | H27: =SUM($F$8:F27)/A27 -> 4.2763158 | I27: =I26+D27-F27 -> 0 | J27: =I27/6.25 -> 0 | K27: =I27/H27 -> 0
A28: 20 | B28: ='FRIT FV 090.540 - FTA'!B28 -> 46254 | C28: Không | E28: =D28/6.25 -> 0 | H28: =SUM($F$8:F28)/A28 -> 4.0625 | I28: =I27+D28-F28 -> 0 | J28: =I28/6.25 -> 0 | K28: =I28/H28 -> 0
A29: 21 | B29: ='FRIT FV 090.540 - FTA'!B29 -> 46255 | C29: Xuất | E29: =D29/6.25 -> 0 | H29: =SUM($F$8:F29)/A29 -> 3.8690476 | I29: =I28+D29-F29 -> 0 | J29: =I29/6.25 -> 0 | K29: =I29/H29 -> 0
A30: 22 | B30: ='FRIT FV 090.540 - FTA'!B30 -> 46256 | C30: Không | E30: =D30/6.25 -> 0 | H30: =SUM($F$8:F30)/A30 -> 3.6931818 | I30: =I29+D30-F30 -> 0 | J30: =I30/6.25 -> 0 | K30: =I30/H30 -> 0
A31: 23 | B31: ='FRIT FV 090.540 - FTA'!B31 -> 46257 | C31: Xuất | E31: =D31/6.25 -> 0 | H31: =SUM($F$8:F31)/A31 -> 3.5326087 | I31: =I30+D31-F31 -> 0 | J31: =I31/6.25 -> 0 | K31: =I31/H31 -> 0
A32: 24 | B32: ='FRIT FV 090.540 - FTA'!B32 -> 46258 | C32: Không | E32: =D32/6.25 -> 0 | H32: =SUM($F$8:F32)/A32 -> 3.3854167 | I32: =I31+D32-F32 -> 0 | J32: =I32/6.25 -> 0 | K32: =I32/H32 -> 0
... A39: 31 | B39: ='FRIT FV 090.540 - FTA'!B39 -> 46265 | C39: Không | E39: =D39/6.25 -> 0 | H39: =SUM($F$8:F39)/A39 -> 2.6209677 | I39: =I38+D39-F39 -> 0 | J39: =I39/6.25 -> 0 | K39: =I39/H39 -> 0
A40: Cộng nhập xuất | D40: =SUM(D9:D39) -> 0 | E40: =SUM(E9:E39) -> 0 | F40: =SUM(F9:F39) -> 81.25 | G40: =SUM(G9:G39) -> 13 | I40: =I39 -> 0 | J40: =I40/6.25 -> 0
A41: Tổng cộng | D41: =I8+D40 -> 81.25 | E41: =J8+E40 -> 13 | F41: =F8+F40 -> 81.25 | G41: =G8+G40 -> 13 | I41: =D41-F41 -> 0 | J41: =I41/6.25 -> 0

Sheet MUC VANG
A2: THẺ KHO
F3: Tên hàng hóa: | H3: MỰC VÀNG CI2000878
B4: ='FRIT FV 090.540 - FTA'!#REF! -> #REF! | C4: ='FRIT FV 090.540 - FTA'!#REF! -> #REF! | D4: ='FRIT FV 090.540 - FTA'!#REF! -> #REF! | E4: ='FRIT FV 090.540 - FTA'!#REF! -> #REF! | F4: ='FRIT FV 090.540 - FTA'!#REF! -> #REF! | G4: ='FRIT FV 090.540 - FTA'!#REF! -> #REF! | H4: ='FRIT FV 090.540 - FTA'!#REF! -> #REF! | I4: ='FRIT FV 090.540 - FTA'!#REF! -> #REF!
J5: Đơn vị tính: Kg | K5: YN!A1
A6: STT | B6: NGÀY | C6: DIỄN GIẢI | D6: SL NHẬP KHO | F6: SL XUẤT KHO | H6: SL XUẤT TRUNG BÌNH (KG) | I6: SL TỒN | K6: SỐ NGÀY CÒN SỬ DỤNG
D7: KG | E7: BÌNH | F7: KG | G7: BÌNH | I7: KG | J7: BÌNH
A8: Tồn đầu kì | D8: =I8 -> 143.75 | E8: =J8 -> 23 | I8: 143.75 | J8: =I8/6.25 -> 23
A9: 1 | B9: ='FRIT FV 090.540 - FTA'!B9 -> 46235 | C9: không | E9: =D9/6.25 -> 0 | G9: =F9/6.25 -> 0 | H9: =SUM($F$8:F9)/A9 -> 0 | I9: =I8+D9-F9 -> 143.75 | J9: =I9/6.25 -> 23 | K9: =I9/H9 -> #DIV/0!
A10: 2 | B10: ='FRIT FV 090.540 - FTA'!B10 -> 46236 | C10: không | E10: =D10/6.25 -> 0 | G10: =F10/6.25 -> 0 | H10: =SUM($F$8:F10)/A10 -> 0 | I10: =I9+D10-F10 -> 143.75 | J10: =I10/6.25 -> 23 | K10: =I10/H10 -> #DIV/0!
A11: 3 | B11: ='FRIT FV 090.540 - FTA'!B11 -> 46237 | C11: không | E11: =D11/6.25 -> 0 | G11: =F11/6.25 -> 0 | H11: =SUM($F$8:F11)/A11 -> 0 | I11: =I10+D11-F11 -> 143.75 | J11: =I11/6.25 -> 23 | K11: =I11/H11 -> #DIV/0!
A12: 4 | B12: ='FRIT FV 090.540 - FTA'!B12 -> 46238 | C12: không | E12: =D12/6.25 -> 0 | G12: =F12/6.25 -> 0 | H12: =SUM($F$8:F12)/A12 -> 0 | I12: =I11+D12-F12 -> 143.75 | J12: =I12/6.25 -> 23 | K12: =I12/H12 -> #DIV/0!
A13: 5 | B13: ='FRIT FV 090.540 - FTA'!B13 -> 46239 | C13: không | E13: =D13/6.25 -> 0 | G13: =F13/6.25 -> 0 | H13: =SUM($F$8:F13)/A13 -> 0 | I13: =I12+D13-F13 -> 143.75 | J13: =I13/6.25 -> 23 | K13: =I13/H13 -> #DIV/0!
A14: 6 | B14: ='FRIT FV 090.540 - FTA'!B14 -> 46240 | C14: không | E14: =D14/6.25 -> 0 | G14: =F14/6.25 -> 0 | H14: =SUM($F$8:F14)/A14 -> 0 | I14: =I13+D14-F14 -> 143.75 | J14: =I14/6.25 -> 23 | K14: =I14/H14 -> #DIV/0!
A15: 7 | B15: ='FRIT FV 090.540 - FTA'!B15 -> 46241 | C15: không | E15: =D15/6.25 -> 0 | G15: =F15/6.25 -> 0 | H15: =SUM($F$8:F15)/A15 -> 0 | I15: =I14+D15-F15 -> 143.75 | J15: =I15/6.25 -> 23 | K15: =I15/H15 -> #DIV/0!
A16: 8 | B16: ='FRIT FV 090.540 - FTA'!B16 -> 46242 | C16: không | E16: =D16/6.25 -> 0 | G16: =F16/6.25 -> 0 | H16: =SUM($F$8:F16)/A16 -> 0 | I16: =I15+D16-F16 -> 143.75 | J16: =I16/6.25 -> 23 | K16: =I16/H16 -> #DIV/0!
A17: 9 | B17: ='FRIT FV 090.540 - FTA'!B17 -> 46243 | C17: không | E17: =D17/6.25 -> 0 | G17: =F17/6.25 -> 0 | H17: =SUM($F$8:F17)/A17 -> 0 | I17: =I16+D17-F17 -> 143.75 | J17: =I17/6.25 -> 23 | K17: =I17/H17 -> #DIV/0!
A18: 10 | B18: ='FRIT FV 090.540 - FTA'!B18 -> 46244 | C18: không | E18: =D18/6.25 -> 0 | G18: =F18/6.25 -> 0 | H18: =SUM($F$8:F18)/A18 -> 0 | I18: =I17+D18-F18 -> 143.75 | J18: =I18/6.25 -> 23 | K18: =I18/H18 -> #DIV/0!
A19: 11 | B19: ='FRIT FV 090.540 - FTA'!B19 -> 46245 | C19: không | E19: =D19/6.25 -> 0 | G19: =F19/6.25 -> 0 | H19: =SUM($F$8:F19)/A19 -> 0 | I19: =I18+D19-F19 -> 143.75 | J19: =I19/6.25 -> 23 | K19: =I19/H19 -> #DIV/0!
A20: 12 | B20: ='FRIT FV 090.540 - FTA'!B20 -> 46246 | C20: Xuất | E20: =D20/6.25 -> 0 | F20: 143.75 | G20: =F20/6.25 -> 23 | H20: =SUM($F$8:F20)/A20 -> 11.979167 | I20: =I19+D20-F20 -> 0 | J20: =I20/6.25 -> 0 | K20: =I20/H20 -> 0
A21: 13 | B21: ='FRIT FV 090.540 - FTA'!B21 -> 46247 | C21: Không | E21: =D21/6.25 -> 0 | G21: =F21/6.25 -> 0 | H21: =SUM($F$8:F21)/A21 -> 11.057692 | I21: =I20+D21-F21 -> 0 | J21: =I21/6.25 -> 0 | K21: =I21/H21 -> 0
A22: 14 | B22: ='FRIT FV 090.540 - FTA'!B22 -> 46248 | C22: nhập | E22: =D22/6.25 -> 0 | G22: =F22/6.25 -> 0 | H22: =SUM($F$8:F22)/A22 -> 10.267857 | I22: =I21+D22-F22 -> 0 | J22: =I22/6.25 -> 0 | K22: =I22/H22 -> 0
A23: 15 | B23: ='FRIT FV 090.540 - FTA'!B23 -> 46249 | C23: Không | E23: =D23/6.25 -> 0 | G23: =F23/6.25 -> 0 | H23: =SUM($F$8:F23)/A23 -> 9.5833333 | I23: =I22+D23-F23 -> 0 | J23: =I23/6.25 -> 0 | K23: =I23/H23 -> 0
A24: 16 | B24: ='FRIT FV 090.540 - FTA'!B24 -> 46250 | C24: Không | E24: =D24/6.25 -> 0 | G24: =F24/6.25 -> 0 | H24: =SUM($F$8:F24)/A24 -> 8.984375 | I24: =I23+D24-F24 -> 0 | J24: =I24/6.25 -> 0 | K24: =I24/H24 -> 0
A25: 17 | B25: ='FRIT FV 090.540 - FTA'!B25 -> 46251 | C25: Không | E25: =D25/6.25 -> 0 | G25: =F25/6.25 -> 0 | H25: =SUM($F$8:F25)/A25 -> 8.4558824 | I25: =I24+D25-F25 -> 0 | J25: =I25/6.25 -> 0 | K25: =I25/H25 -> 0
A26: 18 | B26: ='FRIT FV 090.540 - FTA'!B26 -> 46252 | C26: Không | E26: =D26/6.25 -> 0 | G26: =F26/6.25 -> 0 | H26: =SUM($F$8:F26)/A26 -> 7.9861111 | I26: =I25+D26-F26 -> 0 | J26: =I26/6.25 -> 0 | K26: =I26/H26 -> 0
A27: 19 | B27: ='FRIT FV 090.540 - FTA'!B27 -> 46253 | C27: Không | E27: =D27/6.25 -> 0 | G27: =F27/6.25 -> 0 | H27: =SUM($F$8:F27)/A27 -> 7.5657895 | I27: =I26+D27-F27 -> 0 | J27: =I27/6.25 -> 0 | K27: =I27/H27 -> 0
A28: 20 | B28: ='FRIT FV 090.540 - FTA'!B28 -> 46254 | C28: Không | E28: =D28/6.25 -> 0 | G28: =F28/6.25 -> 0 | H28: =SUM($F$8:F28)/A28 -> 7.1875 | I28: =I27+D28-F28 -> 0 | J28: =I28/6.25 -> 0 | K28: =I28/H28 -> 0
A29: 21 | B29: ='FRIT FV 090.540 - FTA'!B29 -> 46255 | C29: Không | E29: =D29/6.25 -> 0 | G29: =F29/6.25 -> 0 | H29: =SUM($F$8:F29)/A29 -> 6.8452381 | I29: =I28+D29-F29 -> 0 | J29: =I29/6.25 -> 0 | K29: =I29/H29 -> 0
A30: 22 | B30: ='FRIT FV 090.540 - FTA'!B30 -> 46256 | C30: Không | E30: =D30/6.25 -> 0 | G30: =F30/6.25 -> 0 | H30: =SUM($F$8:F30)/A30 -> 6.5340909 | I30: =I29+D30-F30 -> 0 | J30: =I30/6.25 -> 0 | K30: =I30/H30 -> 0
A31: 23 | B31: ='FRIT FV 090.540 - FTA'!B31 -> 46257 | C31: Không | E31: =D31/6.25 -> 0 | G31: =F31/6.25 -> 0 | H31: =SUM($F$8:F31)/A31 -> 6.25 | I31: =I30+D31-F31 -> 0 | J31: =I31/6.25 -> 0 | K31: =I31/H31 -> 0
A32: 24 | B32: ='FRIT FV 090.540 - FTA'!B32 -> 46258 | C32: không | E32: =D32/6.25 -> 0 | G32: =F32/6.25 -> 0 | H32: =SUM($F$8:F32)/A32 -> 5.9895833 | I32: =I31+D32-F32 -> 0 | J32: =I32/6.25 -> 0 | K32: =I32/H32 -> 0
... A39: 31 | B39: ='FRIT FV 090.540 - FTA'!B39 -> 46265 | C39: không | E39: =D39/6.25 -> 0 | G39: =F39/6.25 -> 0 | H39: =SUM($F$8:F39)/A39 -> 4.6370968 | I39: =I38+D39-F39 -> 0 | J39: =I39/6.25 -> 0 | K39: =I39/H39 -> 0
A40: Cộng nhập xuất | D40: =SUM(D9:D39) -> 0 | E40: =SUM(E9:E39) -> 0 | F40: =SUM(F9:F39) -> 143.75 | G40: =SUM(G9:G39) -> 23 | I40: =I39 -> 0 | J40: =J39 -> 0
A41: Tổng cộng | D41: =D8+D40 -> 143.75 | E41: =E8+E40 -> 23 | F41: =F8+F40 -> 143.75 | G41: =G8+G40 -> 23 | I41: =D41-F41 -> 0 | J41: =E41-G41 -> 0

Sheet MUC CAM
A2: THẺ KHO
F3: Tên hàng hóa: | H3: MỰC CAM CI2200882
B4: ='FRIT FV 090.540 - FTA'!#REF! -> #REF! | C4: ='FRIT FV 090.540 - FTA'!#REF! -> #REF! | D4: ='FRIT FV 090.540 - FTA'!#REF! -> #REF! | E4: ='FRIT FV 090.540 - FTA'!#REF! -> #REF! | F4: ='FRIT FV 090.540 - FTA'!#REF! -> #REF! | G4: ='FRIT FV 090.540 - FTA'!#REF! -> #REF! | H4: ='FRIT FV 090.540 - FTA'!#REF! -> #REF! | I4: ='FRIT FV 090.540 - FTA'!#REF! -> #REF!
J5: Đơn vị tính: Kg | K5: YN!A1
A6: STT | B6: NGÀY | C6: DIỄN GIẢI | D6: SL NHẬP KHO | F6: SL XUẤT KHO | H6: SL XUẤT TRUNG BÌNH (KG) | I6: SL TỒN | K6: SỐ NGÀY CÒN SỬ DỤNG
D7: KG | E7: BÌNH | F7: KG | G7: BÌNH | I7: KG | J7: BÌNH
A8: Tồn đầu kì | D8: =I8 -> 37.5 | E8: =J8 -> 6 | I8: 37.5 | J8: =I8/6.25 -> 6
A9: 1 | B9: ='FRIT FV 090.540 - FTA'!B9 -> 46235 | C9: không | E9: =D9/6.25 -> 0 | G9: =F9/6.25 -> 0 | H9: =SUM($F$8:F9)/A9 -> 0 | I9: =I8+D9-F9 -> 37.5 | J9: =I9/6.25 -> 6 | K9: =I9/H9 -> #DIV/0!
A10: 2 | B10: ='FRIT FV 090.540 - FTA'!B10 -> 46236 | C10: không | E10: =D10/6.25 -> 0 | G10: =F10/6.25 -> 0 | H10: =SUM($F$8:F10)/A10 -> 0 | I10: =I9+D10-F10 -> 37.5 | J10: =I10/6.25 -> 6 | K10: =I10/H10 -> #DIV/0!
A11: 3 | B11: ='FRIT FV 090.540 - FTA'!B11 -> 46237 | C11: không | E11: =D11/6.25 -> 0 | G11: =F11/6.25 -> 0 | H11: =SUM($F$8:F11)/A11 -> 0 | I11: =I10+D11-F11 -> 37.5 | J11: =I11/6.25 -> 6 | K11: =I11/H11 -> #DIV/0!
A12: 4 | B12: ='FRIT FV 090.540 - FTA'!B12 -> 46238 | C12: không | E12: =D12/6.25 -> 0 | G12: =F12/6.25 -> 0 | H12: =SUM($F$8:F12)/A12 -> 0 | I12: =I11+D12-F12 -> 37.5 | J12: =I12/6.25 -> 6 | K12: =I12/H12 -> #DIV/0!
A13: 5 | B13: ='FRIT FV 090.540 - FTA'!B13 -> 46239 | C13: không | E13: =D13/6.25 -> 0 | G13: =F13/6.25 -> 0 | H13: =SUM($F$8:F13)/A13 -> 0 | I13: =I12+D13-F13 -> 37.5 | J13: =I13/6.25 -> 6 | K13: =I13/H13 -> #DIV/0!
A14: 6 | B14: ='FRIT FV 090.540 - FTA'!B14 -> 46240 | C14: không | E14: =D14/6.25 -> 0 | G14: =F14/6.25 -> 0 | H14: =SUM($F$8:F14)/A14 -> 0 | I14: =I13+D14-F14 -> 37.5 | J14: =I14/6.25 -> 6 | K14: =I14/H14 -> #DIV/0!
A15: 7 | B15: ='FRIT FV 090.540 - FTA'!B15 -> 46241 | C15: không | E15: =D15/6.25 -> 0 | G15: =F15/6.25 -> 0 | H15: =SUM($F$8:F15)/A15 -> 0 | I15: =I14+D15-F15 -> 37.5 | J15: =I15/6.25 -> 6 | K15: =I15/H15 -> #DIV/0!
A16: 8 | B16: ='FRIT FV 090.540 - FTA'!B16 -> 46242 | C16: không | E16: =D16/6.25 -> 0 | G16: =F16/6.25 -> 0 | H16: =SUM($F$8:F16)/A16 -> 0 | I16: =I15+D16-F16 -> 37.5 | J16: =I16/6.25 -> 6 | K16: =I16/H16 -> #DIV/0!
A17: 9 | B17: ='FRIT FV 090.540 - FTA'!B17 -> 46243 | C17: không | E17: =D17/6.25 -> 0 | G17: =F17/6.25 -> 0 | H17: =SUM($F$8:F17)/A17 -> 0 | I17: =I16+D17-F17 -> 37.5 | J17: =I17/6.25 -> 6 | K17: =I17/H17 -> #DIV/0!
A18: 10 | B18: ='FRIT FV 090.540 - FTA'!B18 -> 46244 | C18: không | E18: =D18/6.25 -> 0 | G18: =F18/6.25 -> 0 | H18: =SUM($F$8:F18)/A18 -> 0 | I18: =I17+D18-F18 -> 37.5 | J18: =I18/6.25 -> 6 | K18: =I18/H18 -> #DIV/0!
A19: 11 | B19: ='FRIT FV 090.540 - FTA'!B19 -> 46245 | C19: không | E19: =D19/6.25 -> 0 | G19: =F19/6.25 -> 0 | H19: =SUM($F$8:F19)/A19 -> 0 | I19: =I18+D19-F19 -> 37.5 | J19: =I19/6.25 -> 6 | K19: =I19/H19 -> #DIV/0!
A20: 12 | B20: ='FRIT FV 090.540 - FTA'!B20 -> 46246 | C20: Xuất | E20: =D20/6.25 -> 0 | F20: 37.5 | G20: =F20/6.25 -> 6 | H20: =SUM($F$8:F20)/A20 -> 3.125 | I20: =I19+D20-F20 -> 0 | J20: =I20/6.25 -> 0 | K20: =I20/H20 -> 0
A21: 13 | B21: ='FRIT FV 090.540 - FTA'!B21 -> 46247 | C21: Không | E21: =D21/6.25 -> 0 | G21: =F21/6.25 -> 0 | H21: =SUM($F$8:F21)/A21 -> 2.8846154 | I21: =I20+D21-F21 -> 0 | J21: =I21/6.25 -> 0 | K21: =I21/H21 -> 0
A22: 14 | B22: ='FRIT FV 090.540 - FTA'!B22 -> 46248 | C22: nhập | E22: =D22/6.25 -> 0 | G22: =F22/6.25 -> 0 | H22: =SUM($F$8:F22)/A22 -> 2.6785714 | I22: =I21+D22-F22 -> 0 | J22: =I22/6.25 -> 0 | K22: =I22/H22 -> 0
A23: 15 | B23: ='FRIT FV 090.540 - FTA'!B23 -> 46249 | C23: Nhập | E23: =D23/6.25 -> 0 | G23: =F23/6.25 -> 0 | H23: =SUM($F$8:F23)/A23 -> 2.5 | I23: =I22+D23-F23 -> 0 | J23: =I23/6.25 -> 0 | K23: =I23/H23 -> 0
A24: 16 | B24: ='FRIT FV 090.540 - FTA'!B24 -> 46250 | C24: Không | E24: =D24/6.25 -> 0 | G24: =F24/6.25 -> 0 | H24: =SUM($F$8:F24)/A24 -> 2.34375 | I24: =I23+D24-F24 -> 0 | J24: =I24/6.25 -> 0 | K24: =I24/H24 -> 0
A25: 17 | B25: ='FRIT FV 090.540 - FTA'!B25 -> 46251 | C25: Không | E25: =D25/6.25 -> 0 | G25: =F25/6.25 -> 0 | H25: =SUM($F$8:F25)/A25 -> 2.2058824 | I25: =I24+D25-F25 -> 0 | J25: =I25/6.25 -> 0 | K25: =I25/H25 -> 0
A26: 18 | B26: ='FRIT FV 090.540 - FTA'!B26 -> 46252 | C26: Không | E26: =D26/6.25 -> 0 | G26: =F26/6.25 -> 0 | H26: =SUM($F$8:F26)/A26 -> 2.0833333 | I26: =I25+D26-F26 -> 0 | J26: =I26/6.25 -> 0 | K26: =I26/H26 -> 0
A27: 19 | B27: ='FRIT FV 090.540 - FTA'!B27 -> 46253 | C27: Xuất | E27: =D27/6.25 -> 0 | G27: =F27/6.25 -> 0 | H27: =SUM($F$8:F27)/A27 -> 1.9736842 | I27: =I26+D27-F27 -> 0 | J27: =I27/6.25 -> 0 | K27: =I27/H27 -> 0
A28: 20 | B28: ='FRIT FV 090.540 - FTA'!B28 -> 46254 | C28: Không | E28: =D28/6.25 -> 0 | G28: =F28/6.25 -> 0 | H28: =SUM($F$8:F28)/A28 -> 1.875 | I28: =I27+D28-F28 -> 0 | J28: =I28/6.25 -> 0 | K28: =I28/H28 -> 0
A29: 21 | B29: ='FRIT FV 090.540 - FTA'!B29 -> 46255 | C29: Không | E29: =D29/6.25 -> 0 | G29: =F29/6.25 -> 0 | H29: =SUM($F$8:F29)/A29 -> 1.7857143 | I29: =I28+D29-F29 -> 0 | J29: =I29/6.25 -> 0 | K29: =I29/H29 -> 0
A30: 22 | B30: ='FRIT FV 090.540 - FTA'!B30 -> 46256 | C30: Không | E30: =D30/6.25 -> 0 | G30: =F30/6.25 -> 0 | H30: =SUM($F$8:F30)/A30 -> 1.7045455 | I30: =I29+D30-F30 -> 0 | J30: =I30/6.25 -> 0 | K30: =I30/H30 -> 0
A31: 23 | B31: ='FRIT FV 090.540 - FTA'!B31 -> 46257 | C31: Xuất | E31: =D31/6.25 -> 0 | G31: =F31/6.25 -> 0 | H31: =SUM($F$8:F31)/A31 -> 1.6304348 | I31: =I30+D31-F31 -> 0 | J31: =I31/6.25 -> 0 | K31: =I31/H31 -> 0
A32: 24 | B32: ='FRIT FV 090.540 - FTA'!B32 -> 46258 | C32: không | E32: =D32/6.25 -> 0 | G32: =F32/6.25 -> 0 | H32: =SUM($F$8:F32)/A32 -> 1.5625 | I32: =I31+D32-F32 -> 0 | J32: =I32/6.25 -> 0 | K32: =I32/H32 -> 0
... A39: 31 | B39: ='FRIT FV 090.540 - FTA'!B39 -> 46265 | C39: không | E39: =D39/6.25 -> 0 | G39: =F39/6.25 -> 0 | H39: =SUM($F$8:F39)/A39 -> 1.2096774 | I39: =I38+D39-F39 -> 0 | J39: =I39/6.25 -> 0 | K39: =I39/H39 -> 0
A40: Cộng nhập xuất | D40: =SUM(D9:D39) -> 0 | E40: =SUM(E9:E39) -> 0 | F40: =SUM(F9:F39) -> 37.5 | G40: =SUM(G9:G39) -> 6 | I40: =I39 -> 0 | J40: =J39 -> 0
A41: Tổng cộng | D41: =D8+D40 -> 37.5 | E41: =E8+E40 -> 6 | F41: =F8+F40 -> 37.5 | G41: =G8+G40 -> 6 | I41: =D41-F41 -> 0 | J41: =E41-G41 -> 0

Sheet MUC NAU DO
A2: THẺ KHO
F3: Tên hàng hóa: | H3: MỰC NÂU ĐỎ CI2300877
B4: ='FRIT FV 090.540 - FTA'!#REF! -> #REF! | C4: ='FRIT FV 090.540 - FTA'!#REF! -> #REF! | D4: ='FRIT FV 090.540 - FTA'!#REF! -> #REF! | E4: ='FRIT FV 090.540 - FTA'!#REF! -> #REF! | F4: ='FRIT FV 090.540 - FTA'!#REF! -> #REF! | G4: ='FRIT FV 090.540 - FTA'!#REF! -> #REF! | H4: ='FRIT FV 090.540 - FTA'!#REF! -> #REF! | I4: ='FRIT FV 090.540 - FTA'!#REF! -> #REF!
J5: Đơn vị tính: Kg | K5: YN!A1
A6: STT | B6: NGÀY | C6: DIỄN GIẢI | D6: SL NHẬP KHO | F6: SL XUẤT KHO | H6: SL XUẤT TRUNG BÌNH (KG) | I6: SL TỒN | K6: SỐ NGÀY CÒN SỬ DỤNG
D7: KG | E7: BÌNH | F7: KG | G7: BÌNH | I7: KG | J7: BÌNH
A8: Tồn đầu kì | D8: =I8 -> 87.5 | E8: =J8 -> 14 | I8: 87.5 | J8: =I8/6.25 -> 14
A9: 1 | B9: ='FRIT FV 090.540 - FTA'!B9 -> 46235 | C9: không | E9: =D9/6.25 -> 0 | G9: =F9/6.25 -> 0 | H9: =SUM($F$8:F9)/A9 -> 0 | I9: =I8+D9-F9 -> 87.5 | J9: =I9/6.25 -> 14 | K9: =I9/H9 -> #DIV/0!
A10: 2 | B10: ='FRIT FV 090.540 - FTA'!B10 -> 46236 | C10: không | E10: =D10/6.25 -> 0 | G10: =F10/6.25 -> 0 | H10: =SUM($F$8:F10)/A10 -> 0 | I10: =I9+D10-F10 -> 87.5 | J10: =I10/6.25 -> 14 | K10: =I10/H10 -> #DIV/0!
A11: 3 | B11: ='FRIT FV 090.540 - FTA'!B11 -> 46237 | C11: không | E11: =D11/6.25 -> 0 | G11: =F11/6.25 -> 0 | H11: =SUM($F$8:F11)/A11 -> 0 | I11: =I10+D11-F11 -> 87.5 | J11: =I11/6.25 -> 14 | K11: =I11/H11 -> #DIV/0!
A12: 4 | B12: ='FRIT FV 090.540 - FTA'!B12 -> 46238 | C12: không | E12: =D12/6.25 -> 0 | G12: =F12/6.25 -> 0 | H12: =SUM($F$8:F12)/A12 -> 0 | I12: =I11+D12-F12 -> 87.5 | J12: =I12/6.25 -> 14 | K12: =I12/H12 -> #DIV/0!
A13: 5 | B13: ='FRIT FV 090.540 - FTA'!B13 -> 46239 | C13: không | E13: =D13/6.25 -> 0 | G13: =F13/6.25 -> 0 | H13: =SUM($F$8:F13)/A13 -> 0 | I13: =I12+D13-F13 -> 87.5 | J13: =I13/6.25 -> 14 | K13: =I13/H13 -> #DIV/0!
A14: 6 | B14: ='FRIT FV 090.540 - FTA'!B14 -> 46240 | C14: không | E14: =D14/6.25 -> 0 | G14: =F14/6.25 -> 0 | H14: =SUM($F$8:F14)/A14 -> 0 | I14: =I13+D14-F14 -> 87.5 | J14: =I14/6.25 -> 14 | K14: =I14/H14 -> #DIV/0!
A15: 7 | B15: ='FRIT FV 090.540 - FTA'!B15 -> 46241 | C15: không | E15: =D15/6.25 -> 0 | G15: =F15/6.25 -> 0 | H15: =SUM($F$8:F15)/A15 -> 0 | I15: =I14+D15-F15 -> 87.5 | J15: =I15/6.25 -> 14 | K15: =I15/H15 -> #DIV/0!
A16: 8 | B16: ='FRIT FV 090.540 - FTA'!B16 -> 46242 | C16: không | E16: =D16/6.25 -> 0 | G16: =F16/6.25 -> 0 | H16: =SUM($F$8:F16)/A16 -> 0 | I16: =I15+D16-F16 -> 87.5 | J16: =I16/6.25 -> 14 | K16: =I16/H16 -> #DIV/0!
A17: 9 | B17: ='FRIT FV 090.540 - FTA'!B17 -> 46243 | C17: không | E17: =D17/6.25 -> 0 | G17: =F17/6.25 -> 0 | H17: =SUM($F$8:F17)/A17 -> 0 | I17: =I16+D17-F17 -> 87.5 | J17: =I17/6.25 -> 14 | K17: =I17/H17 -> #DIV/0!
A18: 10 | B18: ='FRIT FV 090.540 - FTA'!B18 -> 46244 | C18: không | E18: =D18/6.25 -> 0 | G18: =F18/6.25 -> 0 | H18: =SUM($F$8:F18)/A18 -> 0 | I18: =I17+D18-F18 -> 87.5 | J18: =I18/6.25 -> 14 | K18: =I18/H18 -> #DIV/0!
A19: 11 | B19: ='FRIT FV 090.540 - FTA'!B19 -> 46245 | C19: không | E19: =D19/6.25 -> 0 | G19: =F19/6.25 -> 0 | H19: =SUM($F$8:F19)/A19 -> 0 | I19: =I18+D19-F19 -> 87.5 | J19: =I19/6.25 -> 14 | K19: =I19/H19 -> #DIV/0!
A20: 12 | B20: ='FRIT FV 090.540 - FTA'!B20 -> 46246 | C20: Xuất | E20: =D20/6.25 -> 0 | F20: 87.5 | G20: =F20/6.25 -> 14 | H20: =SUM($F$8:F20)/A20 -> 7.2916667 | I20: =I19+D20-F20 -> 0 | J20: =I20/6.25 -> 0 | K20: =I20/H20 -> 0
A21: 13 | B21: ='FRIT FV 090.540 - FTA'!B21 -> 46247 | C21: Không | E21: =D21/6.25 -> 0 | G21: =F21/6.25 -> 0 | H21: =SUM($F$8:F21)/A21 -> 6.7307692 | I21: =I20+D21-F21 -> 0 | J21: =I21/6.25 -> 0 | K21: =I21/H21 -> 0
A22: 14 | B22: ='FRIT FV 090.540 - FTA'!B22 -> 46248 | C22: nhập | E22: =D22/6.25 -> 0 | G22: =F22/6.25 -> 0 | H22: =SUM($F$8:F22)/A22 -> 6.25 | I22: =I21+D22-F22 -> 0 | J22: =I22/6.25 -> 0 | K22: =I22/H22 -> 0
A23: 15 | B23: ='FRIT FV 090.540 - FTA'!B23 -> 46249 | C23: Xuất | E23: =D23/6.25 -> 0 | G23: =F23/6.25 -> 0 | H23: =SUM($F$8:F23)/A23 -> 5.8333333 | I23: =I22+D23-F23 -> 0 | J23: =I23/6.25 -> 0 | K23: =I23/H23 -> 0
A24: 16 | B24: ='FRIT FV 090.540 - FTA'!B24 -> 46250 | C24: Không | E24: =D24/6.25 -> 0 | G24: =F24/6.25 -> 0 | H24: =SUM($F$8:F24)/A24 -> 5.46875 | I24: =I23+D24-F24 -> 0 | J24: =I24/6.25 -> 0 | K24: =I24/H24 -> 0
A25: 17 | B25: ='FRIT FV 090.540 - FTA'!B25 -> 46251 | C25: Không | E25: =D25/6.25 -> 0 | G25: =F25/6.25 -> 0 | H25: =SUM($F$8:F25)/A25 -> 5.1470588 | I25: =I24+D25-F25 -> 0 | J25: =I25/6.25 -> 0 | K25: =I25/H25 -> 0
A26: 18 | B26: ='FRIT FV 090.540 - FTA'!B26 -> 46252 | C26: Không | E26: =D26/6.25 -> 0 | G26: =F26/6.25 -> 0 | H26: =SUM($F$8:F26)/A26 -> 4.8611111 | I26: =I25+D26-F26 -> 0 | J26: =I26/6.25 -> 0 | K26: =I26/H26 -> 0
A27: 19 | B27: ='FRIT FV 090.540 - FTA'!B27 -> 46253 | C27: Không | E27: =D27/6.25 -> 0 | G27: =F27/6.25 -> 0 | H27: =SUM($F$8:F27)/A27 -> 4.6052632 | I27: =I26+D27-F27 -> 0 | J27: =I27/6.25 -> 0 | K27: =I27/H27 -> 0
A28: 20 | B28: ='FRIT FV 090.540 - FTA'!B28 -> 46254 | C28: Không | E28: =D28/6.25 -> 0 | G28: =F28/6.25 -> 0 | H28: =SUM($F$8:F28)/A28 -> 4.375 | I28: =I27+D28-F28 -> 0 | J28: =I28/6.25 -> 0 | K28: =I28/H28 -> 0
A29: 21 | B29: ='FRIT FV 090.540 - FTA'!B29 -> 46255 | C29: Không | E29: =D29/6.25 -> 0 | G29: =F29/6.25 -> 0 | H29: =SUM($F$8:F29)/A29 -> 4.1666667 | I29: =I28+D29-F29 -> 0 | J29: =I29/6.25 -> 0 | K29: =I29/H29 -> 0
A30: 22 | B30: ='FRIT FV 090.540 - FTA'!B30 -> 46256 | C30: Không | E30: =D30/6.25 -> 0 | G30: =F30/6.25 -> 0 | H30: =SUM($F$8:F30)/A30 -> 3.9772727 | I30: =I29+D30-F30 -> 0 | J30: =I30/6.25 -> 0 | K30: =I30/H30 -> 0
A31: 23 | B31: ='FRIT FV 090.540 - FTA'!B31 -> 46257 | C31: Không | E31: =D31/6.25 -> 0 | G31: =F31/6.25 -> 0 | H31: =SUM($F$8:F31)/A31 -> 3.8043478 | I31: =I30+D31-F31 -> 0 | J31: =I31/6.25 -> 0 | K31: =I31/H31 -> 0
A32: 24 | B32: ='FRIT FV 090.540 - FTA'!B32 -> 46258 | C32: Không | E32: =D32/6.25 -> 0 | G32: =F32/6.25 -> 0 | H32: =SUM($F$8:F32)/A32 -> 3.6458333 | I32: =I31+D32-F32 -> 0 | J32: =I32/6.25 -> 0 | K32: =I32/H32 -> 0
... A39: 31 | B39: ='FRIT FV 090.540 - FTA'!B39 -> 46265 | C39: Không | E39: =D39/6.25 -> 0 | G39: =F39/6.25 -> 0 | H39: =SUM($F$8:F39)/A39 -> 2.8225806 | I39: =I38+D39-F39 -> 0 | J39: =I39/6.25 -> 0 | K39: =I39/H39 -> 0
A40: Cộng nhập xuất | D40: =SUM(D9:D39) -> 0 | E40: =SUM(E9:E39) -> 0 | F40: =SUM(F9:F39) -> 87.5 | G40: =SUM(G9:G39) -> 14 | I40: =I39 -> 0 | J40: =J39 -> 0
A41: Tổng cộng | D41: =D8+D40 -> 87.5 | E41: =E8+E40 -> 14 | F41: =F8+F40 -> 87.5 | G41: =G8+G40 -> 14 | I41: =D41-F41 -> 0 | J41: =E41-G41 -> 0

Sheet MUC HIEU UNG
A2: THẺ KHO
F3: Tên hàng hóa: | H3: MỰC HIỆU ỨNG CI1000521
B4: ='FRIT FV 090.540 - FTA'!#REF! -> #REF! | C4: ='FRIT FV 090.540 - FTA'!#REF! -> #REF! | D4: ='FRIT FV 090.540 - FTA'!#REF! -> #REF! | E4: ='FRIT FV 090.540 - FTA'!#REF! -> #REF! | F4: ='FRIT FV 090.540 - FTA'!#REF! -> #REF! | G4: ='FRIT FV 090.540 - FTA'!#REF! -> #REF! | H4: ='FRIT FV 090.540 - FTA'!#REF! -> #REF! | I4: ='FRIT FV 090.540 - FTA'!#REF! -> #REF!
J5: Đơn vị tính: Kg | K5: YN!A1
A6: STT | B6: NGÀY | C6: DIỄN GIẢI | D6: SL NHẬP KHO | F6: SL XUẤT KHO | H6: SL XUẤT TRUNG BÌNH (KG) | I6: SL TỒN | K6: SỐ NGÀY CÒN SỬ DỤNG
D7: KG | E7: BÌNH | F7: KG | G7: BÌNH | I7: KG | J7: BÌNH
A8: Tồn đầu kì | D8: =I8 -> 40 | E8: =J8 -> 8 | I8: 40 | J8: =I8/5 -> 8
A9: 1 | B9: ='FRIT FV 090.540 - FTA'!B9 -> 46235 | C9: không | G9: =F9/5 -> 0 | H9: =SUM($F$8:F9)/A9 -> 0 | I9: =I8+D9-F9 -> 40 | J9: =I9/5 -> 8 | K9: =I9/H9 -> #DIV/0!
A10: 2 | B10: ='FRIT FV 090.540 - FTA'!B10 -> 46236 | C10: không | E10: =D10/5 -> 0 | G10: =F10/5 -> 0 | H10: =SUM($F$8:F10)/A10 -> 0 | I10: =I9+D10-F10 -> 40 | J10: =I10/5 -> 8 | K10: =I10/H10 -> #DIV/0!
A11: 3 | B11: ='FRIT FV 090.540 - FTA'!B11 -> 46237 | C11: không | E11: =D11/5 -> 0 | G11: =F11/5 -> 0 | H11: =SUM($F$8:F11)/A11 -> 0 | I11: =I10+D11-F11 -> 40 | J11: =I11/5 -> 8 | K11: =I11/H11 -> #DIV/0!
A12: 4 | B12: ='FRIT FV 090.540 - FTA'!B12 -> 46238 | C12: không | E12: =D12/5 -> 0 | G12: =F12/5 -> 0 | H12: =SUM($F$8:F12)/A12 -> 0 | I12: =I11+D12-F12 -> 40 | J12: =I12/5 -> 8 | K12: =I12/H12 -> #DIV/0!
A13: 5 | B13: ='FRIT FV 090.540 - FTA'!B13 -> 46239 | C13: không | E13: =D13/5 -> 0 | G13: =F13/5 -> 0 | H13: =SUM($F$8:F13)/A13 -> 0 | I13: =I12+D13-F13 -> 40 | J13: =I13/5 -> 8 | K13: =I13/H13 -> #DIV/0!
A14: 6 | B14: ='FRIT FV 090.540 - FTA'!B14 -> 46240 | C14: không | E14: =D14/5 -> 0 | G14: =F14/5 -> 0 | H14: =SUM($F$8:F14)/A14 -> 0 | I14: =I13+D14-F14 -> 40 | J14: =I14/5 -> 8 | K14: =I14/H14 -> #DIV/0!
A15: 7 | B15: ='FRIT FV 090.540 - FTA'!B15 -> 46241 | C15: không | E15: =D15/5 -> 0 | G15: =F15/5 -> 0 | H15: =SUM($F$8:F15)/A15 -> 0 | I15: =I14+D15-F15 -> 40 | J15: =I15/5 -> 8 | K15: =I15/H15 -> #DIV/0!
A16: 8 | B16: ='FRIT FV 090.540 - FTA'!B16 -> 46242 | C16: không | E16: =D16/5 -> 0 | G16: =F16/5 -> 0 | H16: =SUM($F$8:F16)/A16 -> 0 | I16: =I15+D16-F16 -> 40 | J16: =I16/5 -> 8 | K16: =I16/H16 -> #DIV/0!
A17: 9 | B17: ='FRIT FV 090.540 - FTA'!B17 -> 46243 | C17: không | E17: =D17/5 -> 0 | G17: =F17/5 -> 0 | H17: =SUM($F$8:F17)/A17 -> 0 | I17: =I16+D17-F17 -> 40 | J17: =I17/5 -> 8 | K17: =I17/H17 -> #DIV/0!
A18: 10 | B18: ='FRIT FV 090.540 - FTA'!B18 -> 46244 | C18: không | E18: =D18/5 -> 0 | G18: =F18/5 -> 0 | H18: =SUM($F$8:F18)/A18 -> 0 | I18: =I17+D18-F18 -> 40 | J18: =I18/5 -> 8 | K18: =I18/H18 -> #DIV/0!
A19: 11 | B19: ='FRIT FV 090.540 - FTA'!B19 -> 46245 | C19: không | E19: =D19/5 -> 0 | G19: =F19/5 -> 0 | H19: =SUM($F$8:F19)/A19 -> 0 | I19: =I18+D19-F19 -> 40 | J19: =I19/5 -> 8 | K19: =I19/H19 -> #DIV/0!
A20: 12 | B20: ='FRIT FV 090.540 - FTA'!B20 -> 46246 | C20: Xuất | E20: =D20/5 -> 0 | F20: 40 | G20: =F20/5 -> 8 | H20: =SUM($F$8:F20)/A20 -> 3.3333333 | I20: =I19+D20-F20 -> 0 | J20: =I20/5 -> 0 | K20: =I20/H20 -> 0
A21: 13 | B21: ='FRIT FV 090.540 - FTA'!B21 -> 46247 | C21: Không | E21: =D21/5 -> 0 | G21: =F21/5 -> 0 | H21: =SUM($F$8:F21)/A21 -> 3.0769231 | I21: =I20+D21-F21 -> 0 | J21: =I21/5 -> 0 | K21: =I21/H21 -> 0
A22: 14 | B22: ='FRIT FV 090.540 - FTA'!B22 -> 46248 | C22: nhập | E22: =D22/5 -> 0 | G22: =F22/5 -> 0 | H22: =SUM($F$8:F22)/A22 -> 2.8571429 | I22: =I21+D22-F22 -> 0 | J22: =I22/5 -> 0 | K22: =I22/H22 -> 0
A23: 15 | B23: ='FRIT FV 090.540 - FTA'!B23 -> 46249 | C23: Nhập | E23: =D23/5 -> 0 | G23: =F23/5 -> 0 | H23: =SUM($F$8:F23)/A23 -> 2.6666667 | I23: =I22+D23-F23 -> 0 | J23: =I23/5 -> 0 | K23: =I23/H23 -> 0
A24: 16 | B24: ='FRIT FV 090.540 - FTA'!B24 -> 46250 | C24: Không | E24: =D24/5 -> 0 | G24: =F24/5 -> 0 | H24: =SUM($F$8:F24)/A24 -> 2.5 | I24: =I23+D24-F24 -> 0 | J24: =I24/5 -> 0 | K24: =I24/H24 -> 0
A25: 17 | B25: ='FRIT FV 090.540 - FTA'!B25 -> 46251 | C25: Không | E25: =D25/5 -> 0 | G25: =F25/5 -> 0 | H25: =SUM($F$8:F25)/A25 -> 2.3529412 | I25: =I24+D25-F25 -> 0 | J25: =I25/5 -> 0 | K25: =I25/H25 -> 0
A26: 18 | B26: ='FRIT FV 090.540 - FTA'!B26 -> 46252 | C26: Xuất | E26: =D26/5 -> 0 | G26: =F26/5 -> 0 | H26: =SUM($F$8:F26)/A26 -> 2.2222222 | I26: =I25+D26-F26 -> 0 | J26: =I26/5 -> 0 | K26: =I26/H26 -> 0
A27: 19 | B27: ='FRIT FV 090.540 - FTA'!B27 -> 46253 | C27: Xuất | E27: =D27/5 -> 0 | G27: =F27/5 -> 0 | H27: =SUM($F$8:F27)/A27 -> 2.1052632 | I27: =I26+D27-F27 -> 0 | J27: =I27/5 -> 0 | K27: =I27/H27 -> 0
A28: 20 | B28: ='FRIT FV 090.540 - FTA'!B28 -> 46254 | C28: Không | E28: =D28/5 -> 0 | G28: =F28/5 -> 0 | H28: =SUM($F$8:F28)/A28 -> 2 | I28: =I27+D28-F28 -> 0 | J28: =I28/5 -> 0 | K28: =I28/H28 -> 0
A29: 21 | B29: ='FRIT FV 090.540 - FTA'!B29 -> 46255 | C29: Không | E29: =D29/5 -> 0 | G29: =F29/5 -> 0 | H29: =SUM($F$8:F29)/A29 -> 1.9047619 | I29: =I28+D29-F29 -> 0 | J29: =I29/5 -> 0 | K29: =I29/H29 -> 0
A30: 22 | B30: ='FRIT FV 090.540 - FTA'!B30 -> 46256 | C30: Không | E30: =D30/5 -> 0 | G30: =F30/5 -> 0 | H30: =SUM($F$8:F30)/A30 -> 1.8181818 | I30: =I29+D30-F30 -> 0 | J30: =I30/5 -> 0 | K30: =I30/H30 -> 0
A31: 23 | B31: ='FRIT FV 090.540 - FTA'!B31 -> 46257 | C31: Xuất | E31: =D31/5 -> 0 | G31: =F31/5 -> 0 | H31: =SUM($F$8:F31)/A31 -> 1.7391304 | I31: =I30+D31-F31 -> 0 | J31: =I31/5 -> 0 | K31: =I31/H31 -> 0
A32: 24 | B32: ='FRIT FV 090.540 - FTA'!B32 -> 46258 | C32: Không | E32: =D32/5 -> 0 | G32: =F32/5 -> 0 | H32: =SUM($F$8:F32)/A32 -> 1.6666667 | I32: =I31+D32-F32 -> 0 | J32: =I32/5 -> 0 | K32: =I32/H32 -> 0
... A39: 31 | B39: ='FRIT FV 090.540 - FTA'!B39 -> 46265 | C39: Không | E39: =D39/5 -> 0 | G39: =F39/5 -> 0 | H39: =SUM($F$8:F39)/A39 -> 1.2903226 | I39: =I38+D39-F39 -> 0 | J39: =I39/5 -> 0 | K39: =I39/H39 -> 0
A40: Cộng nhập xuất | D40: =SUM(D9:D39) -> 0 | E40: =SUM(E9:E39) -> 0 | F40: =SUM(F9:F39) -> 40 | G40: =SUM(G9:G39) -> 8 | I40: =I39 -> 0 | J40: =J39 -> 0
A41: Tổng cộng | D41: =D8+D40 -> 40 | E41: =E8+E40 -> 8 | F41: =F8+F40 -> 40 | G41: =G8+G40 -> 8 | I41: =D41-F41 -> 0 | J41: =E41-G41 -> 0

Sheet NUOC RUA
A2: THẺ KHO
F3: Tên hàng hóa: | G3: NƯỚC RỬA
B4: ='FRIT FV 090.540 - FTA'!#REF! -> #REF! | C4: ='FRIT FV 090.540 - FTA'!#REF! -> #REF! | D4: ='FRIT FV 090.540 - FTA'!#REF! -> #REF! | E4: ='FRIT FV 090.540 - FTA'!#REF! -> #REF! | F4: ='FRIT FV 090.540 - FTA'!#REF! -> #REF! | G4: ='FRIT FV 090.540 - FTA'!#REF! -> #REF! | H4: ='FRIT FV 090.540 - FTA'!#REF! -> #REF! | I4: ='FRIT FV 090.540 - FTA'!#REF! -> #REF!
J5: Đơn vị tính: Kg | K5: YN!A1
A6: STT | B6: NGÀY | C6: DIỄN GIẢI | D6: SL NHẬP KHO | F6: SL XUẤT KHO | H6: SL XUẤT TRUNG BÌNH (KG) | I6: SL TỒN | K6: SỐ NGÀY CÒN SỬ DỤNG
D7: KG | E7: BÌNH | F7: KG | G7: BÌNH | I7: KG | J7: BÌNH
A8: Tồn đầu kì | D8: =I8 -> 20 | E8: =J8 -> 5 | I8: 20 | J8: =I8/4 -> 5
A9: 1 | B9: ='FRIT FV 090.540 - FTA'!B9 -> 46235 | C9: Không | H9: =SUM($F$8:F9)/A9 -> 0 | I9: =I8+D9-F9 -> 20 | J9: =I9/4 -> 5 | K9: =I9/H9 -> #DIV/0!
A10: 2 | B10: ='FRIT FV 090.540 - FTA'!B10 -> 46236 | C10: Không | H10: =SUM($F$8:F10)/A10 -> 0 | I10: =I9+D10-F10 -> 20 | J10: =I10/4 -> 5 | K10: =I10/H10 -> #DIV/0!
A11: 3 | B11: ='FRIT FV 090.540 - FTA'!B11 -> 46237 | C11: Không | H11: =SUM($F$8:F11)/A11 -> 0 | I11: =I10+D11-F11 -> 20 | J11: =I11/4 -> 5 | K11: =I11/H11 -> #DIV/0!
A12: 4 | B12: ='FRIT FV 090.540 - FTA'!B12 -> 46238 | C12: Không | H12: =SUM($F$8:F12)/A12 -> 0 | I12: =I11+D12-F12 -> 20 | J12: =I12/4 -> 5 | K12: =I12/H12 -> #DIV/0!
A13: 5 | B13: ='FRIT FV 090.540 - FTA'!B13 -> 46239 | C13: Không | H13: =SUM($F$8:F13)/A13 -> 0 | I13: =I12+D13-F13 -> 20 | J13: =I13/4 -> 5 | K13: =I13/H13 -> #DIV/0!
A14: 6 | B14: ='FRIT FV 090.540 - FTA'!B14 -> 46240 | C14: Không | H14: =SUM($F$8:F14)/A14 -> 0 | I14: =I13+D14-F14 -> 20 | J14: =I14/4 -> 5 | K14: =I14/H14 -> #DIV/0!
A15: 7 | B15: ='FRIT FV 090.540 - FTA'!B15 -> 46241 | C15: Không | H15: =SUM($F$8:F15)/A15 -> 0 | I15: =I14+D15-F15 -> 20 | J15: =I15/4 -> 5 | K15: =I15/H15 -> #DIV/0!
A16: 8 | B16: ='FRIT FV 090.540 - FTA'!B16 -> 46242 | C16: Không | H16: =SUM($F$8:F16)/A16 -> 0 | I16: =I15+D16-F16 -> 20 | J16: =I16/4 -> 5 | K16: =I16/H16 -> #DIV/0!
A17: 9 | B17: ='FRIT FV 090.540 - FTA'!B17 -> 46243 | C17: Không | H17: =SUM($F$8:F17)/A17 -> 0 | I17: =I16+D17-F17 -> 20 | J17: =I17/4 -> 5 | K17: =I17/H17 -> #DIV/0!
A18: 10 | B18: ='FRIT FV 090.540 - FTA'!B18 -> 46244 | C18: Không | H18: =SUM($F$8:F18)/A18 -> 0 | I18: =I17+D18-F18 -> 20 | J18: =I18/4 -> 5 | K18: =I18/H18 -> #DIV/0!
A19: 11 | B19: ='FRIT FV 090.540 - FTA'!B19 -> 46245 | C19: Không | H19: =SUM($F$8:F19)/A19 -> 0 | I19: =I18+D19-F19 -> 20 | J19: =I19/4 -> 5 | K19: =I19/H19 -> #DIV/0!
A20: 12 | B20: ='FRIT FV 090.540 - FTA'!B20 -> 46246 | C20: xuất | F20: 20 | G20: 5 | H20: =SUM($F$8:F20)/A20 -> 1.6666667 | I20: =I19+D20-F20 -> 0 | J20: =I20/4 -> 0 | K20: =I20/H20 -> 0
A21: 13 | B21: ='FRIT FV 090.540 - FTA'!B21 -> 46247 | C21: Không | H21: =SUM($F$8:F21)/A21 -> 1.5384615 | I21: =I20+D21-F21 -> 0 | J21: =I21/4 -> 0 | K21: =I21/H21 -> 0
A22: 14 | B22: ='FRIT FV 090.540 - FTA'!B22 -> 46248 | C22: Không | H22: =SUM($F$8:F22)/A22 -> 1.4285714 | I22: =I21+D22-F22 -> 0 | J22: =I22/4 -> 0 | K22: =I22/H22 -> 0
A23: 15 | B23: ='FRIT FV 090.540 - FTA'!B23 -> 46249 | C23: Không | H23: =SUM($F$8:F23)/A23 -> 1.3333333 | I23: =I22+D23-F23 -> 0 | J23: =I23/4 -> 0 | K23: =I23/H23 -> 0
A24: 16 | B24: ='FRIT FV 090.540 - FTA'!B24 -> 46250 | C24: Không | H24: =SUM($F$8:F24)/A24 -> 1.25 | I24: =I23+D24-F24 -> 0 | J24: =I24/4 -> 0 | K24: =I24/H24 -> 0
A25: 17 | B25: ='FRIT FV 090.540 - FTA'!B25 -> 46251 | C25: Không | H25: =SUM($F$8:F25)/A25 -> 1.1764706 | I25: =I24+D25-F25 -> 0 | J25: =I25/4 -> 0 | K25: =I25/H25 -> 0
A26: 18 | B26: ='FRIT FV 090.540 - FTA'!B26 -> 46252 | C26: Không | H26: =SUM($F$8:F26)/A26 -> 1.1111111 | I26: =I25+D26-F26 -> 0 | J26: =I26/4 -> 0 | K26: =I26/H26 -> 0
A27: 19 | B27: ='FRIT FV 090.540 - FTA'!B27 -> 46253 | C27: Không | H27: =SUM($F$8:F27)/A27 -> 1.0526316 | I27: =I26+D27-F27 -> 0 | J27: =I27/4 -> 0 | K27: =I27/H27 -> 0
A28: 20 | B28: ='FRIT FV 090.540 - FTA'!B28 -> 46254 | C28: Không | H28: =SUM($F$8:F28)/A28 -> 1 | I28: =I27+D28-F28 -> 0 | J28: =I28/4 -> 0 | K28: =I28/H28 -> 0
A29: 21 | B29: ='FRIT FV 090.540 - FTA'!B29 -> 46255 | C29: Không | H29: =SUM($F$8:F29)/A29 -> 0.95238095 | I29: =I28+D29-F29 -> 0 | J29: =I29/4 -> 0 | K29: =I29/H29 -> 0
A30: 22 | B30: ='FRIT FV 090.540 - FTA'!B30 -> 46256 | C30: Không | H30: =SUM($F$8:F30)/A30 -> 0.90909091 | I30: =I29+D30-F30 -> 0 | J30: =I30/4 -> 0 | K30: =I30/H30 -> 0
A31: 23 | B31: ='FRIT FV 090.540 - FTA'!B31 -> 46257 | C31: Không | H31: =SUM($F$8:F31)/A31 -> 0.86956522 | I31: =I30+D31-F31 -> 0 | J31: =I31/4 -> 0 | K31: =I31/H31 -> 0
A32: 24 | B32: ='FRIT FV 090.540 - FTA'!B32 -> 46258 | C32: Không | H32: =SUM($F$8:F32)/A32 -> 0.83333333 | I32: =I31+D32-F32 -> 0 | J32: =I32/4 -> 0 | K32: =I32/H32 -> 0
... A39: 31 | B39: ='FRIT FV 090.540 - FTA'!B39 -> 46265 | C39: Không | H39: =SUM($F$8:F39)/A39 -> 0.64516129 | I39: =I38+D39-F39 -> 0 | J39: =I39/4 -> 0 | K39: =I39/H39 -> 0
A40: Cộng nhập xuất | D40: =SUM(D9:D39) -> 0 | E40: =SUM(E9:E39) -> 0 | F40: =SUM(F9:F39) -> 20 | G40: =SUM(G9:G39) -> 5 | I40: =I39 -> 0 | J40: =J39 -> 0
A41: Tổng cộng | D41: =D8+D40 -> 20 | E41: =E8+E40 -> 5 | F41: =F8+F40 -> 20 | G41: =G8+G40 -> 5 | I41: =D41-F41 -> 0 | J41: =E41-G41 -> 0

Sheet FELDSPAR IDM
A2: THẺ KHO
G3: Tên hàng hóa: | H3: FELDSPAR INDOMIN
B4: ='FRIT FV 090.540 - FTA'!#REF! -> #REF! | C4: ='FRIT FV 090.540 - FTA'!#REF! -> #REF! | D4: ='FRIT FV 090.540 - FTA'!#REF! -> #REF! | E4: ='FRIT FV 090.540 - FTA'!#REF! -> #REF! | F4: ='FRIT FV 090.540 - FTA'!#REF! -> #REF! | G4: ='FRIT FV 090.540 - FTA'!#REF! -> #REF! | H4: ='FRIT FV 090.540 - FTA'!#REF! -> #REF! | I4: ='FRIT FV 090.540 - FTA'!#REF! -> #REF!
L5: Đơn vị tính: Kg | M5: YN!A1
A6: STT | B6: NGÀY | C6: DIỄN GIẢI | D6: SL NHẬP KHO | F6: SL XUẤT KHO | H6: SL XUẤT TRUNG BÌNH | J6: SL TỒN | L6: SỐ NGÀY TRUNG BÌNH CÒN SỬ DỤNG | N6: ĐỘ ẨM | O6: SỐ NGÀY TỒN THEO SỬ DỤNG
D7: Quy khô | E7: Thực tế | F7: Quy khô | G7: Quy ướt | H7: Quy khô | I7: Quy ướt | J7: Quy khô | K7: Quy ướt | L7: Quy khô | M7: Quy ướt | O7: Quy khô | P7: Quy ướt
A8: Tồn đầu kì | D8: =J8 -> 1748 | E8: =K8 -> 1748 | J8: 1748 | K8: 1748 | N8: 0
A9: 1 | B9: ='FRIT FV 090.540 - FTA'!B9 -> 46235 | C9: ='FRIT FV 090.540 - FTA'!C9 -> Không nhập - xuất | F9: =G9 -> 150 | G9: 150 | H9: =SUM($F$8:F9)/A9 -> 150 | I9: =SUM($G$8:G9)/A9 -> 150 | J9: =J8+D9-F9 -> 1598 | L9: =J9/H9 -> 10.653333 | M9: =K9/I9 -> 0 | O9: =J9/F9 -> 10.653333 | P9: =K9/G9 -> 0
A10: 2 | B10: ='FRIT FV 090.540 - FTA'!B10 -> 46236 | C10: ='FRIT FV 090.540 - FTA'!C10 -> Không nhập - xuất | F10: =G10 -> 240 | G10: 240 | H10: =SUM($F$8:F10)/A10 -> 195 | I10: =SUM($G$8:G10)/A10 -> 195 | J10: =J9+D10-F10 -> 1358 | L10: =J10/H10 -> 6.9641026 | M10: =K10/I10 -> 0 | O10: =J10/F10 -> 5.6583333 | P10: =K10/G10 -> 0
A11: 3 | B11: ='FRIT FV 090.540 - FTA'!B11 -> 46237 | C11: ='FRIT FV 090.540 - FTA'!C11 -> Không nhập - xuất | F11: =G11 -> 0 | H11: =SUM($F$8:F11)/A11 -> 130 | I11: =SUM($G$8:G11)/A11 -> 130 | J11: =J10+D11-F11 -> 1358 | L11: =J11/H11 -> 10.446154 | M11: =K11/I11 -> 0 | O11: =J11/F11 -> #DIV/0! | P11: =K11/G11 -> #DIV/0!
A12: 4 | B12: ='FRIT FV 090.540 - FTA'!B12 -> 46238 | C12: ='FRIT FV 090.540 - FTA'!C12 -> Không nhập - xuất | F12: =G12 -> 150 | G12: 150 | H12: =SUM($F$8:F12)/A12 -> 135 | I12: =SUM($G$8:G12)/A12 -> 135 | J12: =J11+D12-F12 -> 1208 | L12: =J12/H12 -> 8.9481481 | M12: =K12/I12 -> 0 | O12: =J12/F12 -> 8.0533333 | P12: =K12/G12 -> 0
A13: 5 | B13: ='FRIT FV 090.540 - FTA'!B13 -> 46239 | C13: ='FRIT FV 090.540 - FTA'!C13 -> Không nhập - xuất | F13: =G13 -> 150 | G13: 150 | H13: =SUM($F$8:F13)/A13 -> 138 | I13: =SUM($G$8:G13)/A13 -> 138 | J13: =J12+D13-F13 -> 1058 | L13: =J13/H13 -> 7.6666667 | M13: =K13/I13 -> 0 | O13: =J13/F13 -> 7.0533333 | P13: =K13/G13 -> 0
A14: 6 | B14: ='FRIT FV 090.540 - FTA'!B14 -> 46240 | C14: ='FRIT FV 090.540 - FTA'!C14 -> xuất | F14: =G14 -> 300 | G14: 300 | H14: =SUM($F$8:F14)/A14 -> 165 | I14: =SUM($G$8:G14)/A14 -> 165 | J14: =J13+D14-F14 -> 758 | L14: =J14/H14 -> 4.5939394 | M14: =K14/I14 -> 0 | O14: =J14/F14 -> 2.5266667 | P14: =K14/G14 -> 0
A15: 7 | B15: ='FRIT FV 090.540 - FTA'!B15 -> 46241 | C15: ='FRIT FV 090.540 - FTA'!C15 -> Không nhập - xuất | F15: =G15 -> 150 | G15: 150 | H15: =SUM($F$8:F15)/A15 -> 162.85714 | I15: =SUM($G$8:G15)/A15 -> 162.85714 | J15: =J14+D15-F15 -> 608 | L15: =J15/H15 -> 3.7333333 | M15: =K15/I15 -> 0 | O15: =J15/F15 -> 4.0533333 | P15: =K15/G15 -> 0
A16: 8 | B16: ='FRIT FV 090.540 - FTA'!B16 -> 46242 | C16: ='FRIT FV 090.540 - FTA'!C16 -> Không nhập - xuất | F16: =G16 -> 150 | G16: 150 | H16: =SUM($F$8:F16)/A16 -> 161.25 | I16: =SUM($G$8:G16)/A16 -> 161.25 | J16: =J15+D16-F16 -> 458 | L16: =J16/H16 -> 2.8403101 | M16: =K16/I16 -> 0 | O16: =J16/F16 -> 3.0533333 | P16: =K16/G16 -> 0
A17: 9 | B17: ='FRIT FV 090.540 - FTA'!B17 -> 46243 | C17: ='FRIT FV 090.540 - FTA'!C17 -> Không nhập - xuất | F17: =G17 -> 90 | G17: 90 | H17: =SUM($F$8:F17)/A17 -> 153.33333 | I17: =SUM($G$8:G17)/A17 -> 153.33333 | J17: =J16+D17-F17 -> 368 | L17: =J17/H17 -> 2.4 | M17: =K17/I17 -> 0 | O17: =J17/F17 -> 4.0888889 | P17: =K17/G17 -> 0
A18: 10 | B18: ='FRIT FV 090.540 - FTA'!B18 -> 46244 | C18: ='FRIT FV 090.540 - FTA'!C18 -> xuất | F18: =G18 -> 0 | H18: =SUM($F$8:F18)/A18 -> 138 | I18: =SUM($G$8:G18)/A18 -> 138 | J18: =J17+D18-F18 -> 368 | L18: =J18/H18 -> 2.6666667 | M18: =K18/I18 -> 0 | O18: =J18/F18 -> #DIV/0! | P18: =K18/G18 -> #DIV/0!
A19: 11 | B19: ='FRIT FV 090.540 - FTA'!B19 -> 46245 | C19: ='FRIT FV 090.540 - FTA'!C19 -> xuất | F19: =G19 -> 150 | G19: 150 | H19: =SUM($F$8:F19)/A19 -> 139.09091 | I19: =SUM($G$8:G19)/A19 -> 139.09091 | J19: =J18+D19-F19 -> 218 | L19: =J19/H19 -> 1.5673203 | M19: =K19/I19 -> 0 | O19: =J19/F19 -> 1.4533333 | P19: =K19/G19 -> 0
A20: 12 | B20: ='FRIT FV 090.540 - FTA'!B20 -> 46246 | C20: ='FRIT FV 090.540 - FTA'!C20 -> xuất | F20: =G20 -> 150 | G20: 150 | H20: =SUM($F$8:F20)/A20 -> 140 | I20: =SUM($G$8:G20)/A20 -> 140 | J20: =J19+D20-F20 -> 68 | L20: =J20/H20 -> 0.48571429 | M20: =K20/I20 -> 0 | N20: 0 | O20: =J20/F20 -> 0.45333333 | P20: =K20/G20 -> 0
A21: 13 | B21: ='FRIT FV 090.540 - FTA'!B21 -> 46247 | C21: ='FRIT FV 090.540 - FTA'!C21 -> xuất | F21: =G21 -> 90 | G21: 90 | H21: =SUM($F$8:F21)/A21 -> 136.15385 | I21: =SUM($G$8:G21)/A21 -> 136.15385 | J21: =J20+D21-F21 -> -22 | L21: =J21/H21 -> -0.16158192 | M21: =K21/I21 -> 0 | O21: =J21/F21 -> -0.24444444 | P21: =K21/G21 -> 0
A22: 14 | B22: ='FRIT FV 090.540 - FTA'!B22 -> 46248 | C22: Không phát sinh | F22: =G22 -> 0 | H22: =SUM($F$8:F22)/A22 -> 126.42857 | I22: =SUM($G$8:G22)/A22 -> 126.42857 | J22: =J21+D22-F22 -> -22 | L22: =J22/H22 -> -0.1740113 | M22: =K22/I22 -> 0 | N22: 0 | O22: =J22/F22 -> #DIV/0! | P22: =K22/G22 -> #DIV/0!
A23: 15 | B23: ='FRIT FV 090.540 - FTA'!B23 -> 46249 | C23: Không phát sinh | F23: =G23 -> 0 | H23: =SUM($F$8:F23)/A23 -> 118 | I23: =SUM($G$8:G23)/A23 -> 118 | J23: =J22+D23-F23 -> -22 | L23: =J23/H23 -> -0.18644068 | M23: =K23/I23 -> 0 | O23: =J23/F23 -> #DIV/0! | P23: =K23/G23 -> #DIV/0!
A24: 16 | B24: ='FRIT FV 090.540 - FTA'!B24 -> 46250 | C24: Không phát sinh | F24: =G24 -> 0 | H24: =SUM($F$8:F24)/A24 -> 110.625 | I24: =SUM($G$8:G24)/A24 -> 110.625 | J24: =J23+D24-F24 -> -22 | L24: =J24/H24 -> -0.19887006 | M24: =K24/I24 -> 0 | O24: =J24/F24 -> #DIV/0! | P24: =K24/G24 -> #DIV/0!
A25: 17 | B25: ='FRIT FV 090.540 - FTA'!B25 -> 46251 | C25: Không phát sinh | F25: =G25 -> 0 | H25: =SUM($F$8:F25)/A25 -> 104.11765 | I25: =SUM($G$8:G25)/A25 -> 104.11765 | J25: =J24+D25-F25 -> -22 | L25: =J25/H25 -> -0.21129944 | M25: =K25/I25 -> 0 | O25: =J25/F25 -> #DIV/0! | P25: =K25/G25 -> #DIV/0!
A26: 18 | B26: ='FRIT FV 090.540 - FTA'!B26 -> 46252 | C26: Không phát sinh | F26: =G26 -> 0 | H26: =SUM($F$8:F26)/A26 -> 98.333333 | I26: =SUM($G$8:G26)/A26 -> 98.333333 | J26: =J25+D26-F26 -> -22 | L26: =J26/H26 -> -0.22372881 | M26: =K26/I26 -> 0 | O26: =J26/F26 -> #DIV/0! | P26: =K26/G26 -> #DIV/0!
A27: 19 | B27: ='FRIT FV 090.540 - FTA'!B27 -> 46253 | C27: Không phát sinh | F27: =G27 -> 0 | H27: =SUM($F$8:F27)/A27 -> 93.157895 | I27: =SUM($G$8:G27)/A27 -> 93.157895 | J27: =J26+D27-F27 -> -22 | L27: =J27/H27 -> -0.23615819 | M27: =K27/I27 -> 0 | N27: 0 | O27: =J27/F27 -> #DIV/0! | P27: =K27/G27 -> #DIV/0!
A28: 20 | B28: ='FRIT FV 090.540 - FTA'!B28 -> 46254 | C28: Không phát sinh | F28: =G28 -> 0 | H28: =SUM($F$8:F28)/A28 -> 88.5 | I28: =SUM($G$8:G28)/A28 -> 88.5 | J28: =J27+D28-F28 -> -22 | L28: =J28/H28 -> -0.24858757 | M28: =K28/I28 -> 0 | O28: =J28/F28 -> #DIV/0! | P28: =K28/G28 -> #DIV/0!
A29: 21 | B29: ='FRIT FV 090.540 - FTA'!B29 -> 46255 | C29: Không phát sinh | F29: =G29 -> 0 | H29: =SUM($F$8:F29)/A29 -> 84.285714 | I29: =SUM($G$8:G29)/A29 -> 84.285714 | J29: =J28+D29-F29 -> -22 | L29: =J29/H29 -> -0.26101695 | M29: =K29/I29 -> 0 | O29: =J29/F29 -> #DIV/0! | P29: =K29/G29 -> #DIV/0!
A30: 22 | B30: ='FRIT FV 090.540 - FTA'!B30 -> 46256 | C30: Không phát sinh | F30: =G30 -> 0 | H30: =SUM($F$8:F30)/A30 -> 80.454545 | I30: =SUM($G$8:G30)/A30 -> 80.454545 | J30: =J29+D30-F30 -> -22 | L30: =J30/H30 -> -0.27344633 | M30: =K30/I30 -> 0 | O30: =J30/F30 -> #DIV/0! | P30: =K30/G30 -> #DIV/0!
A31: 23 | B31: ='FRIT FV 090.540 - FTA'!B31 -> 46257 | C31: Không phát sinh | F31: =G31 -> 0 | H31: =SUM($F$8:F31)/A31 -> 76.956522 | I31: =SUM($G$8:G31)/A31 -> 76.956522 | J31: =J30+D31-F31 -> -22 | L31: =J31/H31 -> -0.28587571 | M31: =K31/I31 -> 0 | O31: =J31/F31 -> #DIV/0! | P31: =K31/G31 -> #DIV/0!
A32: 24 | B32: ='FRIT FV 090.540 - FTA'!B32 -> 46258 | C32: Không phát sinh | F32: =G32 -> 0 | H32: =SUM($F$8:F32)/A32 -> 73.75 | I32: =SUM($G$8:G32)/A32 -> 73.75 | J32: =J31+D32-F32 -> -22 | L32: =J32/H32 -> -0.29830508 | M32: =K32/I32 -> 0 | O32: =J32/F32 -> #DIV/0! | P32: =K32/G32 -> #DIV/0!
A33: 25 | B33: ='FRIT FV 090.540 - FTA'!B33 -> 46259 | C33: Không phát sinh | F33: =G33 -> 0 | H33: =SUM($F$8:F33)/A33 -> 70.8 | I33: =SUM($G$8:G33)/A33 -> 70.8 | J33: =J32+D33-F33 -> -22 | L33: =J33/H33 -> -0.31073446 | M33: =K33/I33 -> 0 | O33: =J33/F33 -> #DIV/0! | P33: =K33/G33 -> #DIV/0!
A34: 26 | B34: ='FRIT FV 090.540 - FTA'!B34 -> 46260 | C34: Không phát sinh | F34: =G34 -> 0 | H34: =SUM($F$8:F34)/A34 -> 68.076923 | I34: =SUM($G$8:G34)/A34 -> 68.076923 | J34: =J33+D34-F34 -> -22 | L34: =J34/H34 -> -0.32316384 | M34: =K34/I34 -> 0 | O34: =J34/F34 -> #DIV/0! | P34: =K34/G34 -> #DIV/0!
A35: 27 | B35: ='FRIT FV 090.540 - FTA'!B35 -> 46261 | C35: Không phát sinh | F35: =G35 -> 0 | H35: =SUM($F$8:F35)/A35 -> 65.555556 | I35: =SUM($G$8:G35)/A35 -> 65.555556 | J35: =J34+D35-F35 -> -22 | L35: =J35/H35 -> -0.33559322 | M35: =K35/I35 -> 0 | O35: =J35/F35 -> #DIV/0! | P35: =K35/G35 -> #DIV/0!
A36: 28 | B36: ='FRIT FV 090.540 - FTA'!B36 -> 46262 | C36: Không phát sinh | F36: =G36 -> 0 | H36: =SUM($F$8:F36)/A36 -> 63.214286 | I36: =SUM($G$8:G36)/A36 -> 63.214286 | J36: =J35+D36-F36 -> -22 | L36: =J36/H36 -> -0.3480226 | M36: =K36/I36 -> 0 | O36: =J36/F36 -> #DIV/0! | P36: =K36/G36 -> #DIV/0!
A37: 29 | B37: ='FRIT FV 090.540 - FTA'!B37 -> 46263 | C37: Không phát sinh | F37: =G37 -> 0 | H37: =SUM($F$8:F37)/A37 -> 61.034483 | I37: =SUM($G$8:G37)/A37 -> 61.034483 | J37: =J36+D37-F37 -> -22 | L37: =J37/H37 -> -0.36045198 | M37: =K37/I37 -> 0 | O37: =J37/F37 -> #DIV/0! | P37: =K37/G37 -> #DIV/0!
A38: 30 | B38: ='FRIT FV 090.540 - FTA'!B38 -> 46264 | C38: Không phát sinh | F38: =G38 -> 0 | H38: =SUM($F$8:F38)/A38 -> 59 | I38: =SUM($G$8:G38)/A38 -> 59 | J38: =J37+D38-F38 -> -22 | L38: =J38/H38 -> -0.37288136 | M38: =K38/I38 -> 0 | O38: =J38/F38 -> #DIV/0! | P38: =K38/G38 -> #DIV/0!
A39: 31 | B39: ='FRIT FV 090.540 - FTA'!B39 -> 46265 | C39: Không phát sinh | F39: =G39 -> 0 | H39: =SUM($F$8:F39)/A39 -> 57.096774 | I39: =SUM($G$8:G39)/A39 -> 57.096774 | J39: =J38+D39-F39 -> -22 | L39: =J39/H39 -> -0.38531073 | M39: =K39/I39 -> 0 | O39: =J39/F39 -> #DIV/0! | P39: =K39/G39 -> #DIV/0!
A40: Cộng nhập xuất | E40: =SUM(E9:E39) -> 0 | F40: =SUM(F9:F39) -> 1770 | G40: =SUM(G9:G39) -> 1770 | J40: =J39 -> -22 | K40: =K39 -> 0
A41: Tổng cộng | D41: =D8+D40 -> 1748 | E41: =E8+E40 -> 1748 | F41: =F40+F8 -> 1770 | G41: =G40+G8 -> 1770 | J41: =D41-F41 -> -22 | K41: =D41-G41 -> -22

Sheet TỔNG HỢP THÁNG
A1: CÔNG TY CP GẠCH MEN PHƯƠNG NAM
A2: PHÒNG KẾ HOẠCH - VẬT TƯ | L2: BM. 03.14
A3: BÁO CÁO TỔNG HỢP NHẬP XUẤT TỒN NGUYÊN LIỆU MEN - PHỤ KIỆN Tháng 08 NĂM 2026 (Trích xuất vào ngày 25 hàng tháng)
A4: STT | B4: Tên SP | C4: ĐVT | D4: Tồn đầu kỳ | F4: Nhập trong kỳ | H4: Xuất trong kỳ | J4: ='FRIT HGE91-FHG'!E5 -> 17 | K4: ='FRIT HGE91-FHG'!G5 -> 8 | L4: Lượng dùng TB/ngày | M4: Số ngày còn sử dụng | N4: Ghi chú
D5: Quy khô | E5: Thực nhận | F5: Quy khô | G5: Quy ẩm | H5: Quy khô | I5: =G5 -> Quy ẩm | J5: Quy khô | K5: =I5 -> Quy ẩm
A6: I | B6: MEN LÓT | D6: Kg | E6: Kg | F6: Kg | G6: Kg | H6: Kg | I6: Kg | J6: Kg | K6: Kg
A7: 1 | B7: ='FRIT HGE91-FHG'!J4 -> FRIT HGE91-FHG | C7: kg | D7: ='FRIT HGE91-FHG'!J8 -> 30268.329 | E7: ='FRIT HGE91-FHG'!K8 -> 30667 | F7: ='FRIT HGE91-FHG'!D40 -> 27000 | G7: ='FRIT HGE91-FHG'!E40 -> 27000 | H7: ='FRIT HGE91-FHG'!F41 -> 14101 | I7: ='FRIT HGE91-FHG'!G41 -> 14286 | J7: =D7+F7-H7 -> 43167.329 | K7: =E7+G7-I7 -> 43381 | L7: =H7/$J$4 -> 829.47059 | M7: =J7/L7 -> 52.042025 | O7: FRIT HGE91-FHG'!A1
A8: 2 | B8: ='FRIT A106 -ACV'!J4 -> FRIT A106-ACV | C8: kg | D8: ='FRIT A106 -ACV'!J8 -> 12449.021 | E8: ='FRIT A106 -ACV'!K8 -> 12638.6 | F8: ='FRIT A106 -ACV'!D40 -> 20000 | G8: ='FRIT A106 -ACV'!E40 -> 20000 | H8: ='FRIT A106 -ACV'!F41 -> 12480 | I8: ='FRIT A106 -ACV'!G41 -> 12678 | J8: =D8+F8-H8 -> 19969.021 | K8: =E8+G8-I8 -> 19960.6 | L8: =H8/$J$4 -> 734.11765 | M8: =J8/L8 -> 27.201391 | O8: FRIT A106 -ACV'!A1
A9: 3 | B9: ='FRIT A103 -ACV'!J4 -> FRIT A103-ACV | C9: kg | D9: ='FRIT A103 -ACV'!J8 -> 0 | E9: ='FRIT A103 -ACV'!K8 -> 0 | F9: ='FRIT A103 -ACV'!D40 -> 0 | G9: ='FRIT A103 -ACV'!E40 -> 0 | H9: ='FRIT A103 -ACV'!F40 -> 0 | I9: ='FRIT A103 -ACV'!G40 -> 0 | J9: =D9+F9-H9 -> 0 | K9: =E9+G9-I9 -> 0 | L9: =H9/$J$4 -> 0 | M9: =J9/L9 -> #DIV/0! | O9: FRIT A103 -ACV'!A1
A10: 4 | B10: ='FRIT FO113-FHU'!J4 -> FRIT FO113-FHU | C10: kg | D10: ='FRIT FO113-FHU'!J8 -> 52686.112 | E10: ='FRIT FO113-FHU'!K8 -> 53111 | F10: ='FRIT FO113-FHU'!D40 -> 28000 | G10: ='FRIT FO113-FHU'!E40 -> 28000 | H10: ='FRIT FO113-FHU'!F41 -> 37545 | I10: ='FRIT FO113-FHU'!G41 -> 37937 | J10: =D10+F10-H10 -> 43141.112 | K10: =E10+G10-I10 -> 43174 | L10: =H10/$J$4 -> 2208.5294 | M10: =J10/L10 -> 19.533863 | O10: FRIT FO113-FHU'!A1
A11: 5 | B11: ='BẢ MEN'!J4 -> BẢ MEN | C11: kg | D11: ='BẢ MEN'!J8 -> 0 | E11: ='BẢ MEN'!K8 -> 0 | F11: ='BẢ MEN'!D40 -> 0 | G11: ='BẢ MEN'!E40 -> 0 | H11: ='BẢ MEN'!F40 -> 0 | I11: ='BẢ MEN'!G40 -> 0 | J11: =D11+F11-H11 -> 0 | K11: =E11+G11-I11 -> 0 | L11: =H11/$J$4 -> 0 | M11: =J11/L11 -> #DIV/0! | O11: BẢ MEN'!Print_Titles
A12: 6 | B12: ='Cao lanh N2A'!J4 -> E.Cao lanh N2A QĐ | C12: kg | D12: ='Cao lanh N2A'!J8 -> 76887.32 | E12: ='Cao lanh N2A'!K8 -> 108292 | F12: ='Cao lanh N2A'!D40 -> 0 | G12: ='Cao lanh N2A'!E40 -> 0 | H12: ='Cao lanh N2A'!F40 -> 30498 | I12: ='Cao lanh N2A'!G40 -> 41750 | J12: =D12+F12-H12 -> 46389.32 | K12: =E12+G12-I12 -> 66542 | L12: =H12/$J$4 -> 1794 | M12: =J12/L12 -> 25.858038 | O12: Cao lanh N2A'!A1
A13: 7 | B13: ='Cao lanh BF046A'!J4 -> E.Cao lanh BF046A QĐ | C13: kg | D13: ='Cao lanh BF046A'!J8 -> 0 | E13: ='Cao lanh BF046A'!K8 -> 0 | F13: ='Cao lanh BF046A'!D40 -> 1999.5 | G13: ='Cao lanh BF046A'!E40 -> 2666 | H13: ='Cao lanh BF046A'!F40 -> 120 | I13: ='Cao lanh BF046A'!G40 -> 161 | J13: =D13+F13-H13 -> 1879.5 | K13: =E13+G13-I13 -> 2505 | L13: =H13/$J$4 -> 7.0588235 | M13: =J13/L13 -> 266.2625 | O13: Cao lanh BF046A'!A1
A14: 8 | B14: ='KAOLANH AA INDO'!J4 -> E. KAO LANH AA INDO | C14: kg | D14: ='KAOLANH AA INDO'!J8 -> 69608.33 | E14: ='KAOLANH AA INDO'!K8 -> 93434 | F14: ='KAOLANH AA INDO'!D40 -> 27000 | G14: ='KAOLANH AA INDO'!E40 -> 27000 | H14: ='KAOLANH AA INDO'!F40 -> 15512 | I14: ='KAOLANH AA INDO'!G40 -> 21039 | J14: =D14+F14-H14 -> 81096.33 | K14: =E14+G14-I14 -> 99395 | L14: =H14/$J$4 -> 912.47059 | M14: =J14/L14 -> 88.875555 | O14: KAOLANH AA INDO'!A1
A15: 9 | B15: =KAOLANHVCT04A!J4 -> E. KAO LANH VCT04A | C15: kg | D15: =KAOLANHVCT04A!J8 -> 0 | E15: =KAOLANHVCT04A!K8 -> 0 | F15: =KAOLANHVCT04A!D40 -> 0 | G15: =KAOLANHVCT04A!E40 -> 0 | H15: =KAOLANHVCT04A!F40 -> 0 | I15: =KAOLANHVCT04A!G40 -> 0 | J15: =D15+F15-H15 -> 0 | K15: =E15+G15-I15 -> 0 | L15: =H15/$J$4 -> 0 | M15: =J15/L15 -> #DIV/0! | O15: KAOLANHVCT04A!A1
A16: 10 | B16: ='KAOLANH 168'!J4 -> E. KAO LANH 168 | C16: kg | D16: ='KAOLANH 168'!J8 -> 0 | E16: ='KAOLANH 168'!K8 -> 0 | F16: ='KAOLANH 168'!D40 -> 0 | G16: ='KAOLANH 168'!E40 -> 0 | H16: ='KAOLANH 168'!F40 -> 0 | I16: ='KAOLANH 168'!G40 -> 0 | J16: =D16+F16-H16 -> 0 | K16: =E16+G16-I16 -> 0 | L16: =H16/$J$4 -> 0 | M16: =J16/L16 -> #DIV/0! | O16: KAOLANH 168'!Print_Titles
A17: 11 | B17: ='TT KALI K200'!J4 -> TRÀNG THẠCH KALI K200 | C17: kg | D17: ='TT KALI K200'!D8 -> 67228 | E17: ='TT KALI K200'!E8 -> 67228 | F17: ='TT KALI K200'!D40 -> 56000 | G17: ='TT KALI K200'!E40 -> 56000 | H17: ='TT KALI K200'!F40 -> 20722 | I17: ='TT KALI K200'!G40 -> 20722 | J17: =D17+F17-H17 -> 102506 | K17: =E17+G17-I17 -> 102506 | L17: =H17/$J$4 -> 1218.9412 | M17: =J17/L17 -> 84.094296 | O17: TT KALI K200'!A1
A18: 12 | B18: ='FRIT FT3'!J4 -> FT3 | C18: kg | D18: ='FRIT FT3'!J8 -> 40803 | E18: ='FRIT FT3'!K8 -> 40803 | F18: ='FRIT FT3'!D40 -> 26000 | G18: ='FRIT FT3'!E40 -> 26000 | H18: ='FRIT FT3'!F40 -> 22356 | I18: ='FRIT FT3'!G40 -> 22356 | J18: =D18+F18-H18 -> 44447 | K18: =E18+G18-I18 -> 44447 | L18: =H18/$J$4 -> 1315.0588 | M18: =J18/L18 -> 33.798488 | O18: FRIT FT3'!A1
A19: 13 | B19: ='P. FELDSPAR K200-AD'!J4 -> P. FELDSPAR K200-AD | C19: kg | D19: ='P. FELDSPAR K200-AD'!J8 -> 0 | E19: ='P. FELDSPAR K200-AD'!K8 -> 0 | F19: ='P. FELDSPAR K200-AD'!D40 -> 0 | G19: ='P. FELDSPAR K200-AD'!E40 -> 0 | H19: ='P. FELDSPAR K200-AD'!F40 -> 0 | I19: ='P. FELDSPAR K200-AD'!G41 -> 0 | J19: =D19+F19-H19 -> 0 | K19: =E19+G19-I19 -> 0 | L19: =H19/$J$4 -> 0 | M19: =J19/L19 -> #DIV/0! | O19: P. FELDSPAR K200-TQ'!A1
A20: 14 | B20: ='NHÔM ÔXIT AL2O3-HNP'!J4 -> NHÔM ÔXIT Al2O3-HNP | C20: =C11 -> kg | D20: ='NHÔM ÔXIT AL2O3-HNP'!J8 -> 8211 | E20: ='NHÔM ÔXIT AL2O3-HNP'!K8 -> 8211 | F20: ='NHÔM ÔXIT AL2O3-HNP'!D40 -> 5000 | G20: ='NHÔM ÔXIT AL2O3-HNP'!E40 -> 5000 | H20: ='NHÔM ÔXIT AL2O3-HNP'!F40 -> 3986 | I20: ='NHÔM ÔXIT AL2O3-HNP'!G40 -> 3986 | J20: =D20+F20-H20 -> 9225 | K20: =E20+G20-I20 -> 9225 | L20: =H20/$J$4 -> 234.47059 | M20: =J20/L20 -> 39.343954 | O20: NHOM OXIT AL2O3-HNP'!A1
A21: 15 | B21: ='BF043 '!J4 -> E. GLAZE BF043-PV | C21: kg | D21: ='BF043 '!J8 -> 0 | E21: ='BF043 '!K8 -> 0 | F21: ='BF043 '!D40 -> 0 | G21: ='BF043 '!E40 -> 0 | H21: ='BF043 '!F40 -> 0 | I21: ='BF043 '!G40 -> 0 | J21: =D21+F21-H21 -> 0 | K21: =E21+G21-I21 -> 0 | L21: =H21/$J$4 -> 0 | M21: =J21/L21 -> #DIV/0! | O21: E. GLAZE BF043A-PV'!A1
A22: 16 | B22: ='FRIT FV 090.540 - FTA'!J4 -> FRIT FV090/540-FTA | C22: kg | D22: ='FRIT FV 090.540 - FTA'!J8 -> 521.472 | E22: ='FRIT FV 090.540 - FTA'!K8 -> 537.6 | F22: ='FRIT FV 090.540 - FTA'!D40 -> 0 | G22: ='FRIT FV 090.540 - FTA'!E40 -> 0 | H22: ='FRIT FV 090.540 - FTA'!F40 -> 0 | I22: ='FRIT FV 090.540 - FTA'!G40 -> 0 | J22: =D22+F22-H22 -> 521.472 | K22: =E22+G22-I22 -> 537.6 | L22: =H22/$J$4 -> 0 | M22: =J22/L22 -> #DIV/0! | O22: FRIT FV 090.540 - FTA'!A1
A23: 11 | B23: ='FRIT 090.558 - FTA'!J4 -> FRIT 090/558 - FTA | C23: kg | D23: ='FRIT 090.558 - FTA'!J8 -> 0 | E23: ='FRIT 090.558 - FTA'!K8 -> 0 | F23: ='FRIT 090.558 - FTA'!D40 -> 0 | G23: ='FRIT 090.558 - FTA'!E40 -> 0 | H23: ='FRIT 090.558 - FTA'!F40 -> 0 | I23: ='FRIT 090.558 - FTA'!G40 -> 0 | J23: =D23+F23-H23 -> 0 | K23: =E23+G23-I23 -> 0 | L23: =H23/$J$4 -> 0 | M23: =J23/L23 -> #DIV/0! | O23: FRIT 090.558 - FTA'!A1
A24: II | B24: MEN NỀN | D24: Kg | E24: Kg | F24: Kg | G24: Kg | H24: Kg | I24: Kg | J24: Kg | K24: Kg
A25: 1 | B25: ='FRIT 853-ACV'!J4 -> FRIT 853- ACV | C25: kg | D25: ='FRIT 853-ACV'!J8 -> 0 | E25: ='FRIT 853-ACV'!K8 -> 0 | F25: ='FRIT 853-ACV'!D40 -> 0 | G25: ='FRIT 853-ACV'!E40 -> 0 | H25: ='FRIT 853-ACV'!F41 -> 0 | I25: ='FRIT 853-ACV'!G41 -> 0 | J25: =D25+F25-H25 -> 0 | K25: =E25+G25-I25 -> 0 | L25: =H25/$J$4 -> 0 | M25: =J25/L25 -> #DIV/0! | O25: FRIT 853-ACV'!A1
A26: 2 | B26: ='FRIT 1089-ACV'!J4 -> FRIT 1089-ACV | C26: kg | D26: ='FRIT 1089-ACV'!J8 -> 0 | E26: ='FRIT 1089-ACV'!K8 -> 0 | F26: ='FRIT 1089-ACV'!D40 -> 0 | G26: ='FRIT 1089-ACV'!E40 -> 0 | H26: ='FRIT 1089-ACV'!F40 -> 0 | I26: ='FRIT 1089-ACV'!G40 -> 0 | J26: =D26+F26-H26 -> 0 | K26: =E26+G26-I26 -> 0 | L26: =H26/$J$4 -> 0 | M26: =J26/L26 -> #DIV/0! | O26: FRIT 1089-ACV'!A1
A27: 3 | B27: ='FRIT 502-ACV'!J4 -> FRIT 502-ACV | C27: kg | D27: ='FRIT 502-ACV'!J8 -> 26577.645 | E27: ='FRIT 502-ACV'!K8 -> 26765 | F27: ='FRIT 502-ACV'!D40 -> 39165.938 | G27: ='FRIT 502-ACV'!E40 -> 39732 | H27: ='FRIT 502-ACV'!F40 -> 38925 | I27: ='FRIT 502-ACV'!G40 -> 39387 | J27: =D27+F27-H27 -> 26818.583 | K27: =E27+G27-I27 -> 27110 | L27: =H27/$J$4 -> 2289.7059 | M27: =J27/L27 -> 11.712676 | O27: FRIT 502-ACV'!Print_Titles
A28: 4 | B28: ='FRIT A528'!J4 -> FRIT A528ACV | C28: kg | D28: ='FRIT A528'!J8 -> 0 | E28: ='FRIT A528'!K8 -> 0 | F28: ='FRIT A528'!D40 -> 0 | G28: ='FRIT A528'!E40 -> 0 | H28: ='FRIT A528'!F40 -> 0 | I28: ='FRIT A528'!G40 -> 0 | J28: =D28+F28-H28 -> 0 | K28: =E28+G28-I28 -> 0 | L28: =H28/$J$4 -> 0 | M28: =J28/L28 -> #DIV/0! | O28: FRIT A528'!A1
A29: 5 | B29: ='FRIT 856'!J4 -> FRIT 856 | C29: kg | D29: ='FRIT 856'!J8 -> 26762.515 | E29: ='FRIT 856'!K8 -> 26897 | F29: ='FRIT 856'!D40 -> 37070.106 | G29: ='FRIT 856'!E40 -> 37383 | H29: ='FRIT 856'!F40 -> 28080 | I29: ='FRIT 856'!G40 -> 28266 | J29: =D29+F29-H29 -> 35752.621 | K29: =E29+G29-I29 -> 36014 | L29: =H29/$J$4 -> 1651.7647 | M29: =J29/L29 -> 21.645105 | O29: FRIT 856'!A1
A30: 6 | B30: ='FRIT HGT03-FHG'!J4 -> FRIT HGT03-FHG | C30: =C35 -> kg | D30: ='FRIT HGT03-FHG'!J8 -> 0 | E30: ='FRIT HGT03-FHG'!K8 -> 0 | F30: ='FRIT HGT03-FHG'!D40 -> 0 | G30: ='FRIT HGT03-FHG'!E40 -> 0 | H30: ='FRIT HGT03-FHG'!F41 -> 0 | I30: ='FRIT HGT03-FHG'!G41 -> 0 | J30: =D30+F30-H30 -> 0 | K30: =E30+G30-I30 -> 0 | L30: =H30/$J$4 -> 0 | M30: =J30/L30 -> #DIV/0! | O30: FRIT HGT03-FHG'!A1
A31: 7 | B31: ='FRIT VFT03'!J4 -> FRIT VFT03 | C31: =C37 -> kg | D31: ='FRIT VFT03'!J8 -> 0 | E31: ='FRIT VFT03'!K8 -> 0 | F31: ='FRIT VFT03'!D40 -> 0 | G31: ='FRIT VFT03'!E40 -> 0 | H31: ='FRIT VFT03'!F40 -> 0 | I31: ='FRIT VFT03'!G40 -> 0 | J31: =D31+F31-H31 -> 0 | K31: =E31+G31-I31 -> 0 | L31: =H31/$J$4 -> 0 | M31: =J31/L31 -> #DIV/0! | O31: FRIT VFT03'!A1
A32: 8 | B32: ='FRIT A609'!J4 -> FRIT A609 | C32: =C38 -> kg | D32: ='FRIT A609'!J8 -> 16875.161 | E32: ='FRIT A609'!K8 -> 17167 | F32: ='FRIT A609'!D40 -> 64907.18 | G32: ='FRIT A609'!E40 -> 64982 | H32: ='FRIT A609'!F40 -> 24120 | I32: ='FRIT A609'!G40 -> 24313 | J32: =D32+F32-H32 -> 57662.341 | K32: =E32+G32-I32 -> 57836 | L32: =H32/$J$4 -> 1418.8235 | M32: =J32/L32 -> 40.640953 | O32: FRIT A609'!A1
A33: 9 | B33: ='FRIT VO22'!J4 -> FRIT VO22 - VITTO | C33: =C39 -> kg | D33: ='FRIT VO22'!J8 -> 257.808 | E33: ='FRIT VO22'!K8 -> 262 | F33: ='FRIT VO22'!D40 -> 0 | G33: ='FRIT VO22'!E40 -> 0 | H33: ='FRIT VO22'!F40 -> 0 | I33: ='FRIT VO22'!G40 -> 0 | J33: =D33+F33-H33 -> 257.808 | K33: =E33+G33-I33 -> 262 | L33: =H33/$J$4 -> 0 | M33: =J33/L33 -> #DIV/0! | O33: FRIT VO22'!A1
A34: 10 | B34: ='KAOLIN 1C-IMR'!J4 -> KAOLINOR 1C-VT | C34: =C39 -> kg | D34: ='KAOLIN 1C-IMR'!J8 -> 25055.64 | E34: ='KAOLIN 1C-IMR'!K8 -> 28440 | F34: ='KAOLIN 1C-IMR'!D40 -> 0 | G34: ='KAOLIN 1C-IMR'!E40 -> 0 | H34: ='KAOLIN 1C-IMR'!F40 -> 0 | I34: ='KAOLIN 1C-IMR'!G40 -> 0 | J34: =D34+F34-H34 -> 25055.64 | K34: =E34+G34-I34 -> 28440 | L34: =H34/$J$4 -> 0 | M34: =J34/L34 -> #DIV/0! | O34: CAO LANH 1C'!A1
A35: 11 | B35: ='ZIRCON ZS012-LGP'!J4 -> ZIRCON ZS012-LGP | C35: kg | D35: ='ZIRCON ZS012-LGP'!J8 -> 0 | E35: ='ZIRCON ZS012-LGP'!K8 -> 0 | F35: ='ZIRCON ZS012-LGP'!D40 -> 0 | G35: ='ZIRCON ZS012-LGP'!E40 -> 0 | H35: ='ZIRCON ZS012-LGP'!F40 -> 0 | I35: ='ZIRCON ZS012-LGP'!G40 -> 0 | J35: =D35+F35-H35 -> 0 | K35: =E35+G35-I35 -> 0 | L35: =H35/$J$4 -> 0 | M35: =J35/L35 -> #DIV/0! | O35: ZIRCONE ZS012-LGP'!A1
A36: 12 | B36: ='ZIRCON ZS08'!J4 -> ZIRCON ZS08 (0016) | C36: kg | D36: ='ZIRCON ZS08'!J8 -> 4566 | E36: ='ZIRCON ZS08'!K8 -> 4566 | F36: ='ZIRCON ZS08'!D40 -> 3564 | G36: ='ZIRCON ZS08'!E40 -> 3600 | H36: ='ZIRCON ZS08'!F40 -> 2352 | I36: ='ZIRCON ZS08'!G40 -> 2352 | J36: =D36+F36-H36 -> 5778 | K36: =E36+G36-I36 -> 5814 | L36: =H36/$J$4 -> 138.35294 | M36: =J36/L36 -> 41.762755 | O36: ZIRCON ZS08'!A1
A37: 13 | B37: ='CMC C20'!J4 -> CMC C20-TQ | C37: kg | D37: ='CMC C20'!J8 -> 0 | E37: ='CMC C20'!K8 -> 0 | F37: ='CMC C20'!D40 -> 0 | G37: ='CMC C20'!E40 -> 0 | H37: ='CMC C20'!F40 -> 0 | I37: ='CMC C20'!G40 -> 0 | J37: =D37+F37-H37 -> 0 | K37: =E37+G37-I37 -> 0 | L37: =H37/$J$4 -> 0 | M37: =J37/L37 -> #DIV/0! | O37: CMC C20-TQ'!A1
A38: 14 | B38: ='STTP-HNP'!J4 -> STTP-HNP | C38: =C47 -> kg | D38: ='STTP-HNP'!J8 -> 6453.9 | E38: ='STTP-HNP'!K8 -> 6453.9 | F38: ='STTP-HNP'!D40 -> 1000 | G38: ='STTP-HNP'!E40 -> 1000 | H38: ='STTP-HNP'!F40 -> 2160.5 | I38: ='STTP-HNP'!G40 -> 2160.5 | J38: =D38+F38-H38 -> 5293.4 | K38: =E38+G38-I38 -> 5293.4 | L38: =H38/$J$4 -> 127.08824 | M38: =J38/L38 -> 41.651377 | O38: STTP HNP'!A1
A39: 15 | B39: ='ROCIMA 623-HVC'!J4 -> ROCIMA 623-HVC | C39: =C30 -> kg | D39: ='ROCIMA 623-HVC'!J8 -> 0 | E39: ='ROCIMA 623-HVC'!K8 -> 0 | F39: ='ROCIMA 623-HVC'!D40 -> 0 | G39: ='ROCIMA 623-HVC'!E40 -> 0 | H39: ='ROCIMA 623-HVC'!F40 -> 0 | I39: ='ROCIMA 623-HVC'!G40 -> 0 | J39: =D39+F39-H39 -> 0 | K39: =E39+G39-I39 -> 0 | L39: =H39/$J$4 -> 0 | M39: =J39/L39 -> #DIV/0! | O39: ROCIMA 623-HVC'!A1
A40: 16 | B40: ='PROMEX CHS4'!J4 -> PROMEX CHS4 | C40: =C31 -> kg | D40: ='PROMEX CHS4'!J8 -> 1657.8 | E40: ='PROMEX CHS4'!K8 -> 1657.8 | F40: ='PROMEX CHS4'!D40 -> 0 | G40: ='PROMEX CHS4'!E40 -> 0 | H40: ='PROMEX CHS4'!F40 -> 467.3 | I40: ='PROMEX CHS4'!G40 -> 467.3 | J40: =D40+F40-H40 -> 1190.5 | K40: =E40+G40-I40 -> 1190.5 | L40: =H40/$J$4 -> 27.488235 | M40: =J40/L40 -> 43.309437 | O40: PROMEX CHS4'!Print_Titles
A41: 17 | B41: ='DEF 305'!J4 -> DEF-305 | C41: kg | D41: ='DEF 305'!J8 -> 0 | E41: ='DEF 305'!K8 -> 0 | F41: ='DEF 305'!D40 -> 1000 | G41: ='DEF 305'!E40 -> 1000 | H41: ='DEF 305'!F40 -> 0 | I41: ='DEF 305'!G40 -> 0 | J41: =D41+F41-H41 -> 1000 | K41: =E41+G41-I41 -> 1000 | L41: =H41/$J$4 -> 0 | M41: =J41/L41 -> #DIV/0! | O41: DEF 305'!A1
A42: 18 | B42: ='CMC T26'!J4 -> CMC T26 (VISCOLOSE 2000) | C42: kg | D42: ='CMC T26'!J8 -> 0 | E42: ='CMC T26'!K8 -> 0 | F42: ='CMC T26'!D40 -> 0 | G42: ='CMC T26'!E40 -> 0 | H42: ='CMC T26'!F40 -> 0 | I42: ='CMC T26'!G40 -> 0 | J42: =D42+F42-H42 -> 0 | K42: =E42+G42-I42 -> 0 | L42: =H42/$J$4 -> 0 | M42: =J42/L42 -> #DIV/0! | O42: CMC T26'!A1
A43: 19 | B43: ='CMC USK 60 THT'!J4 -> CMC USK 60 THT | C43: kg | D43: ='CMC USK 60 THT'!J8 -> 954.4 | E43: ='CMC USK 60 THT'!K8 -> 954.4 | F43: ='CMC USK 60 THT'!D40 -> 1000 | G43: ='CMC USK 60 THT'!E40 -> 1000 | H43: ='CMC USK 60 THT'!F40 -> 354.3 | I43: ='CMC USK 60 THT'!G40 -> 354.3 | J43: =D43+F43-H43 -> 1600.1 | K43: =E43+G43-I43 -> 1600.1 | L43: =H43/$J$4 -> 20.841176 | M43: =J43/L43 -> 76.775896 | O43: CMC USK 60 THT'!A1
A44: 20 | B44: ='CMC S50'!J4 -> CMC S50 | C44: kg | D44: ='CMC S50'!K8 -> 810 | E44: ='CMC S50'!K8 -> 810 | F44: ='CMC S50'!D40 -> 0 | G44: ='CMC S50'!E40 -> 0 | H44: ='CMC S50'!F40 -> 0 | I44: ='CMC S50'!G40 -> 0 | J44: =D44+F44-H44 -> 810 | K44: =E44+G44-I44 -> 810 | L44: =H44/$J$4 -> 0 | M44: =J44/L44 -> #DIV/0! | O44: CMC S50'!A1
A45: 21 | B45: ='CMC G30'!J4 -> CMC G30 | C45: kg | D45: ='CMC G30'!J8 -> 0 | E45: ='CMC G30'!K8 -> 0 | F45: ='CMC G30'!D40 -> 0 | G45: ='CMC G30'!E40 -> 0 | H45: ='CMC G30'!F40 -> 0 | I45: ='CMC G30'!G40 -> 0 | J45: =D45+F45-H45 -> 0 | K45: =E45+G45-I45 -> 0 | L45: =H45/$J$4 -> 0 | M45: =J45/L45 -> #DIV/0! | O45: CMC G30'!A1
A46: 18 | B46: ='ZIRCON ZRD5M'!J4 -> ZIRCON ZRD5M | C46: kg | D46: ='ZIRCON ZRD5M'!J8 -> 0 | E46: ='ZIRCON ZRD5M'!K8 -> 0 | F46: ='ZIRCON ZRD5M'!D40 -> 0 | G46: ='ZIRCON ZRD5M'!E40 -> 0 | H46: ='ZIRCON ZRD5M'!F40 -> 0 | I46: ='ZIRCON ZRD5M'!G40 -> 0 | J46: =D46+F46-H46 -> 0 | K46: =E46+G46-I46 -> 0 | L46: =H46/$J$4 -> 0 | M46: =J46/L46 -> #DIV/0! | O46: ZIRCON ZRD5M'!A1
A47: 19 | B47: ='FRIT VF1101N.A-VNF'!J4 -> FRIT VF1101N/A-VNF | C47: =C11 -> kg | D47: ='FRIT VF1101N.A-VNF'!J8 -> 0 | E47: ='FRIT VF1101N.A-VNF'!K8 -> 0 | F47: ='FRIT VF1101N.A-VNF'!D40 -> 0 | G47: ='FRIT VF1101N.A-VNF'!E40 -> 0 | H47: ='FRIT VF1101N.A-VNF'!F40 -> 0 | I47: ='FRIT VF1101N.A-VNF'!G40 -> 0 | J47: =D47+F47-H47 -> 0 | K47: =E47+G47-I47 -> 0 | L47: =H47/$J$4 -> 0 | M47: =J47/L47 -> #DIV/0! | O47: FRIT VF1101N/A'!A1
A48: 20 | B48: ='FRIT PT02-PĐ'!J4 -> FRIT PT02-PD | C48: =C19 -> kg | D48: ='FRIT PT02-PĐ'!J8 -> 0 | E48: ='FRIT PT02-PĐ'!K8 -> 0 | F48: ='FRIT PT02-PĐ'!D40 -> 0 | G48: ='FRIT PT02-PĐ'!E40 -> 0 | H48: ='FRIT PT02-PĐ'!F40 -> 0 | I48: ='FRIT PT02-PĐ'!G40 -> 0 | J48: =D48+F48-H48 -> 0 | K48: =E48+G48-I48 -> 0 | L48: =H48/$J$4 -> 0 | M48: =J48/L48 -> #DIV/0! | O48: FRIT PT02'!A1
A49: III | B49: MEN PANSON | D49: Kg | E49: Kg | F49: Kg | G49: Kg | H49: Kg | I49: Kg | J49: Kg | K49: Kg
A50: 1 | B50: ='FRIT FS459 FHU'!J4 -> FRIT FS459-FHU | C50: kg | D50: ='FRIT FS459 FHU'!J8 -> 0 | E50: ='FRIT FS459 FHU'!K8 -> 0 | F50: ='FRIT FS459 FHU'!D40 -> 0 | G50: ='FRIT FS459 FHU'!E40 -> 0 | H50: ='FRIT FS459 FHU'!F40 -> 0 | I50: ='FRIT FS459 FHU'!G40 -> 0 | J50: =D50+F50-H50 -> 0 | K50: =E50+G50-I50 -> 0 | L50: =H50/$J$4 -> 0 | M50: =J50/L50 -> #DIV/0! | O50: FRIT FS459 FHU'!Print_Titles
A51: 2 | B51: ='FRIT A608 ACV'!J4 -> FRIT A608 -ACV | C51: kg | D51: ='FRIT A608 ACV'!J8 -> 0 | E51: ='FRIT A608 ACV'!K8 -> 0 | F51: ='FRIT A608 ACV'!D40 -> 0 | G51: ='FRIT A608 ACV'!E40 -> 0 | H51: ='FRIT A608 ACV'!F40 -> 0 | I51: ='FRIT A608 ACV'!G40 -> 0 | J51: =D51+F51-H51 -> 0 | K51: =E51+G51-I51 -> 0 | L51: =H51/$J$4 -> 0 | M51: =J51/L51 -> #DIV/0! | O51: FRIT A608 ACV'!A1
A52: 3 | B52: ='FRIT A608-2 ACV'!J4 -> FRIT A608-2 ACV | C52: kg | D52: ='FRIT A608-2 ACV'!J8 -> 0 | E52: ='FRIT A608-2 ACV'!K8 -> 0 | F52: ='FRIT A608-2 ACV'!D40 -> 0 | G52: ='FRIT A608-2 ACV'!E40 -> 0 | H52: ='FRIT A608-2 ACV'!F40 -> 0 | I52: ='FRIT A608-2 ACV'!G40 -> 0 | J52: =D52+F52-H52 -> 0 | K52: =E52+G52-I52 -> 0 | L52: =H52/$J$4 -> 0 | M52: =J52/L52 -> #DIV/0! | O52: FRIT A608-2 ACV'!A1
A53: 4 | B53: ='FRIT HGT05-FHG '!J4 -> FRIT HGT05-FHG | C53: kg | D53: ='FRIT HGT05-FHG '!J8 -> 51930.208 | E53: ='FRIT HGT05-FHG '!K8 -> 52349 | F53: ='FRIT HGT05-FHG '!D40 -> 33750 | G53: ='FRIT HGT05-FHG '!E40 -> 33750 | H53: ='FRIT HGT05-FHG '!F40 -> 39690 | I53: ='FRIT HGT05-FHG '!G40 -> 39974 | J53: =D53+F53-H53 -> 45990.208 | K53: =E53+G53-I53 -> 46125 | L53: =H53/$J$4 -> 2334.7059 | M53: =J53/L53 -> 19.698502 | O53: FRIT HGT05-FHG '!A1
A54: 5 | B54: ='FRIT HT082'!J4 -> FRIT HT082-FHU | C54: kg | D54: ='FRIT HT082'!J8 -> 0 | E54: ='FRIT HT082'!K8 -> 0 | F54: ='FRIT HT082'!D40 -> 0 | G54: ='FRIT HT082'!E40 -> 0 | H54: ='FRIT HT082'!F40 -> 0 | I54: ='FRIT HT082'!G40 -> 0 | J54: =D54+F54-H54 -> 0 | K54: =E54+G54-I54 -> 0 | L54: =H54/$J$4 -> 0 | M54: =J54/L54 -> #DIV/0! | O54: FRIT HT082'!A1
A55: 6 | B55: ='FRIT PGB 1288B'!J4 -> FRIT PGB 1288B | C55: kg | D55: ='FRIT PGB 1288B'!J8 -> 0 | E55: ='FRIT PGB 1288B'!K8 -> 0 | F55: ='FRIT PGB 1288B'!D40 -> 0 | G55: ='FRIT PGB 1288B'!E40 -> 0 | H55: ='FRIT PGB 1288B'!F41 -> 0 | I55: ='FRIT PGB 1288B'!G41 -> 0 | J55: =D55+F55-H55 -> 0 | K55: =E55+G55-I55 -> 0 | L55: =H55/$J$4 -> 0 | M55: =J55/L55 -> #DIV/0! | O55: FRIT PGB 1288B'!A1
A56: 7 | B56: ='FRIT TM2085'!J4 -> FRIT TM2085 | C56: kg | D56: ='FRIT TM2085'!J8 -> 4306 | E56: ='FRIT TM2085'!K8 -> 4305.8 | F56: ='FRIT TM2085'!D40 -> 0 | G56: ='FRIT TM2085'!E40 -> 0 | H56: ='FRIT TM2085'!F41 -> 0 | I56: ='FRIT TM2085'!G41 -> 0 | J56: =D56+F56-H56 -> 4306 | K56: =E56+G56-I56 -> 4305.8 | L56: =H56/$J$4 -> 0 | M56: =J56/L56 -> #DIV/0! | O56: FRIT TM2085'!A1
A57: 8 | B57: ='FRIT 356'!J4 -> FRIT 356 | C57: kg | D57: ='FRIT 356'!J8 -> 3682.5 | E57: ='FRIT 356'!K8 -> 3750 | F57: ='FRIT 356'!D40 -> 0 | G57: ='FRIT 356'!E40 -> 0 | H57: ='FRIT 356'!F40 -> 0 | I57: ='FRIT 356'!G40 -> 0 | J57: =D57+F57-H57 -> 3682.5 | K57: =E57+G57-I57 -> 3750 | L57: =H57/$J$4 -> 0 | M57: =J57/L57 -> #DIV/0! | O57: FRIT 356'!A1
A58: 9 | B58: ='FRIT 356 L'!J4 -> FRIT 356 L | C58: kg | D58: ='FRIT 356 L'!J8 -> 59258.43 | E58: ='FRIT 356 L'!K8 -> 59857 | F58: ='FRIT 356 L'!D40 -> 0 | G58: ='FRIT 356 L'!E40 -> 0 | H58: ='FRIT 356 L'!F40 -> 18900 | I58: ='FRIT 356 L'!G40 -> 18957 | J58: =D58+F58-H58 -> 40358.43 | K58: =E58+G58-I58 -> 40900 | L58: =H58/$J$4 -> 1111.7647 | M58: =J58/L58 -> 36.301233 | O58: FRIT 356 L'!Print_Titles
A59: 10 | B59: ='FRIT 320'!J4 -> FRIT 320 | C59: kg | D59: ='FRIT 320'!J8 -> 0 | E59: ='FRIT 320'!K8 -> 0 | F59: ='FRIT 320'!D40 -> 0 | G59: ='FRIT 320'!E40 -> 0 | H59: ='FRIT 320'!F40 -> 0 | I59: ='FRIT 320'!G40 -> 0 | J59: =D59+F59-H59 -> 0 | K59: =E59+G59-I59 -> 0 | L59: =H59/$J$4 -> 0 | M59: =J59/L59 -> #DIV/0! | O59: FRIT 320'!A1
A60: 11 | B60: ='FRIT 515'!J4 -> FRIT 515 | C60: kg | D60: ='FRIT 515'!J8 -> 50 | E60: ='FRIT 515'!K8 -> 50 | F60: ='FRIT 515'!D40 -> 0 | G60: ='FRIT 515'!E40 -> 0 | H60: ='FRIT 515'!F40 -> 0 | I60: ='FRIT 515'!G40 -> 0 | J60: =D60+F60-H60 -> 50 | K60: =E60+G60-I60 -> 50 | L60: =H60/$J$4 -> 0 | M60: =J60/L60 -> #DIV/0! | O60: FRIT 515'!A1
A61: 12 | B61: ='FRIT 089'!J4 -> FRIT 089 | C61: kg | D61: ='FRIT 089'!J8 -> 50 | E61: ='FRIT 089'!K8 -> 50 | F61: ='FRIT 089'!D40 -> 0 | G61: ='FRIT 089'!E40 -> 0 | H61: ='FRIT 089'!F40 -> 0 | I61: ='FRIT 089'!G40 -> 0 | J61: =D61+F61-H61 -> 50 | K61: =E61+G61-I61 -> 50 | L61: =H61/$J$4 -> 0 | M61: =J61/L61 -> #DIV/0! | O61: FRIT 089'!A1
A62: IV | B62: MEN MATT | D62: Kg | E62: Kg | F62: Kg | G62: Kg | H62: Kg | I62: Kg | J62: 6 | K62: Kg
A63: 1 | B63: ='MT812-QĐ '!J4 -> MT812VT-QĐ | C63: =C35 -> kg | D63: ='MT812-QĐ '!J8 -> 3400 | E63: ='MT812-QĐ '!K8 -> 3400 | F63: ='MT812-QĐ '!D40 -> 0 | G63: ='MT812-QĐ '!E40 -> 0 | H63: ='MT812-QĐ '!F40 -> 0 | I63: ='MT812-QĐ '!G40 -> 0 | J63: =D63+F63-H63 -> 3400 | K63: =E63+G63-I63 -> 3400 | L63: =H63/$J$62 -> 0 | M63: =J63/L63 -> #DIV/0! | O63: MT812-QĐ '!A1
A64: 2 | B64: ='MT616-QĐ'!J4 -> MT616-QĐ | C64: =C37 -> kg | D64: ='MT616-QĐ'!J8 -> 0 | E64: ='MT616-QĐ'!K8 -> 0 | F64: ='MT616-QĐ'!D40 -> 0 | G64: ='MT616-QĐ'!E40 -> 0 | H64: ='MT616-QĐ'!F40 -> 0 | I64: ='MT616-QĐ'!G40 -> 0 | J64: =D64+F64-H64 -> 0 | K64: =E64+G64-I64 -> 0 | L64: =H64/$J$62 -> 0 | M64: =J64/L64 -> #DIV/0! | O64: MT616-QĐ'!A1
A65: 3 | B65: ='MT03VT-QĐ'!J4 -> MT03VT-QĐ | C65: =C38 -> kg | D65: ='MT03VT-QĐ'!J8 -> 760 | E65: ='MT03VT-QĐ'!K8 -> 760 | F65: ='MT03VT-QĐ'!D40 -> 0 | G65: ='MT03VT-QĐ'!E40 -> 0 | H65: ='MT03VT-QĐ'!F41 -> 0 | I65: ='MT03VT-QĐ'!G41 -> 0 | J65: =D65+F65-H65 -> 760 | K65: =E65+G65-I65 -> 760 | L65: =H65/$J$62 -> 0 | M65: =J65/L65 -> #DIV/0! | O65: MT03VT-QĐ'!A1
A66: 4 | B66: ='Y327-QĐ'!J4 -> MEN Y327-QĐ | C66: =C35 -> kg | D66: ='Y327-QĐ'!J8 -> 100 | E66: ='Y327-QĐ'!K8 -> 100 | F66: ='Y327-QĐ'!D40 -> 0 | G66: ='Y327-QĐ'!E40 -> 0 | H66: ='Y327-QĐ'!F40 -> 0 | I66: ='Y327-QĐ'!G40 -> 0 | J66: =D66+F66-H66 -> 100 | K66: =E66+G66-I66 -> 100 | L66: =H66/$J$62 -> 0 | M66: =J66/L66 -> #DIV/0! | O66: Y327-QĐ'!A1
A67: 5 | B67: ='BF-002A-QĐ '!J4 -> BF002A-QĐ | C67: =C37 -> kg | D67: ='BF-002A-QĐ '!J8 -> 0 | E67: ='BF-002A-QĐ '!K8 -> 0 | F67: ='BF-002A-QĐ '!D40 -> 0 | G67: ='BF-002A-QĐ '!E40 -> 0 | H67: ='BF-002A-QĐ '!F40 -> 0 | I67: ='BF-002A-QĐ '!G40 -> 0 | J67: =D67+F67-H67 -> 0 | K67: =E67+G67-I67 -> 0 | L67: =H67/$J$62 -> 0 | M67: =J67/L67 -> #DIV/0! | O67: BF-002A-QĐ '!A1
A68: 6 | B68: ='BALL CLAY BCO3-PV'!J4 -> BALL CLAY BC03-PV | C68: =C38 -> kg | D68: ='BALL CLAY BCO3-PV'!J8 -> 12132.5 | E68: ='BALL CLAY BCO3-PV'!K8 -> 12132.5 | F68: ='BALL CLAY BCO3-PV'!D40 -> 0 | G68: ='BALL CLAY BCO3-PV'!E40 -> 0 | H68: ='BALL CLAY BCO3-PV'!F40 -> 0 | I68: ='BALL CLAY BCO3-PV'!G40 -> 0 | J68: =D68+F68-H68 -> 12132.5 | K68: =E68+G68-I68 -> 12132.5 | L68: =H68/$J$62 -> 0 | M68: =J68/L68 -> #DIV/0! | O68: BALL CLAY BCO3-PV'!A1
A69: 7 | B69: ='VM01'!J4 -> MATT VM01 | C69: =C39 -> kg | D69: ='VM01'!J8 -> 32438.742 | E69: ='VM01'!K8 -> 32866 | F69: ='VM01'!D40 -> 0 | G69: ='VM01'!E40 -> 0 | H69: ='VM01'!F40 -> 0 | I69: ='VM01'!G40 -> 0 | J69: =D69+F69-H69 -> 32438.742 | K69: =E69+G69-I69 -> 32866 | L69: =H69/$J$62 -> 0 | M69: =J69/L69 -> #DIV/0! | O69: VM01'!A1
A70: 8 | B70: ='VM06'!J4 -> MATT VM06 | C70: =C41 -> kg | D70: ='VM06'!J8 -> 23608.26 | E70: ='VM06'!K8 -> 23895 | F70: ='VM06'!D40 -> 0 | G70: ='VM06'!E40 -> 0 | H70: ='VM06'!F40 -> 0 | I70: ='VM06'!G40 -> 0 | J70: =D70+F70-H70 -> 23608.26 | K70: =E70+G70-I70 -> 23895 | L70: =H70/$J$62 -> 0 | M70: =J70/L70 -> #DIV/0! | O70: VM06'!A1
A71: 9 | B71: ='VFM41'!J4 -> MATT VFM41 | C71: =C42 -> kg | D71: ='VFM41'!J8 -> 0 | E71: ='VFM41'!K8 -> 0 | F71: ='VFM41'!D40 -> 0 | G71: ='VFM41'!E40 -> 0 | H71: ='VFM41'!F40 -> 0 | I71: ='VFM41'!G40 -> 0 | J71: =D71+F71-H71 -> 0 | K71: =E71+G71-I71 -> 0 | L71: =H71/$J$62 -> 0 | M71: =J71/L71 -> #DIV/0! | O71: VFM41'!A1
A72: 10 | B72: ='VF150521'!J4 -> FRIT FV150/521 | C72: =C43 -> kg | D72: ='VF150521'!J8 -> 30113.919 | E72: ='VF150521'!K8 -> 31467 | F72: ='VF150521'!D40 -> 0 | G72: ='VF150521'!E40 -> 0 | H72: ='VF150521'!F40 -> 0 | I72: ='VF150521'!G40 -> 0 | J72: =D72+F72-H72 -> 30113.919 | K72: =E72+G72-I72 -> 31467 | L72: =H72/$J$62 -> 0 | M72: =J72/L72 -> #DIV/0! | O72: VF150521'!Print_Titles
A73: V | B73: MEN ĐẾ | D73: Kg | E73: Kg | F73: Kg | G73: Kg | H73: Kg | I73: Kg | J73: Kg | K73: Kg
A74: 1 | B74: ='MAGIÊ ÔXIT MgO-HNP'!J4 -> MAGIE OXIT MgO | C74: =C38 -> kg | D74: ='MAGIÊ ÔXIT MgO-HNP'!J8 -> 0 | E74: ='MAGIÊ ÔXIT MgO-HNP'!K8 -> 0 | F74: ='MAGIÊ ÔXIT MgO-HNP'!D40 -> 0 | G74: ='MAGIÊ ÔXIT MgO-HNP'!E40 -> 0 | H74: ='MAGIÊ ÔXIT MgO-HNP'!F40 -> 0 | I74: ='MAGIÊ ÔXIT MgO-HNP'!G40 -> 0 | J74: =D74+F74-H74 -> 0 | K74: =E74+G74-I74 -> 0 | L74: =H74/$J$4 -> 0 | M74: =J74/L74 -> #DIV/0! | O74: MAGIE OXIT'!A1
A75: 2 | B75: ='MGO- Men lót chân'!J4 -> MGO/ Men lót chân ( EG-02 ) | C75: =C39 -> kg | D75: ='MGO- Men lót chân'!J8 -> 584 | E75: ='MGO- Men lót chân'!K8 -> 584 | F75: ='MGO- Men lót chân'!D40 -> 0 | G75: ='MGO- Men lót chân'!E40 -> 0 | H75: ='MGO- Men lót chân'!F40 -> 0 | I75: ='MGO- Men lót chân'!G40 -> 0 | J75: =D75+F75-H75 -> 584 | K75: =E75+G75-I75 -> 584 | L75: =H75/$J$4 -> 0 | M75: =J75/L75 -> #DIV/0! | O75: MGO- Men lót chân'!Print_Titles
A76: 3 | B76: ='COMPOUD TRÁNG ĐẾ'!J4 -> COMPOUD TRÁNG ĐẾ | C76: =C39 -> kg | D76: ='COMPOUD TRÁNG ĐẾ'!J8 -> 17607.04 | E76: ='COMPOUD TRÁNG ĐẾ'!K8 -> 20008 | F76: ='COMPOUD TRÁNG ĐẾ'!D40 -> 0 | G76: ='COMPOUD TRÁNG ĐẾ'!E40 -> 0 | H76: ='COMPOUD TRÁNG ĐẾ'!F40 -> 3600 | I76: ='COMPOUD TRÁNG ĐẾ'!G40 -> 4113 | J76: =D76+F76-H76 -> 14007.04 | K76: =E76+G76-I76 -> 15895 | L76: =H76/$J$4 -> 211.76471 | M76: =J76/L76 -> 66.144356 | O76: COMPOUD TRÁNG ĐẾ'!A1
A77: 4 | B77: ='KAOLIN P08-KMD'!J4 -> KAOLIN P08-KMD | C77: =C47 -> kg | D77: ='KAOLIN P08-KMD'!J8 -> 0 | E77: ='KAOLIN P08-KMD'!K8 -> 0 | F77: ='KAOLIN P08-KMD'!D40 -> 0 | G77: ='KAOLIN P08-KMD'!E40 -> 0 | H77: ='KAOLIN P08-KMD'!F40 -> 0 | I77: ='KAOLIN P08-KMD'!G40 -> 0 | J77: =D77+F77-H77 -> 0 | K77: =E77+G77-I77 -> 0 | L77: =H77/$J$4 -> 0 | M77: =J77/L77 -> #DIV/0! | O77: CAO LANH P08'!A1
A78: VI | B78: MEN LÁT
A79: 1 | B79: ='FO118'!J4 -> FIT FO118 | C79: =C44 -> kg | D79: ='FO118'!J8 -> 89964.48 | E79: ='FO118'!K8 -> 90690 | F79: ='FO118'!D40 -> 28000 | G79: ='FO118'!E40 -> 28000 | H79: ='FO118'!F40 -> 53805 | I79: ='FO118'!G40 -> 54791 | J79: =D79+F79-H79 -> 64159.48 | K79: =E79+G79-I79 -> 63899 | L79: =H79/$J$4 -> 3165 | M79: =J79/L79 -> 20.271558 | O79: FO118'!A1
A80: 2 | B80: ='A117'!J4 -> FIT A117 | C80: =C45 -> kg | D80: ='A117'!J8 -> 0 | E80: ='A117'!K8 -> 0 | F80: ='A117'!D40 -> 0 | G80: ='A117'!E40 -> 0 | H80: ='A117'!F40 -> 0 | I80: ='A117'!G40 -> 0 | J80: =D80+F80-H80 -> 0 | K80: =E80+G80-I80 -> 0 | L80: =H80/$J$4 -> 0 | M80: =J80/L80 -> #DIV/0! | O80: A117'!Print_Titles
A81: 3 | B81: ='FO102'!J4 -> FIT FO102 | C81: =C50 -> kg | D81: ='FO102'!J8 -> 26346.528 | E81: ='FO102'!K8 -> 26559 | F81: ='FO102'!D40 -> 0 | G81: ='FO102'!E40 -> 0 | H81: ='FO102'!F40 -> 5629 | I81: ='FO102'!G40 -> 5662 | J81: =D81+F81-H81 -> 20717.528 | K81: =E81+G81-I81 -> 20897 | L81: =H81/$J$4 -> 331.11765 | M81: =J81/L81 -> 62.56848 | O81: FO102'!A1
A82: 4 | B82: ='VF1205'!J4 -> FIT VF1205 | C82: =C51 -> kg | D82: ='VF1205'!J8 -> 0 | E82: ='VF1205'!K8 -> 0 | F82: ='VF1205'!D40 -> 0 | G82: ='VF1205'!E40 -> 0 | H82: ='VF1205'!F40 -> 0 | I82: ='VF1205'!G40 -> 0 | J82: =D82+F82-H82 -> 0 | K82: =E82+G82-I82 -> 0 | L82: =H82/$J$4 -> 0 | M82: =J82/L82 -> #DIV/0! | O82: VF1205'!A1
A83: VII | B83: MEN LÓT SUGAR
A84: 1 | B84: =SUGAR!J4 -> MEN SUGAR | C84: =C53 -> kg | D84: =SUGAR!J8 -> 223 | E84: =SUGAR!K8 -> 223 | F84: =SUGAR!D40 -> 0 | G84: =SUGAR!E40 -> 0 | H84: =SUGAR!F40 -> 0 | I84: =SUGAR!G40 -> 0 | J84: =D84+F84-H84 -> 223 | K84: =E84+G84-I84 -> 223 | L84: =H84/$J$4 -> 0 | M84: =J84/L84 -> #DIV/0! | O84: SUGAR!A1
A85: 2 | B85: ='SUGAR PNSG02 -01'!J4 -> MEN SUGAR PNSG-02 (01) | C85: =C54 -> kg | D85: ='SUGAR PNSG02 -01'!J8 -> 36153.34 | E85: ='SUGAR PNSG02 -01'!K8 -> 38461 | F85: ='SUGAR PNSG02 -01'!D40 -> 0 | G85: ='SUGAR PNSG02 -01'!E40 -> 0 | H85: ='SUGAR PNSG02 -01'!F40 -> 2760 | I85: ='SUGAR PNSG02 -01'!G40 -> 2777 | J85: =D85+F85-H85 -> 33393.34 | K85: =E85+G85-I85 -> 35684 | L85: =H85/$J$4 -> 162.35294 | M85: =J85/L85 -> 205.68362 | O85: SUGAR PNSG02 -01'!A1
A86: 3 | B86: ='SUGAR PNSG02 - 05'!J4 -> MEN SUGAR PNSG-02 (05) | C86: =C55 -> kg | D86: ='SUGAR PNSG02 - 05'!J8 -> 6028.752 | E86: ='SUGAR PNSG02 - 05'!K8 -> 8236 | F86: ='SUGAR PNSG02 - 05'!D40 -> 0 | G86: ='SUGAR PNSG02 - 05'!E40 -> 0 | H86: ='SUGAR PNSG02 - 05'!F40 -> 240 | I86: ='SUGAR PNSG02 - 05'!G40 -> 284 | J86: =D86+F86-H86 -> 5788.752 | K86: =E86+G86-I86 -> 7952 | L86: =H86/$J$4 -> 14.117647 | M86: =J86/L86 -> 410.0366 | O86: SUGAR PNSG02 - 05'!A1
A87: VIII | B87: MEN BÓNG GẠCH LÁT
A88: 1 | B88: ='FRIT 288'!J4 -> FRIT 288 | C88: =C55 -> kg | D88: ='FRIT 288'!J8 -> 41874 | E88: ='FRIT 288'!K8 -> 41874 | F88: ='FRIT 288'!D40 -> 0 | G88: ='FRIT 288'!E40 -> 0 | H88: ='FRIT 288'!F40 -> 225 | I88: ='FRIT 288'!G40 -> 226 | J88: =D88+F88-H88 -> 41649 | K88: =E88+G88-I88 -> 41648 | L88: =H88/$J$4 -> 13.235294 | M88: =J88/L88 -> 3146.8133 | O88: FRIT 288'!A1
A89: 2 | B89: ='FRIT VS28'!J4 -> FRIT VS28 | C89: =C56 -> kg | D89: ='FRIT VS28'!J8 -> 25200.45 | E89: ='FRIT VS28'!K8 -> 25455 | F89: ='FRIT VS28'!D40 -> 0 | G89: ='FRIT VS28'!E40 -> 0 | H89: ='FRIT VS28'!F40 -> 8160 | I89: ='FRIT VS28'!G40 -> 8205 | J89: =D89+F89-H89 -> 17040.45 | K89: =E89+G89-I89 -> 17250 | L89: =H89/$J$4 -> 480 | M89: =J89/L89 -> 35.500937 | O89: FRIT VS28'!A1
A90: 3 | B90: ='FRIT VS68'!J4 -> FRIT VS68 | C90: =C57 -> kg | D90: ='FRIT VS68'!J8 -> 44276.76 | E90: ='FRIT VS68'!K8 -> 44724 | F90: ='FRIT VS68'!D40 -> 0 | G90: ='FRIT VS68'!E40 -> 0 | H90: ='FRIT VS68'!F40 -> 7752 | I90: ='FRIT VS68'!G40 -> 7846 | J90: =D90+F90-H90 -> 36524.76 | K90: =E90+G90-I90 -> 36878 | L90: =H90/$J$4 -> 456 | M90: =J90/L90 -> 80.098158 | O90: FRIT VS68'!A1
A91: 4 | B91: ='FRIT VS55'!J4 -> FRIT VS55 | C91: =C59 -> kg | D91: ='FRIT VS55'!J8 -> 7766.617 | E91: ='FRIT VS55'!K8 -> 7853 | F91: ='FRIT VS55'!D40 -> 0 | G91: ='FRIT VS55'!E40 -> 0 | H91: ='FRIT VS55'!F40 -> 8160 | I91: ='FRIT VS55'!G40 -> 8212 | J91: =D91+F91-H91 -> -393.383 | K91: =E91+G91-I91 -> -359 | L91: =H91/$J$4 -> 480 | M91: =J91/L91 -> -0.81954792 | O91: FRIT VS55'!A1
A92: X | B92: BI TRUNG CAO NHÔM | D92: Kg | E92: Kg | F92: Kg | G92: Kg | H92: Kg | I92: Kg | J92: Kg | K92: Kg
A93: 1 | B93: ='BI TRUNG NHÔM D60'!J4 -> ALUMINA BALLS DIA 60MM 68% | C93: =C68 -> kg | D93: ='BI TRUNG NHÔM D60'!J8 -> 91236 | E93: ='BI TRUNG NHÔM D60'!K8 -> 0 | F93: ='BI TRUNG NHÔM D60'!D40 -> 0 | G93: ='BI TRUNG NHÔM D60'!E40 -> 0 | H93: ='BI TRUNG NHÔM D60'!F40 -> 18200 | I93: ='BI TRUNG NHÔM D60'!G40 -> 0 | J93: =D93+F93-H93 -> 73036 | L93: =H93/$J$4 -> 1070.5882 | M93: =J93/L93 -> 68.22044 | O93: BI TRUNG NHOM D60'!A1
A94: 3 | B94: ='BI CAO NHÔM D60'!J4 -> ALUMINA BALLS DIA 60MM 92% | C94: =C11 -> kg | D94: ='BI CAO NHÔM D60'!J8 -> 7220 | F94: ='BI CAO NHÔM D60'!D40 -> 0 | G94: ='BI CAO NHÔM D60'!E40 -> 0 | H94: ='BI CAO NHÔM D60'!F40 -> 0 | I94: ='BI CAO NHÔM D60'!G40 -> 0 | J94: =D94++F94-H94 -> 7220 | L94: =H94/$J$4 -> 0 | M94: =J94/L94 -> #DIV/0! | O94: BI CAO NHOM D60'!A1
A95: XI | B95: MỰC IN KTS ESMALGLASS | D95: Kg | E95: Bình | F95: Kg | G95: Bình | H95: Kg | I95: Bình | J95: Kg | K95: Bình
A96: 1 | B96: ='MÀU XANH AZ1476'!J4 -> MÀU XANH CIK-AZ1476 | C96: =C11 -> kg | D96: ='MÀU XANH AZ1476'!I8 -> 555 | E96: ='MÀU XANH AZ1476'!J8 -> 111 | F96: ='MÀU XANH AZ1476'!D40 -> 540 | G96: ='MÀU XANH AZ1476'!E40 -> 90 | H96: ='MÀU XANH AZ1476'!F41 -> 705 | I96: ='MÀU XANH AZ1476'!G41 -> 141 | J96: =D96+F96-H96 -> 390 | K96: =E96+G96-I96 -> 60 | L96: =H96/$J$4 -> 41.470588 | M96: =J96/L96 -> 9.4042553 | O96: MÀU XANH AZ1476'!Print_Titles
A97: 2 | B97: ='MÀU NÂU MA5455'!J4 -> MÀU NÂU CIK-MA5455 | C97: kg | D97: ='MÀU NÂU MA5455'!I8 -> 252 | E97: ='MÀU NÂU MA5455'!J8 -> 42 | F97: ='MÀU NÂU MA5455'!D40 -> 120 | G97: ='MÀU NÂU MA5455'!E40 -> 20 | H97: ='MÀU NÂU MA5455'!F41 -> 174 | I97: ='MÀU NÂU MA5455'!G41 -> 29 | J97: =D97+F97-H97 -> 198 | K97: =E97+G97-I97 -> 33 | L97: =H97/$J$4 -> 10.235294 | M97: =J97/L97 -> 19.344828 | O97: MÀU NÂU MA5455'!A1
A98: 3 | B98: ='MÀU VÀNG CIK-AM5456'!J4 -> MÀU VÀNG CIK-AM5456 | C98: =C22 -> kg | D98: ='MÀU VÀNG CIK-AM5456'!I8 -> 570 | E98: ='MÀU VÀNG CIK-AM5456'!J8 -> 95 | F98: ='MÀU VÀNG CIK-AM5456'!D40 -> 720 | G98: ='MÀU VÀNG CIK-AM5456'!E40 -> 120 | H98: ='MÀU VÀNG CIK-AM5456'!F41 -> 810 | I98: ='MÀU VÀNG CIK-AM5456'!G41 -> 135 | J98: =D98+F98-H98 -> 480 | K98: =E98+G98-I98 -> 80 | L98: =H98/$J$4 -> 47.647059 | M98: =J98/L98 -> 10.074074 | O98: MÀU VÀNG CIK-AM5456'!A1
A99: 4 | B99: ='MÀU BE BG9454'!J4 -> MÀU BE CIK-BG9454 | C99: kg | D99: ='MÀU BE BG9454'!I8 -> 285 | E99: ='MÀU BE BG9454'!J8 -> 57 | F99: ='MÀU BE BG9454'!D40 -> 100 | G99: ='MÀU BE BG9454'!E40 -> 20 | H99: ='MÀU BE BG9454'!F41 -> 160 | I99: ='MÀU BE BG9454'!G41 -> 32 | J99: =D99+F99-H99 -> 225 | K99: =E99+G99-I99 -> 45 | L99: =H99/$J$4 -> 9.4117647 | M99: =J99/L99 -> 23.90625 | O99: Màu Be CIK-BG9454'!A1
A100: 5 | B100: ='MÀU ĐEN NE6153'!J4 -> MÀU ĐEN -CIK NE6153 | C100: kg | D100: ='MÀU ĐEN NE6153'!I8 -> 96 | E100: ='MÀU ĐEN NE6153'!J8 -> 16 | F100: ='MÀU ĐEN NE6153'!D40 -> 0 | G100: ='MÀU ĐEN NE6153'!E40 -> 0 | H100: ='MÀU ĐEN NE6153'!F40 -> 48 | I100: ='MÀU ĐEN NE6153'!G40 -> 8 | J100: =D100+F100-H100 -> 48 | K100: =E100+G100-I100 -> 8 | L100: =H100/$J$4 -> 2.8235294 | M100: =J100/L100 -> 17 | O100: MÀU ĐEN NE6153'!A1
...

Sheet SO SÁNH
A1: CÔNG TY CỐ PHẦN GẠCH MEN PHƯƠNG NAM
A2: PHÒNG KẾ HOẠCH - VẬT TƯ
A4: BÁO CÁO NHẬP- XUẤT- TỒN NGUYÊN LIỆU MEN - VẬT TƯ SẢN XUẤT Tháng 11 năm 2023
A6: Stt | B6: Mã hàng | C6: Tên hàng | D6: Đvt | E6: Tồn đầu | G6: Nhập | I6: Xuất | K6: Tồn cuối | M6: SẢN XUẤT | N6: KINH DOANH
E7: Quy khô | F7: Quy ướt | G7: Quy khô | H7: Quy ướt | I7: Quy khô | J7: Quy ướt | K7: Quy khô | L7: Quy ướt
A8: 1 | B8: NVLKM01.005 | C8: Nhôm oxit (AL2O3) | D8: kg | F8: ='TỔNG HỢP THÁNG'!E20 -> 8211 | H8: ='TỔNG HỢP THÁNG'!G20 -> 5000 | I8: ='TỔNG HỢP THÁNG'!H20 -> 3986 | J8: ='TỔNG HỢP THÁNG'!I20 -> 3986 | L8: =F8+H8-J8 -> 9225
A9: 2 | B9: NVLKM01.008 | C9: Cao lanh P0255 (Cao lanh 1C) | D9: kg | F9: ='TỔNG HỢP THÁNG'!E34 -> 28440 | H9: ='TỔNG HỢP THÁNG'!G34 -> 0 | I9: ='TỔNG HỢP THÁNG'!H34 -> 0 | J9: ='TỔNG HỢP THÁNG'!I34 -> 0 | L9: =F9+H9-J9 -> 28440
A10: 3 | B10: NVLKM01.012 | C10: BF043A+ | D10: kg | F10: ='TỔNG HỢP THÁNG'!E11 -> 0 | H10: ='TỔNG HỢP THÁNG'!G11 -> 0 | I10: ='TỔNG HỢP THÁNG'!H11 -> 0 | J10: ='TỔNG HỢP THÁNG'!I11 -> 0 | L10: =F10+H10-J10 -> 0
A11: 4 | B11: NVLKM01.015 | C11: Men gốm sứ FO113 | D11: kg | F11: ='TỔNG HỢP THÁNG'!E10 -> 53111 | H11: ='TỔNG HỢP THÁNG'!G10 -> 28000 | I11: ='TỔNG HỢP THÁNG'!H10 -> 37545 | J11: ='TỔNG HỢP THÁNG'!I10 -> 37937 | L11: =F11+H11-J11 -> 43174
A12: 5 | B12: NVLKM01.016 | C12: Tràng thạch Ấn Độ (PNG-AD) Feldspar | D12: kg | F12: ='TỔNG HỢP THÁNG'!E19 -> 0 | H12: ='TỔNG HỢP THÁNG'!G19 -> 0 | I12: ='TỔNG HỢP THÁNG'!H19 -> 0 | J12: ='TỔNG HỢP THÁNG'!I19 -> 0 | L12: =F12+H12-J12 -> 0
A13: 6 | B13: NVLKM01.037 | C13: Frit A106 | D13: kg | F13: ='TỔNG HỢP THÁNG'!E8 -> 12638.6 | H13: ='TỔNG HỢP THÁNG'!G8 -> 20000 | I13: ='TỔNG HỢP THÁNG'!H8 -> 12480 | J13: ='TỔNG HỢP THÁNG'!I8 -> 12678 | L13: =F13+H13-J13 -> 19960.6
A14: 7 | B14: NVLKM01.054 | C14: Men Frit HGE91 | D14: kg | F14: ='TỔNG HỢP THÁNG'!E7 -> 30667 | H14: ='TỔNG HỢP THÁNG'!G7 -> 27000 | I14: ='TỔNG HỢP THÁNG'!H7 -> 14101 | J14: ='TỔNG HỢP THÁNG'!I7 -> 14286 | L14: =F14+H14-J14 -> 43381
A15: 8 | B15: NVLKM01.055 | C15: Men lót HGQ03 | D15: kg | F15: ='TỔNG HỢP THÁNG'!E17 -> 67228 | H15: ='TỔNG HỢP THÁNG'!G17 -> 56000 | I15: ='TỔNG HỢP THÁNG'!H17 -> 20722 | J15: ='TỔNG HỢP THÁNG'!I17 -> 20722 | L15: =F15+H15-J15 -> 102506
A16: 9 | B16: NVLKM01.063 | C16: HGS82 | D16: kg | F16: ='TỔNG HỢP THÁNG'!E32 -> 17167 | H16: ='TỔNG HỢP THÁNG'!G32 -> 64982 | I16: ='TỔNG HỢP THÁNG'!H32 -> 24120 | J16: ='TỔNG HỢP THÁNG'!I32 -> 24313 | L16: =F16+H16-J16 -> 57836
A17: 10 | B17: NVLKM01.079 | C17: Frit A528 | D17: kg | F17: ='TỔNG HỢP THÁNG'!E28 -> 0 | H17: ='TỔNG HỢP THÁNG'!G28 -> 0 | I17: ='TỔNG HỢP THÁNG'!H28 -> 0 | J17: ='TỔNG HỢP THÁNG'!I28 -> 0 | L17: =F17+H17-J17 -> 0
A18: 11 | B18: NVLKM01.080 | C18: Frit bán đục FS-459 M1 | D18: kg | F18: ='TỔNG HỢP THÁNG'!E50 -> 0 | H18: ='TỔNG HỢP THÁNG'!G50 -> 0 | I18: ='TỔNG HỢP THÁNG'!H50 -> 0 | J18: ='TỔNG HỢP THÁNG'!I50 -> 0 | L18: =F18+H18-J18 -> 0
A19: 12 | B19: NVLKM02.001 | C19: Men STPP (trung quốc) | D19: kg | F19: ='TỔNG HỢP THÁNG'!E38 -> 6453.9 | H19: ='TỔNG HỢP THÁNG'!G38 -> 1000 | I19: ='TỔNG HỢP THÁNG'!H38 -> 2160.5 | J19: =I19 -> 2160.5 | L19: =F19+H19-J19 -> 5293.4
A20: 13 | B20: NVLKM02.005 | C20: Rocima 623 | D20: kg | F20: ='TỔNG HỢP THÁNG'!E39 -> 0 | H20: ='TỔNG HỢP THÁNG'!G39 -> 0 | I20: ='TỔNG HỢP THÁNG'!H39 -> 0 | J20: =I20 -> 0 | L20: =F20+H20-J20 -> 0
A21: 14 | B21: NVLKM02.006 | C21: Zircon Silicate ZS-012 (Zircone 5) | D21: kg | F21: ='TỔNG HỢP THÁNG'!E35 -> 0 | H21: ='TỔNG HỢP THÁNG'!G35 -> 0 | I21: ='TỔNG HỢP THÁNG'!H35 -> 0 | J21: ='TỔNG HỢP THÁNG'!I35 -> 0 | L21: =F21+H21-J21 -> 0
A22: 15 | B22: NVLKM02.015 | C22: CMC T26 | D22: kg | F22: ='TỔNG HỢP THÁNG'!E42 -> 0 | H22: ='TỔNG HỢP THÁNG'!G42 -> 0 | I22: ='TỔNG HỢP THÁNG'!H42 -> 0 | J22: =I22 -> 0 | L22: =F22+H22-J22 -> 0
A23: 16 | B23: NVLKM02.018 | C23: Frit HGT 05 | D23: kg | F23: ='TỔNG HỢP THÁNG'!E53 -> 52349 | H23: ='TỔNG HỢP THÁNG'!G53 -> 33750 | I23: ='TỔNG HỢP THÁNG'!H53 -> 39690 | J23: ='TỔNG HỢP THÁNG'!I53 -> 39974 | L23: =F23+H23-J23 -> 46125
A24: 17 | B24: NVLKM02.019 | C24: Men chống dính con lăn | D24: kg | F24: ='TỔNG HỢP THÁNG'!E76 -> 20008 | H24: ='TỔNG HỢP THÁNG'!G76 -> 0 | I24: ='TỔNG HỢP THÁNG'!H76 -> 3600 | J24: =I24 -> 3600 | L24: =F24+H24-J24 -> 16408
A25: 18 | B25: NVLKM02.027 | C25: Cao lanh men BF043 PV | D25: kg | F25: ='[1]TỔNG HỢP THÁNG'!E15 -> 10300 | H25: 0 | I25: ='TỔNG HỢP THÁNG'!H21 -> 0 | J25: ='TỔNG HỢP THÁNG'!J21 -> 0 | L25: =F25+H25-J25 -> 10300
A26: 19 | B26: NVLKM02.053 | C26: Cao lanh AA Indo | D26: kg | F26: ='TỔNG HỢP THÁNG'!E14 -> 93434 | H26: ='TỔNG HỢP THÁNG'!G14 -> 27000 | I26: ='TỔNG HỢP THÁNG'!H14 -> 15512 | J26: ='TỔNG HỢP THÁNG'!I14 -> 21039 | L26: =F26+H26-J26 -> 99395
A27: 20 | B27: NVLKM02.069 | C27: Frit trong VFT03 | D27: kg | F27: ='TỔNG HỢP THÁNG'!E31 -> 0 | H27: ='TỔNG HỢP THÁNG'!G31 -> 0 | I27: ='TỔNG HỢP THÁNG'!H31 -> 0 | J27: ='TỔNG HỢP THÁNG'!I31 -> 0 | L27: =F27+H27-J27 -> 0
A28: 21 | B28: NVLKM02.085 | C28: Frit 213 | D28: kg | F28: ='TỔNG HỢP THÁNG'!E29 -> 26897 | H28: ='TỔNG HỢP THÁNG'!G29 -> 37383 | I28: ='TỔNG HỢP THÁNG'!H29 -> 28080 | J28: ='TỔNG HỢP THÁNG'!I29 -> 28266 | L28: =F28+H28-J28 -> 36014
A29: 22 | B29: NVLKM02.087 | C29: Frit 356 | D29: kg | F29: ='TỔNG HỢP THÁNG'!E57 -> 3750 | H29: ='TỔNG HỢP THÁNG'!G57 -> 0 | I29: ='TỔNG HỢP THÁNG'!H57 -> 0 | J29: ='TỔNG HỢP THÁNG'!I57 -> 0 | L29: =F29+H29-J29 -> 3750
A30: 23 | B30: NVLKM03.008 | C30: Mực màu be | D30: kg | F30: ='TỔNG HỢP THÁNG'!D99 -> 285 | H30: ='TỔNG HỢP THÁNG'!F99 -> 100 | J30: ='TỔNG HỢP THÁNG'!H99 -> 160 | L30: =F30+H30-J30 -> 225
