Workbook
Name A: #REF!
Name A: #REF!
Name A: #REF!
Name A: #REF!
Name A: #REF!
Name A: #REF!
Name A: #REF!
Name A: #REF!
Name A: #REF!
Name A: #REF!
Name A: #REF!
Name A: #REF!
Name A: #REF!
Name A: #REF!
Name A: #REF!
Name A: #REF!
Name A: #REF!
Name A: #REF!
Name A: #REF!
Name A: #REF!
Name A: #REF!
Name A: #REF!
Name A: #REF!
Name A: #REF!
Name A: #REF!
Name A: #REF!
Name A: #REF!
Name A: #REF!
Name A: #REF!
Name A: #REF!
Name A: #REF!
Name A: #REF!
Name A40010005: 'TONG HOP'!#REF!
Name A40010005: 'TONG HOP'!#REF!
Name A40010005: 'TONG HOP'!#REF!
Name A40010005: 'TONG HOP'!#REF!
Name A40010005: 'TONG HOP'!#REF!
Name A40010005: 'TONG HOP'!#REF!
Name A40010005: 'TONG HOP'!#REF!
Name A40010005: 'TONG HOP'!#REF!
Name A40010005: 'TONG HOP'!#REF!
Name A40010005: 'TONG HOP'!#REF!
Name A40010005: 'TONG HOP'!#REF!
Name A40010005: 'TONG HOP'!#REF!
Name A40010005: 'TONG HOP'!#REF!
Name A40010005: 'TONG HOP'!#REF!
Name A40010005: 'TONG HOP'!#REF!
Name A40010005: 'TONG HOP'!#REF!
Name A40010005: 'TONG HOP'!#REF!
Name A40010005: 'TONG HOP'!#REF!
Name A40010005: 'TONG HOP'!#REF!
Name A40010005: 'TONG HOP'!#REF!
Name A40010005: 'TONG HOP'!#REF!
Name A40010005: 'TONG HOP'!#REF!
Name A40010005: 'TONG HOP'!#REF!
Name A40010005: 'TONG HOP'!#REF!
Name A40010005: 'TONG HOP'!#REF!
Name A40010005: 'TONG HOP'!#REF!
Name A40010005: 'TONG HOP'!#REF!
Name A40010005: 'TONG HOP'!#REF!

Sheet Nhà cung ứng
A1: CÔNG TY CỔ PHẦN GẠCH MEN PHƯƠNG NAM
A2: PHÒNG KẾ HOẠCH - VẬT TƯ | I2: BM.03.04
A3: DANH SÁCH NHÀ CUNG CẤP 2022
A4: STT | B4: Tên hàng hóa | C4: Đơn vị cung cấp | D4: Người liên hệ/ Chức vụ | E4: Địa chỉ - Mã số thuế | F4: Điện thoại - Email | G4: Số tài khoản | H4: Số lượng | I4: Thời gian liên hệ
A5: I. NGUYÊN LIỆU XƯƠNG
A6: 1 | B6: Đất sét T | C6: CÔNG TY TNHH LONG QUANG LH | D6: Ông Bùi Quang Vinh/ Giám đốc | E6: Số 59 thửa đất số 133, tờ bản đồ số 7, thị trấn Đình Văn, huyện Lâm Hà, Lâm Đồng MST: 5801431670 | F6: 0836115959 - nguyenthithuyduong952@gmail.com | G6: 050131285555 - Ngân hàng Sacmobank, huyện Lâm Hà, tỉnh Lâm Đồng
A7: 2 | B7: Cao lanh lọc - Cao lanh thô | C7: CÔNG TY TNHH ANH KIÊN | D7: Bà Trương Thị Thúy Hằng/ Giám đốc | E7: 319 đường 1/5, phường B'Lao, Tp. Bảo Lộc, tỉnh Lâm Đồng MST: 5800385414 | F7: 02633718215 - ctyanhkienld@gmail.com | G7: 1021770523 - Ngân hàng Vietcombank - CN Tp. Bảo Lộc
A8: 3 | B8: Đất sơ chế làm gạch A1 | C8: CÔNG TY CỔ PHẦN HT NGUYỄN | D8: Ông Nguyễn Khắc Tùng/ Giám đốc | E8: Tầng 6, Tòa nhà Việt Á, Số 9 Duy Tân, Phường Dịch Vọng Hậu, Quận Cầu Giấy, TP.Hà Nội MST: 0108605709 | F8: 0922355555 htnguyen.jsc@gmail.com | G8: 21110001984423 - Ngân hàng BIVD - CN Hà Nội
A9: 4 | B9: BM01 | C9: CÔNG TY TNHH CHUYỂN GIAO CÔNG NGHỆ BÌNH MINH | D9: Ông Trinh Văn Bình/ Giám đốc | E9: Trịnh Văn Bình phòng 2103-nhà N09B2, khu đô thị mới Dịch Vong, phường Dịch vọng, quận Cầu Giấy, TP Hà Nội MST: 0109883667 | F9: 0983656454 (Mr Bình) binhkttlt@gmail.com | G9: 115002904643 - Ngân hàng Viettinbank - CN Tây Hà Nội, Tp. Hà Nội
A10: 5 | B10: Quặng Felsapat PT3 - Cao lanh hàng B nghiền rời - Đất làm gạch màu vàng Phú Thọ (Talc) | C10: CÔNG TY TNHH VẬN TẢI VÀ DỊCH VỤ NGỌC KÝ | D10: Ông Phạm Ngọc Ký/ Giám đốc | E10: Nhà Ông Ký, Xóm 10, xã Đông Cơ, huyện Tiền Hải, tỉnh Thái Bình MST: 1000834198 | F10: 0912872404 - 0918725768 Congtyvantaingocky@gmail.com | G10: 117002634241 - Ngân hàng Vietinbank - CN Thái Bình
A11: 6 | B11: Bột đá D loại 2 | C11: CÔNG TY TNHH NGUYÊN LIỆU THIÊN SƠN | D11: Bà Nguyễn Bảo Ly/ Giám đốc | E11: Thôn Bút Sơn, Xã Thanh Sơn, Huyện Kim Bảng, Tỉnh Hà Nam MST: 0700256381 | F11: 0973571886 - 0918602186 dothusp2@gmail.com | G11: 48210000544097 - Ngân hàng TMCP Đầu tư và Phát triển Việt Nam- CN Hà Nam
A12: 7 | B12: STPP Xương | C12: CÔNG TY TNHH PHÁT TRIỂN TM VÀ XNK HOÀNG DƯƠNG | D12: Bà Phạm Thị Hồng Nhung/Giám đốc | E12: Số 20 đường Lương Ngọc Quyến, Tổ 2, Phường Quang Trung, TP. Thái Nguyên, Tỉnh Thái Nguyên MST: 4601345888 | F12: 0984258358 - hoangduong8817@gmail.com hongnhung0788@gmail.com | G12: 0451000414441 - Ngân hàng TMCP Ngoại thương Việt Nam - CN Thành Công
A13: 8 | B13: Natri Silicate (Thủy tinh lỏng) | C13: CÔNG TY TNHH THƯƠNG MẠI DỊCH VỤ NGỌC ANH ĐẠT | D13: Ông Nguyễn Bá Ngọc/ Giám đốc | E13: Thửa đất số 814, Tờ bản đồ số 49, Tổ 4, Khu phố 2, Phường Thới Hòa, Thị Xã Bến Cát, Tỉnh Bình Dương MST: 3702061802 | F13: 0979956835 - 0979088179 ngocanhdat79@gmail.com | G13: 7966656599999 - Ngân hàng MB - CN Mỹ Phước - Bình Dương
A14: 9 | B14: =B13 -> Natri Silicate (Thủy tinh lỏng) | C14: CÔNG TY TNHH SX TM THỦY TINH PHẠM GIA | D14: Bà Lê Thị Hoài Thanh/ Giám đốc | E14: Số 17E/8A, KP.2, Phường Long Bình, TP. Biên Hòa, Tỉnh Đồng Nai MST: 3603650814 | F14: 0911628999 chinhpham1704@gmail.com | G14: 19134477214018 - Ngân hàng TMCP Kỹ Thương Việt Nam - CN Đồng Nai
A15: II. NHIÊN LIỆU
A16: 1 | B16: Than cục 4 | C16: CÔNG TY TNHH SX & TM ĐỨC ANH | D16: Ông Phí Đức Đại/ Giám đốc | E16: Số 215 , Đường Minh Tân, Khu Bích Nhôi 3, Phường Minh Tân, Thị Xã Kinh Môn, Tỉnh Hải Dương MST: 0801366020 | F16: 0903279050 - tmducanh01@gmail.com | G16: 115601525666 - Ngân hàng Vietinbank - CN Đông Hải Dương
A17: 2 | B17: Than cục 4 | C17: CÔNG TY TNHH THAN NAM LỘC PHÁT | D17: Bà Trịnh Thị Hòa/ Giám đốc | E17: 762/36/45A, QL 1A, P.Bình Hưng Hòa, Quận Bình Tân, Tp.HCM MST: 0315772465 | F17: 02838293179 congtythannamlocphat@gmail.com | G17: 6867537 - Ngân hàng ACB - Tp.Hồ Chí Minh
A18: 3 | B18: Than cục 4A2 | C18: CÔNG TY CP THƯƠNG MẠI XNK HƯNG TAM LONG | D18: Bà Nguyễn Thu Hồng/ Giám đốc | E18: 567, Khu phố 7, Huỳnh Tấn Phát, Thị trấn Nhà Bè, Huyện Nhà Bè, Tp.Hồ Chí Minh MST: 0308928383 | F18: 02837770777 hungtamlongcty@gmail.com | G18: 1029397548 - Ngân hàng Vietcombank - CN Nam Sài Gòn, Tp.HCM
A19: 4 | B19: Than cục 4 | C19: CÔNG TY CỔ PHẦN GẠCH MEN PHƯƠNG NAM | D19: Ông Đinh Khắc Trung/ Tổng giám đốc | E19: 135/37/74 Nguyễn Hữu Cảnh, Phường 22, Quận Bình Thạnh, Tp.Hồ Chí Minh MST: 3602227109 | F19: 02513684039 kehoachvattu.pnc@gmail.com | G19: 6300201026920 - Ngân hàng Agribank - CN9, Tp.HCM
A20: 5 | B20: Than cục 1C | C20: CÔNG TY CỔ PHẦN ĐẦU TƯ TOÀN AN | D20: Bà Phạm Thị Thoa/ Giám đốc | E20: 12G Nguyễn Quang Bích, Phường 13, Quận Tân Bình, Tp. Hồ Chí Minh MST: 0304245844 | F20: 02838498442 phamhung.toanan@gmail.com | G20: 6300201033948 - Ngân hàng Agribank - CN 9, Tp. HCM
A21: 6 | B21: Than cục 4 | C21: CÔNG TY TNHH THƯƠNG MẠI KHOÁNG SẢN HẢI MINH | D21: Ông Trần Văn Trúc/ Giám đốc | E21: Số 2B210, Tổ 3, Phường Thành Tô, Quận Hải An, TP. Hải Phòng MST: 0201750549 | F21: 02253569314 maichau1978@gmail.com | G21: 2511142688688 - Ngân hàng TMCP Quân Đội - CN Hải Phòng
A22: 7 | B22: Bã vỏ điều | C22: CÔNG TY TNHH MTV GIA PHÚC HÂN | D22: Bà Trương Thị Huỳnh Như/ Giám đốc | E22: Thửa đất số 392, tờ bản đồ số 36, tổ 1, ấp bàu bàng, xã lai uyên Huyện Bàu Bàng, Tỉnh Bình Dương MST: 3702492051 | F22: 0913668489 giaphuchan2016@gmail.com | G22: 050 066 533 521 - Ngân hàng Sacombank - CN Bàu Bàng, Huyện Bàu Bàng, Tỉnh Bình Dương
A23: 8 | B23: Bã vỏ điều | C23: CÔNG TY TNHH DUY PHÁT TÂY NGUYÊN | D23: Ông Trần Phạm Tiến/ Giám đốc | E23: Số 0.50, Đường Đồng Khởi, KP 3, Phường Tam Hòa, TP. Biên Hòa, Tỉnh Đồng Nai MST: 3603866690 | F23: 0969417470 duyphattaynguyen@gmail.com | G23: 5912238666679 - Ngân hàng Agribank - CN TP Biên Hòa - Bắc Đồng Nai
A24: 9 | B24: Xăng dầu | C24: CÔNG TY TNHH TÍN THỊNH PHÁT ĐỒNG NAI | D24: Ông Huỳnh Văn Lâm/ Phó Giám đốc | E24: E17, Cư xá Tỉnh ủy, KP.1, P.Quyết Thắng, Biên Hòa, Đồng Nai MST: 3602442963 | F24: 02513947680 tinthinhphatdn@gmail.com | G24: 050028898311 - Ngân hàng Sacombank - CN Đồng Nai
A25: 10 | B25: Dầu DO | C25: CÔNG TY TNHH MTV TM XĂNG DẦU NAM TRUNG PHONG | D25: Ông Trần Quang Trung/ Giám đốc | E25: Km 119, Quốc lộ 20, Xã Phú Lợi , Huyện Định Quán, Đồng Nai MST: 3600642702 | F25: 0934118888 anhan.tptb2016@gmail.com | G25: 67010000640950 - Ngân hàng BIDV - PGD Long Khánh, Đồng Nai
A26: III. NGUYÊN LIỆU MEN - MÀU
A27: 1 | B27: Men gốm sứ FO102, FO113, Fo118, Nguyên liệu Engobe FT3 | C27: CÔNG TY TNHH KINH DOANH FRIT THỪA THIÊN HUẾ | D27: Ông Nguyễn Văn Hùng/ Giám đốc | E27: Lô 1A KCN Phú Bài, Phường Phú Bài, TT Hương Thủy, Tỉnh Thừa Thiên Huế MST: 3300350297 | F27: 0234-3851423 frithue1999@gmail.com | G27: 0161000011208 - Ngân hàng TMCP Ngoại Thương Việt Nam - CN Huế
A28: 2 | B28: Men Frit HGE91 | C28: CÔNG TY CỔ PHẦN FRIT HƯƠNG GIANG | D28: Ông Nguyễn Thanh Hải/ Giám đốc | E28: Lô CN07, Khu B, KCN Phong Điền, TT. Phong Điền, Huyện Phong Điền, Tỉnh Thừa Thiên Huế MST: 3301642694 | F28: 02343595695 huonggiangfrit@gmail.com | G28: 110002681337 - Ngân hàng Vietinbank - CN Thừa Thiên Huế
A29: 3 | B29: Bột nhôm oxit AL2O3, STPP Men | C29: CÔNG TY TNHH ĐẦU TƯ HOÀNG NAM PHÁT | D29: Ông Hoàng Văn Ngân/ Giám đốc | E29: Số A24, Đường ĐT 747B, KP. Ông Đông, Phường Tân Hiệp, TX. Tân Uyên, Tỉnh Bình Dương MST: 3702210148 | F29: 0937340999-0969701707 hoangnamphat_chem@yahoo.com.vn | G29: 0281000327486 - Ngân hàng Vietcombank - CN Bình Dương
A30: 4 | B30: Nhôm oxit | C30: CÔNG TY TNHH THƯƠNG MẠI VÀ XUẤT NHẬP KHẨU QUỐC BẢO | D30: Ông Đỗ Công Nguyên/ Giám đốc | E30: TT2-34, Khu đấu giá Tứ Hiệp- Ngũ Hiệp, Xã Tứ Hiệp, Huyện Thanh Trì, TP. Hà Nội MST: 0102817087 | F30: 02462927654 honggiangquocbao1978@gmail.com | G30: 7087888888 - Ngân hàng ACB - CN Thanh Trì, Hà Nội
A31: 5 | B31: Zircon ZS-012 | C31: CÔNG TY CỔ PHẦN LỤC GIA PHÁT | D31: Ông Nguyễn Văn Thắng/ Giám đốc | E31: 674 Lê Duẩn, Phường An Hòa, TP Huế, Tỉnh Thừa Thiên Huế MST: 3301323401 | F31: 02343588828 lucgiaphat@gmail.com | G31: 113000114549 - Ngân hàng Vietinbank - CN Thừa Thiên Huế
A32: 6 | B32: Kaolin AA Indo | C32: PT ALTER ABADI TBK | E32: GD Asean Tower 5th FL, JL KH Samanhudi No 10, Pasar Baru, Sawah Besar - DKI Jakarta, Indonesia | F32: 6221 -380-28651 | G32: 0023027523 - Ngân hàng BCA KCU PASAR BARU
A33: 7 | B33: Cao lanh men | C33: CÔNG TY CỔ PHẦN KHOÁNG SẢN-HÓA CHẤT PHÚ THỌ | D33: Ông Lê Trung Kiên/ Giám đốc | E33: Khu 7, Xã Giáp Lai, Huyện Thanh Sơn, Tỉnh Phú Thọ MST: 2600968438 | F33: 02103873239 thuyninhtspt@gmail.com | G33: 2715201004191 - Ngân hàng Agribank - CN Thanh Sơn, Phú Thọ
A34: 8 | B34: Rocima 623 | C34: CÔNG TY TNHH XUẤT NHẬP KHẨU THIÊN HÒA ĐẤT VIỆT | D34: Ông Ngô Văn Trào/ Giám đốc | E34: Thôn Thụy Lôi, Xã Thụy Lâm, Huyện Đông Anh, TP.Hà Nội MST: 0106614680 | F34: 0986068339 kaotrao@gmail.com | G34: 0541102813007 - Ngân hàng TMCP Quân đội - CN Thăng Long
A35: 9 | B35: Chất chống đông men PQ-601 | C35: CÔNG TY TNHH DV KT VÀ TM THÁI DƯƠNG | D35: Bà Nguyễn Thị Thanh Hà/ Giám đốc | E35: P406, Tòa nhà The Garden, Đường Mễ Trì, Phường Mỹ Đình 1, Quận Nam Từ Liêm, TP Hà Nội MST: 0101525606 | F35: 02437854014 nguyetntm@thanhdattrading.com.vn | G35: 0791001734005 -Ngân hàng ABBANK - Hà Nội
A36: 10 | B36: Men VTMKD | C36: CÔNG TY TNHH VITTO | D36: Ông Nguyễn Xuân Quang/ Giám đốc | E36: Lô CN 11-13, KCN La Sơn, Xã Lộc Sơn, Huyện Phú Lộc, Tỉnh Thừa Thiên Huế MST: 3301518915 | F36: 02343688545 thuongl@vthmgroup.vn | G36: 0361000111999 - Ngân hàng TMCP Ngoại Thương Việt Nam - CN Vĩnh Phúc
A37: 11 | B37: Men VF1205 | C37: CÔNG TY CỔ PHẦN VINAFRIT | D37: Ông Hà Mạnh Tuấn/ Giám đốc | E37: Lô đất diện tích 26.080,2 m2 KCN Tiền Hải, Xã Đông Cơ, Huyện Tiền Hải, Tỉnh Thái Bình MST: 1000398537 | F37: 02273653461 Huanmkd@gmail.com | G37: 47110000041251 - Ngân hàng TMCP Đầu tư & Phát triển Việt Nam - CN Thái Bình
A38: 12 | B38: Carboxymethyl cellulose (CMC) - USK70TN514, Men chống dính con lăn | C38: CÔNG TY TNHH VẬT TƯ KỸ THUẬT GỐM SỨ CERATECH | D38: Ông Nguyễn Minh Tuấn/ Giám đốc | E38: Thôn 8, Xã Xuân Quan, Huyện Văn Giang, Tỉnh Hưng Yên MST: 0900855382 | F38: 0904683835 Gomsuceratech@gmail.com | G38: 03101010662686 - Ngân hàng TMCP Hàng Hải Việt Nam - CN Đống Đa, Hà Nội
A39: 13 | B39: Phụ gia ổn định độ nhớt của men Fluicast N 40 | C39: CÔNG TY TNHH THƯƠNG MẠI KỸ THUẬT THẠCH QUANG | D39: Ông Nguyễn Xuân Quyết/ Giám đốc | E39: 195/12 Xô Viết Nghệ Tĩnh, P.17, Quận Bình Thạnh, TP.HCM MST: 0309064993 | F39: 02838411405 sales@thachquang.com.vn | G39: 0371000508427 - Ngân hàng Vietcombank - CN Tân Định, TP.HCM
A40: 14 | B40: Bột màu AL-83340, Men mài VNK00061CB | C40: CÔNG TY TNHH TORRECID VIỆT NAM | D40: Mr. Fernando Pellicer Brumos/ Managing Director | E40: KCN Long Thành, Xã Tam An, Huyện Long Thành, Tỉnh Đồng Nai MST: 3603153435 | F40: 02513514103 salesvn01@torrecid.com | G40: 7201101234003 - Ngân hàng TMCP Quân đội - CN Đồng Nai
A41: 15 | B41: Men Candy Glaze 602C -6209C - 6069 - 7070C Dung môi CF-015 | C41: CÔNG TY TNHH MỘT THÀNH VIÊN THƯƠNG MẠI DỊCH VỤ VẬT LIỆU THIẾT BỊ QUẢNG ĐÔNG | D41: Ông Nguyễn Hồng Quang/ Giám đốc | E41: Số 106, đường 1 tháng 12, tổ 80, KP 8, P. Phú Lợi, Tp. Thủ Dầu Một, Tỉnh Bình Dương MST: 3702264513 | F41: 0913026783 quangthietbi@gmail.com | G41: 0281000353834 - Ngân hàng Vietcombank - CN Bình Dương
A42: 16 | B42: PolyAluminium Chcloride, Acid Nitric, Polymer Anion | C42: CÔNG TY CỔ PHẦN HÓA CHẤT MGP ĐỒNG NAI | D42: Ông Trần Anh Dũng/ Giám đốc | E42: I10, dường số 5, ấp Phước Hội, Xã Long Hưng, Thành phố Biên Hòa, Tỉnh Đồng Nai MST: 3603690535 | F42: 02518826789 - 0908551279 | G42: 050123699999 - Ngân hàng TMCP Sài Gòn Thương Tín - CN Đồng Nai
A43: 17 | B43: Mực in kỹ thuật số | C43: CÔNG TY TNHH FRITTA VIỆT NAM | D43: Ông Alejandro Segura Tomas/ Tổng giám đốc | E43: KCN Mỹ Xuân A, Phường Mỹ Xuân, TX Phú Mỹ, Tỉnh Bà Rịa - Vũng Tàu MST: 3500682645 | F43: 02543899032 tdhanh@fritta.com | G43: 0081000238213 - Ngân hàng Vietcombank - CN Vũng Tàu
A44: IV. VẬT TƯ SẢN XUẤT
A45: 1 | B45: Bao bì | C45: CÔNG TY TNHH BAO BÌ QUẢNG CÁO HOÀNG ANH | D45: Ông Phạm Xuân Hoàng/ Giám đốc | E45: 62 Tân Thành, Phường Tân Thành, Quận Tân Phú, TP.HCM MST: 0311805945 | F45: 02837978268 hoanganh373@gmail.com | G45: 137598869 - Ngân hàng ACB - PGD Tân Sơn Nhì, TP.HCM
A46: 2 | B46: Bao bì | C46: CÔNG TY TNHH BAO BÌ TẤN TRƯỜNG PHÁT | D46: Bà Nguyễn Thị Hà/ Giám đốc | E46: Số 17/16A, Khu phố Đông Chiêu, Phường Tân Đông Hiệp, Thành phố Dĩ An, Tỉnh Bình Dương MST: 3702015669 | F46: 02742461203 kinhdoanh@tantruongphat-pack.vn | G46: 0411000983581 - Ngân hàng TMCP Vietcombank- CN Nam Bình Dương
A47: 3 | B47: Dây đai | C47: CÔNG TY CP ĐẦU TƯ THƯƠNG MẠI LONG HƯNG PHÁT | D47: Bà Nguyễn Thị Oanh/ Phó giám đốc | E47: Cụm CN VLXD Tân An, ấp Bình Chánh, Tân An, Vĩnh Cửu, Đồng Nai MST: 3603821749 | F47: 0904015595 hungnq7779@gmail.com | G47: 1559568 - Ngân hàng ACB- PGD Đồng Khởi
A48: 4 | B48: Ke góc | C48: CÔNG TY CỔ PHẦN THA SA DO | D48: Ông Nguyễn Quang Hùng/ Giám đốc | E48: Cụm CN VLXD Tân An, ấp Bình Chánh, Tân An, Vĩnh Cửu, Đồng Nai MST: 3603468869 | F48: 0919464148 hungnq7779@gmail.com | G48: 645468 - Ngân hàng TMCP Á Châu - PGD Đồng Khởi
A49: 5 | B49: Màng mặt PE | C49: CÔNG TY TNHH MTV DỤNG CỤ MÀI TÂN ĐẠI THÀNH | D49: Ông Zhao Yun Hua/ Giám đốc | E49: Số 55, Ấp Bưng Cơ, Xã Lộc An, Huyện Long Thành, Tỉnh Đồng Nai MST: 3603288337 | F49: 0919609699 tandaithanhlt@gmail.com | G49: 0401001402514 - Ngân hàng Vietcombank-CN Nhơn Trạch, Đồng Nai
A50: 6 | B50: Màng PE | C50: DOANH NGHIỆP TƯ NHÂN THƯƠNG MẠI CAO HÙNG | D50: Ông Đỗ Anh Tuấn/ Chủ doanh nghiệp | E50: 83/4, Kp 1, Phường Tân Mai, Tp.Biên Hòa, Tỉnh Đồng Nai MST: 3600363949 | F50: 02513821112 dntntmcaohung@gmail.com | G50: 0121000104694 - Ngân hàng Vietcombank Đồng Nai
A51: 7 | B51: Vật tư tiêu hao sản xuất (Dao cắt dân hoa + Đồ tăng đai + Kìm bấm dây đại + Bọ sắt) | C51: CÔNG TY TNHH MỘT THÀNH VIÊN THỜI GIAN VÀNG | D51: Ông Nguyễn Huy Hưng/ Giám đốc | E51: E15, KDC số 2, P.Long Bình, Biên Hòa, Đồng Nai MST: 3602227250 | F51: 02518899573 - 0962338800 sales1.thoigianvang@gmail.com | G51: 0481000525012 - Ngân hàng Vietcombank - Cn KCN Biên Hòa
A52: 8 | B52: Pallet gỗ | C52: CÔNG TY TNHH SẢN XUẤT THƯƠNG MẠI GỖ PHÁT QUÝ | D52: Ông Phạm Văn Luận/ Giám đốc | E52: Tổ 9, KP 3, TT Vĩnh An, Huyện Vĩnh Cửu, Tỉnh Đồng Nai MST: 3603153611 | F52: 0382623847 minhtiencg@gmail.com | G52: 146704070001909 - Ngân hàng HDBANK - CN Vĩnh An, Huyện Vĩnh Cửu, Tỉnh Đồng Nai
A53: 9 | B53: Pallet gỗ | C53: CÔNG TY CỔ PHẦN THƯƠNG MẠI GRAND THÁI BÌNH | D53: Ông Hà Ngọc Duy/ Giám đốc | E53: Cụm Công nghiệp VLXD Tân An, Ấp Bình Chánh, Xã Tân An, Huyện Vĩnh Cửu, Tỉnh Đồng Nai MST: 3603860610 | F53: 0587587888 | G53: 3366118888 - Ngân hàng ACB ( Á Châu)
A54: 10 | B54: Pallet gỗ | C54: CÔNG TY TNHH SẢN XUẤT VÀ THƯƠNG MẠI ĐẠI GIA NGÂN | D54: Ông Nguyễn Phạm Thiên Ân/ Giám đốc | E54: Số 99R/4, KP 4, Phường Tân Hòa, TP. Biên Hòa, Tỉnh Đồng Nai MST: 3603699954 | F54: 0944097179 palletdaigiangan@gmail.com | G54: 226866686868 - Ngân hàng TMCP Á Châu - PGD Hố Nai
A55: V. VẬT TƯ CƠ ĐIỆN
A56: 1 | B56: Vật tư | C56: CÔNG TY TNHH MỘT THÀNH VIÊN PHẠM VŨ ANH | D56: Ông Phạm Duy Long/ Giám đốc | E56: Số 28/4B, Quốc lộ 1A, Tổ 14, Khu 2, Ấp Thanh Hóa, Xã Hố Nai 3, Huyện Trảng Bom, Tỉnh Đồng Nai MST : 3603052331 | F56: 0938144939 gia_anh09@gmail.com | G56: 5990201012281 - Ngân hàng Agribank-CN Bắc Đồng Nai
A57: 2 | B57: Vật tư | C57: CỬA HÀNG GIA ANH | D57: Ông Phạm Duy Long/ Chủ cửa hàng | E57: Số 28/4B, Quốc Lộ 1A, Tổ 14, Khu 2, Ấp Thanh Hóa, Xã Hố Nai 3, Huyện Trảng Bom, Tỉnh Đồng Nai MST: 3602089642 | F57: 0938 144 939 gia_anh09@gmail.com | G57: 5990201007144 -Ngân hàng Agribank-CN Bắc Đồng Nai
A58: 3 | B58: Vật tư máy tính - máy in | C58: CÔNG TY TNHH THƯƠNG MẠI THIẾT BỊ TIN HỌC TÍN PHÁT | D58: Ông Lâm Văn Trung/ Giám đốc | E58: Số 67/3, Ấp Quảng Phát, Xã Quảng Tiến, Huyện Trảng Bom, Tỉnh Đồng Nai MST : 3603547630 | F58: 0901665050 trung.tinphatcomputer@gmail.com | G58: 67910000204739 - Ngân hàng BIDV Chi Nhánh Biên Hòa
A59: 4 | B59: Vật tư | C59: CÔNG TY TNHH THIẾT BỊ ĐIỆN PHÚ ĐĂNG THANH | D59: Bà Phạm Thị Thanh Hằng/ Giám đốc | E59: Số 410, đường số 4, Khu Phố 12, Phường An Bình, Thành phố Biên Hoà, Tỉnh Đồng Nai, MST :3602934683 | F59: 0919447212 | G59: 012100068 6T12 - Ngân hàng vietcombank - CN Đồng Nai
A60: 5 | B60: Vật tư | C60: CỬA HÀNG HUỲNH ĐỨC MINH | D60: Ông Huỳnh Đức Minh/ Chủ cửa hàng | E60: 345, Aaso Bình Chánh, Xã Tân An , Huyện Vĩnh Cửu, Tỉnh Đồng Nai MST: 3603225834 | F60: 0908543736 | G60: 050052588860 - Ngân hàng Sacombank - PGD Hố Nai
A61: 6 | B61: Vật tư | C61: CƠ SỞ NGUYỄN THỊ HẢI | D61: Bà Nguyễn Thị Hải/ Chủ cơ sở | E61: 145, Ấp Thái Hòa, Xã Hố Nai 3, Huyện Trảng Bom, Tỉnh Đồng Nai MST : 3602390472 | F61: 0251 889412 - vanhungphatll}9@gmail.com | G61: 050041721720 - Ngân hàng Sacombank - PGD Trảng Bom, Đồng Nai
A62: 7 | B62: Vật tư | C62: CÔNG TY TNHH MỘT THÀNH VIÊN TUẤN TÀI PHÁT | D62: Ông Trần Đức Tài/ Giám đốc | E62: Ấp Tân Bình, Xã Bình Minh, Huyện Trảng Bom, Tỉnh Đồng Nai MST : 3603042245 | G62: 0481000693061 Ngân hàng vietcomabnk - CN Biên Hòa
A63: 8 | B63: Vật tư | C63: CÔNG TY TNHH TỰ ĐỘNG HÓA ANP TECH | D63: Bà Hồ Thị Giang / Giám Đốc | E63: 155, Khu phố 9 , Phường Tân Phong, Tp.Biên Hòa, Tỉnh Đồng Nai MST : 3603830172 | F63: 0912276127 | G63: 5912201003116 - Ngân Hàng Agribank - CN Bắc Đồng Nai
A64: 9 | B64: Dầu, nhớt, mỡ | C64: CÔNG TY TNHH MARKLIN | D64: Ông Hà Huy Tạo/ Giám Đốc | E64: Ô 40, Lô PM, Đường N12, KP.1, Phường Phú Tân, TP.Thủ Dầu Một, Tỉnh Bình Dương MST : 3702530356 | F64: 0902111338 | G64: 0281 0004 98382 - Ngân hàng vietcombank - TP.Thủ Dầu Một, Bình Dương
A65: 10 | B65: Vật tư | C65: CÔNG TY CỔ PHẦN TẬP ĐOÀN VINATOP | D65: Ông Huang He Hong/ Tổng giám đốc | E65: Đường 310B, Thôn Lương Câu, Xã Sơn Lôi, Huyện Bình Xuyên, Tỉnh Vĩnh Phúc MST: 2500260271 | F65: 0211-3548845 - vinatopgroup@gmail.com | G65: 42510005988888 tại Ngân hàng TMCP Đầu tư và phát triển Việt Nam - Chi nhánh Vĩnh Phúc
A66: 11 | B66: Vật tư | C66: CÔNG TY TNHH THIẾT BỊ VÀ NGUYÊN LIỆU GỐM SỨ DOHACEMEX | D66: Ông Ngô Văn Độ/ Giám đốc | E66: Tầng 6, tòa nhà luxury park views, Đường Trường Công Giai, Phường Yên Hòa, Quận Cầu Giấy, Tp. Hà Nội MST: 0102324490 | F66: 024-62814088 | G66: 26010009668686 - Tại Ngân hàng TMCP đầu tư và phát triển việt nam - CN Mỹ Đình
A67: 12 | B67: Vật tư | C67: CÔNG TY TNHH THIẾT BỊ VAN HÙNG PHÁT | D67: Ông Trần Hùng/ Giám đốc | E67: 2638 Quốc Lộ 1A, ấp Thanh Hóa, Xã Hố Nai 3, Huyện Trảng Bom, Tỉnh Đồng Nai MST : 3602205419 | F67: 0251889412 vanhungphat1109@gmail.com | G67: 050008462183 - Tại Ngân hàng Sacombank, PGD Trảng Bom, tỉnh Đồng Nai
A68: 13 | B68: Vật tư | C68: CÔNG TY TNHH MỘT THÀNH VIÊN PHÁT THANH TÂM | D68: Bà Huỳnh Hoa Trinh Kiệt/ Giám đốc | E68: 26/81, Khu Phố 12, Phường Hố Nai, Thành phố Biên Hòa, Tỉnh Đồng Nai MST : 3600398885 | F68: 02513881204 - phatthanhtam@gmail.com | G68: 5900201010059 tại Nông Nghiệp và Phát Triển Nông Thôn - CN Đồng Nai
A69: 14 | B69: Vật tư | C69: CÔNG TY TNHH SẢN XUẤT THƯƠNG MẠI VÀ DỊCH VỤ TỔNG HỢP B.H | D69: Bà Trần Thị Thu Thủy/ Giám đốc | E69: Số 754/7, Tổ 12, Ấp Quảng Phát, Xã Quảng Tiến, Huyện Trảng Bom, Tỉnh Đồng Nai MST: 3603709994 | F69: 0393304061 | G69: 008425699 - Tại Ngân hàng VIB Trảng Bom, Đồng Nai
A70: 15 | B70: Vật tư | C70: CÔNG TY TNHH DỊCH VỤ THƯƠNG MẠI NĂM ĐẸP | D70: Bà Huỳnh Thị Cẩm Châu/ Giám đốc | E70: Số 345, Ấp Bình Chánh, Xã Tân An, Huyện Vĩnh Cửu, Tỉnh Đồng Nai MST: 3603564178 | F70: 0937209559 | G70: 050091141520 - Tại Ngân hàng Sacombank-PGD Hố Nai
A71: 16 | B71: Vật tư | C71: CÔNG TY TNHH TMDV KỸ THUẬT CƠ KHÍ SƠN VIỆT | D71: Bà Hoàng Thị Lan Anh/ Giám đốc | E71: Ấp 1, Xã Thường Tân, Huyện Bắc Tân Uyên, Tỉnh Bình Dương, MST: 3702904509 | F71: 0908904065 - cokhisonviet.ld@gmail.com | G71: 1016 1590 11 - Ngân hàng Vietcombank – CN Đồng Nai
A72: 17 | B72: Vật tư | C72: CÔNG TY TNHH CƠ KHÍ CHẾ TẠO NAM HÙNG THỊNH | D72: Ông Hoàng Quý Thiện/ Giám đốc | E72: Số 348C, KP 4, Phường Thống Nhất, Thành phố Biên Hoà, Tỉnh Đồng Nai, MST: 3603642852 | F72: 0907464758 | G72: 5841247 Ngân hàng ACB, PGD Hố Nai CN Đồng Nai
A73: 18 | B73: Vật tư | C73: CÔNG TY TNHH THIẾT BỊ CÔNG NGHIỆP VÀ TIN HỌC HỒNG ANH | D73: Ông Đỗ Quang Anh/ Giám đốc | E73: 70/8/8 Đô Đốc Long, Phường Tân Quý, Quận Tân Phú, TP.Hồ Chí Minh MST : 0314479859 | F73: 0914609070 | G73: 241498509 - Ngân hàng ACB - PGD Tân Sơn Nhì
A74: 19 | B74: Vật tư | C74: CÔNG TY TNHH HÓA MỸ | D74: Ông Võ Mậu Pha/ Giám đốc | E74: 334G Phan Văn Trị, Phường 11, Quận Bình Thạnh, Thành phố Hồ Chí Minh MST: 0304541402 | F74: 02835161604 | G74: 115 0000 244 84 tại Vietinbank - Chi nhánh 9, TP HCM
... A81: 26 | B81: Vật tư | C81: CÔNG TY TNHH THƯƠNG MẠI DỊCH VỤ KHỞI PHÁT | D81: Ông Nguyễn Quang Huy/ Giám đốc | E81: 274/39/45 Nguyễn Văn Tạo, Ấp 2, Xã Long Thới, Huyện Nhà Bè, Thành phố Hồ Chí Minh | F81: 0964444721 aekhoiphat@gmail.com | G81: 060147797055 - Ngân hàng Sacombank, - CN Trung tâm , Tp.HCM
A82: VI. GIA CÔNG CƠ KHÍ
A83: 1 | B83: Gia công cơ khí | C83: CÔNG TY TNHH NÚI THÀNH VINH | D83: Ông Đinh Thế Quyết/ Giám đốc | E83: Ấp 2, Xã Hiếu Liêm, Huyện Vĩnh Cửu, Tỉnh Đồng Nai MST : | F83: 0835598553 | G83: 5904201000387 - Tại Ngân hàng nông nghiệp và phát triển nông thôn - Huyện Vĩnh Cửu - Tỉnh Đồng Nai
A84: 2 | B84: Gia công cơ khí | C84: CÔNG TY CỔ PHẦN CƠ KHÍ DUY THẮNG | D84: Ông Lê Minh Đường/ Giám đốc | E84: 81/105/28 Nguyễn Cửu Vân - Phường 17 - Quận Bình Thạnh - TP Hồ Chí Minh MST: 0303450696 | F84: 0903999564 | G84: 30611179 - Ngân hàng TMCP Á CHÂU ( ACB) - PGD THỊ NGHÈ TP. HCM
A85: 3 | B85: Gia công cơ khí | C85: CÔNG TY TNHH SẢN XUẤT QUẠT CÔNG NGHIỆP TH VINASUN | D85: Ông Phạm Đình Tiến/ Giám đốc | E85: KCN Bình Xuyên, Thị trấn Hương Canh, Huyện Bình Xuyên, Tỉnh Vĩnh Phúc MST: 2500592100 | F85: 02113866286 | G85: 114002664699 - Tại Ngân hàng TMCP Công thương Việt Nam - CN Bình Xuyên
A86: 4 | B86: Gia công cơ khí | C86: CÔNG TY CỔ PHẦN CƠ KHÍ XÂY DỰNG VÀ THƯƠNG MẠI DỊCH VỤ KMB | D86: Ông Nguyễn Tiến Lương/ Giám đốc | E86: L5/20, đường số 31, tổ 8, Phường Trần Hưng Đạo, Thành Phố Thái Bình, Tỉnh Thái Bình, MST: 1001123782 | F86: 0936569828 - congtykmb@gmail.com | G86: 47110001119911 Ngân hàng TMCP Đầu tư và Phát triển Việt Nam (BIDV) - Chi nhánh Thái Bình
A87: 5 | B87: Khuôn chày | C87: CÔNG TY TNHH MỘT THÀNH VIÊN CƠ KHÍ XÂY DỰNG NGUYỄN CƯỜNG | D87: Ông Nguyễn Minh Nhã/ Giám đốc | E87: Số 21/03, Khu phố Đông B, Phường Đông Hòa, Thành phố Dĩ An, Bình Dương MST : 3701772063 | F87: 0902484648 | G87: 88183439 - Tại Ngân hàng Á Châu (ACB)- Chi nhánh Sóng Thần- Bình Dương
A88: 6 | B88: Gia công cơ khí | C88: CÔNG TY TNHH MỘT THÀNH VIÊN CƠ KHÍ THÀNH TẤN | D88: Bà Trần Thị Diễm Trang/ Giám đốc | E88: Số 2, A17, KP 1, Phường An Bình, Thành phố Biên Hoà, Đồng Nai MST : 3603258124 | F88: 0937116479 - cokhithanhtan2000@gmail.com | G88: 5990 201 014 179 -Ngân hàng Agribank - CN Bắc Đồng Nai
A89: 7 | B89: Gia công mài bóng | C89: CÔNG TY TNHH THIẾT BỊ VÀ NGUYÊN LIỆU GỐM SỨ DOHACEMEX | D89: Ông Ngô Văn Độ/ Giám đốc | E89: Tầng 6, tòa nhà luxury park views, Đường Trường Công Giai, Phường Yên Hòa, Quận Cầu Giấy, Tp.Hà Nội MST: 0102324490 | F89: 024-62814088 dohacemex@gmail.com | G89: 26010009668686 - Tại Ngân hàng TMCP đầu tư và phát triển việt nam - CN Mỹ Đình
A90: 8 | B90: Khuôn chày | C90: CÔNG TY TNHH THƯƠNG MẠI SẢN XUẤT VINH CHÍ THÀNH | D90: Bà Nguyễn Thị Thanh Kim/ Giám đốc | E90: Đường số 4, Khu công nghiệp Mỹ Xuân A, Phường Mỹ Xuân, Thị xã Phú Mỹ, Tỉnh Bà Rịa - Vũng Tàu MST : 3502348967 | F90: 0944488887 - vinhchithanh2017@gmail.com | G90: 7621.0001.079238 - Tại Ngân hàng BIDV - CN Phú Mỹ - BRVT
A91: VII. XÂY DỰNG CƠ BẢN
A92: 1 | B92: Xây dựng cơ bản | C92: CÔNG TY TNHH CƠ KHÍ VÀ XÂY DỰNG THÁI HƯNG THỊNH | D92: Ông Dương Văn Tự/ Giám đốc | E92: 07, Đường Quốc lộ 1, Tổ 22, Ấp Thái Hòa, Xã Hố Nai 3, Huyện Trảng Bom, Tỉnh Đồng Nai, MST : 3600785267 | F92: 0251 3986744 congtythaihungthinh@gmail.com | G92: 050 002 294 394 - Sacombank, PGD Tring Bom
A93: 2 | B93: Xây dựng cơ bản | C93: CÔNG TY TNHH TƯ VẤN XÂY DỰNG ĐẠI VIỆT ĐỒNG NAI | D93: Ông Nguyễn Thanh Huệ/ Giám đốc | E93: Số 79, tổ 5, KP 3, Phường Trảng Dài, Thành phố Biên Hoà, Tỉnh Đồng Nai MST : 3603495950 | F93: 0901681717 | G93: 1110110863880000 - Ngân hàng SCB- chi nhánh Đồng Nai
A94: 3 | B94: Xây dựng cơ bản | C94: CÔNG TY CỔ PHẦN ĐẦU TƯ THIẾT KẾ XÂY DỰNG AN THỊNH PHÁT | D94: Ông Lê Duy Phương/ Giám đốc | E94: 381123 Ch6 Lan Vi€n, P.TAy Th4nh, Q.Tdn Phri, Tp.HCM MST : 0313835487 | F94: 0981647164 | G94: 04201015010134 - Ngân hàng TMCP hàng hải việt nam - CN Đô thành
A95: 4 | B95: Xây dựng cơ bản | C95: CÔNG TY TNHH XÂY LẮP TRUNG TÂY NGUYÊN | D95: Ông Nguyễn Hoàng Duy/ Giám đốc | E95: Số 54, KP 1, Phường Tân Hiệp, Thành phố Biên Hoà, Tỉnh Đồng Nai MST: 3602683359 | F95: 025 13.81 .551 | G95: 1024969803 - Ngân hàng Vietcombank(VCB) - CN Đồng Nai
A96: 5 | B96: Xây dựng cơ bản | C96: CÔNG TY TNHH HẠNH DOANH | D96: Ông Đinh Quốc Doanh/ Giám đốc | E96: Tổ 8, Ấp 5, Xã Vĩnh Tân, Huyện Vĩnh Cửu, Tỉnh Đồng Nai, Việt Nam MST : 3603412425 | F96: 0967367545 | G96: 146704070001851 - HD Bank - PGD Vĩnh An - Đồng Nai
A97: 6 | B97: Xây dựng cơ bản | C97: CÔNG TY TNHH MỘT THÀNH VIÊN PHÚ NAM THẮNG | D97: Ông Nguyễn Bá Nam/ Giám đốc | E97: Số 15, Tổ 7, Tân Mai 2, Phường Phước Tân, TP.Biên Hòa, Tỉnh Đồng Nai MST : 3603 384 383 | F97: 0973 467 267 | G97: 0481000794179 - Tại Ngân hàng Vietcombank - CN Biên Hòa, PGD Tam Phước
A98: 7 | B98: Hệ thống trạm biến áp | C98: CÔNG TY TNHH MỘT THÀNH VIÊN TIẾN THÁI PHÁT | D98: Bà Nguyễn Thị Vân/ Giám đốc | E98: Tổ 11, Kp 3, TT Vĩnh An, Huyện Vĩnh Cửu, Tỉnh Đồng Nai MST : 3603231676 | F98: 0948367079 | G98: 5904201002239 - Ngân hàng Agribank - Huyện Vĩnh Cửu - CN Bắc Đồng Nai
A99: VIII. DỊCH VỤ - THUÊ NGOÀI
A100: 1 | B100: Hệ thống phòng cháy chữa cháy | C100: CÔNG TY TNHH TRỌNG KIỆT | D100: Bà Trần Thị Kiều Nga/ Giám đốc | E100: L5, Lô 55, Khu dân cư Phú Gia 2, KP 5, Phường Trảng Dài, Thành phố Biên Hoà, Tỉnh Đồng Nai MST : 3600745419 | F100: 0251 322 1637 | G100: 0121000888321 - Ngân hàng thương mại cổ phần ngoại thương Việt Nam - CN Đồng Nai
A101: 2 | B101: Giao nhận vận chuyển hàng hóa | C101: CÔNG TY CỔ PHẦN GIAO NHẬN VẬN TẢI LIÊN KẾT BIỂN XANH | D101: Ông Lê Minh Tuấn/ Giám đốc | E101: Số 1/11/76 đường Đặng Thùy Trâm, phường 13, quận Bình Thạnh, Tp. Hồ Chí Minh | F101: 02836360148 | G101: 0071000811902 - VIETCOMBANK - CN Hồ Chí Minh
A102: 3 | B102: Giao nhận vận chuyển hàng hóa | C102: CÔNG TY TNHH GIAO NHẬN XUẤT NHẬP KHẨU VIỆT MỸ | D102: Ông Nguyễn Bá Linh/ Giám đốc | E102: 85/31 Nguyễn Thế Truyện, Phường Tân Sơn Nhì, Quận Tân Phú, TP. Hồ Chí Minh MST: 0305670915 | F102: 02837672178 tansinh@vietmylogistic.com | G102: 10621069177010 - Ngân hàng Techcombank - CN Quang Trung, TP.HCM
A103: 4 | B103: Vận chuyển, xử lý chất thải | C103: CÔNG TY CỔ PHẦN DỊCH VỤ SONADEZI | D103: Bà Lê Thị Giang/ Tổng giám đốc | E103: Tầng 8, tòa nhà Sonadezi, số 1, đường 1, Khu công nghiệp Biên Hòa 1, phường An Bình, Tp. Biên Hòa, tỉnh Đồng Nai MST: 3600890938 | F103: 02518890888 | G103: 135704070032258 - Ngân hàng TMCP phát triển thành phố Hồ Chí Minh - CN Sở giao dịch Đồng Nai
A104: 5 | B104: Tư vấn môi trường | C104: CÔNG TY TNHH TMDV TƯ VẤN MÔI TRƯỜNG THẮNG PHÁT | D104: Ông Nguyễn Văn Lợi/ Giám đốc | E104: Số 28, Tổ 12, Kp.4B, Phường Trảng Dài, Tp.Biên Hòa, Tỉnh Đồng Nai MST: 3603411012 | F104: 0919997728 | G104: 0481000811500 - Ngân hàng Vietcombank Biên Hòa
A105: 6 | B105: Thuê xe cẩu, xe nâng | C105: CÔNG TY TNHH VẬN TẢI CƠ GIỚI CÔNG MINH | D105: Ông Nguyễn Công Mỵ/ Giám đốc | E105: Số 25/21, Tổ 17A, KP2, Phường Bình Đa, TP.Biên Hòa, Tỉnh Đồng Nai MST: 3603314562 | F105: 0939400500 - 0989035686 | G105: 67010001024797 - Ngân hàng BIDV - PGD Biên Hòa
A106: 7 | B106: Thuê lại đất | C106: CÔNG TY CỔ PHẦN GẠCH MEN SA HA DO | D106: Ông Nguyễn Quang Tài/ Tổng giám đốc | E106: Ấp Bình Chánh, xã Tân An, huyện Vĩnh Cửu, tỉnh Đồng Nai MST: 3602231105 | F106: 02513895122 | G106: 6360201135078 - Ngân hàng Agribank - CN 9, Tp.Hồ Chí Minh
...

Sheet TONG HOP
A1: CÔNG TY CỔ PHẦN GẠCH MEN PHƯƠNG NAM
A2: PHÒNG KẾ HOẠCH TỔNG HỢP | T2: BM. 03.14
A3: BÁO CÁO TỔNG HỢP NHẬP XUẤT TỒN NGUYÊN LIỆU XƯƠNG Tháng 07 năm 2026 (Trích xuất vào ngày 25 hàng tháng)
P4: =P25+(P25*78%) -> 0
A5: STT | B5: TÊN SP | C5: Mã hàng | E5: Mã NCC | F5: ĐVT | J5: SL tồn đầu kỳ | L5: SL nhập kho | N5: SL xuất kho | P5: SL tồn cuối kỳ | R5: Lượng dùng trung bình/ngày | S5: Số ngày còn sử dụng | T5: Ghi chú | U5: Ngày SD | V5: in
J6: Quy khô | K6: Quy ướt | L6: Quy khô | M6: Quy ướt | N6: Quy khô | O6: Quy ướt | P6: Quy khô | Q6: Quy ướt
A7: I | B7: NGUYÊN LIỆU XƯƠNG | F7: Kg | G7: Kg | H7: Kg | I7: Kg | J7: Kg | K7: Kg | L7: Kg | M7: Kg | N7: Kg | O7: Kg | P7: Kg | Q7: Kg | R7: Kg | S7: Kg | T7: TB
A8: =ROW()-7 -> 1 | B8: Bột đá nghiền (VLXDTT) loại A2 (HN01) | C8: NVLKX01.044 | D8: Bột đá nghiền (VLXDTT) loại A2 (HN01) | E8: =IF(C8="","",VLOOKUP(D8,'Danh mục CODE'!$A$2:$I$1966,2,0)) -> NCC01639 | F8: =IF(D8="","",VLOOKUP(B8,'Danh mục CODE'!$A$2:$F$790,6,0)) -> kg | J8: 0 | K8: 0 | L8: =SUMIF('NHAP - NVL'!$G$5:$G$3001,C8,'NHAP - NVL'!$J$5:$J$1207) -> 0 | M8: =SUMIF('NHAP - NVL'!$G$5:$G$3001,C8,'NHAP - NVL'!$K$5:$K$1207) -> 0 | N8: =SUMIF('XUAT - NVL'!$H$5:$H$5199,D8,'XUAT - NVL'!$K$5:$K$5199) -> 0 | O8: =SUMIF('XUAT - NVL'!$H$5:$H$5840,D8,'XUAT - NVL'!$L$5:$L$5840) -> 0 | P8: =+J8+L8-N8 -> 0 | Q8: =+K8+M8-O8 -> 0 | R8: 22000 | S8: =IF(R8="","",P8/R8) -> 0 | T8: =N8/U8 -> 0 | U8: 17 | V8: =IF(SUM(J8:P8)<>0,"in","")
A9: =ROW()-7 -> 2 | B9: Đất sét Hồng Lâm Đồng mới (PND-KL-BL01) - LQ | C9: NVLKX01.032 | D9: Đất sét Hồng Lâm Đồng mới (PND-KL-BL01) - LQ | E9: =IF(C9="","",VLOOKUP(D9,'Danh mục CODE'!$A$2:$I$1966,2,0)) -> NCC01210 | F9: =IF(D9="","",VLOOKUP(B9,'Danh mục CODE'!$A$2:$F$790,6,0)) -> kg | J9: 8914267 | K9: 11361587 | L9: =SUMIF('NHAP - NVL'!$G$5:$G$3001,C9,'NHAP - NVL'!$J$5:$J$1207) -> 0 | M9: =SUMIF('NHAP - NVL'!$G$5:$G$3001,C9,'NHAP - NVL'!$K$5:$K$1207) -> 0 | N9: =SUMIF('XUAT - NVL'!$H$5:$H$5199,D9,'XUAT - NVL'!$K$5:$K$5199) -> 292050 | O9: =SUMIF('XUAT - NVL'!$H$5:$H$5840,D9,'XUAT - NVL'!$L$5:$L$5840) -> 361120 | P9: =+J9+L9-N9 -> 8622217 | Q9: =+K9+M9-O9 -> 11000467 | R9: 19000 | S9: =IF(R9="","",P9/R9) -> 453.80089 | T9: =N9/U9 -> 17179.412 | U9: =U8 -> 17 | V9: =IF(SUM(J9:P9)<>0,"in","") -> in | W9: =IF(E9="","",VLOOKUP(E9,'Danh mục CODE'!$B$2:$C$2063,2,0)) -> CÔNG TY TNHH LONG QUANG LH
A10: =ROW()-7 -> 3 | B10: Đất sét Hoa đào (DTL) BD01 | C10: NVLKX01.033 | D10: Đất sét Hoa đào (DTL) BD01 | E10: =IF(C10="","",VLOOKUP(D10,'Danh mục CODE'!$A$2:$I$1966,2,0)) -> NCC01126 | F10: =IF(D10="","",VLOOKUP(B10,'Danh mục CODE'!$A$2:$F$790,6,0)) -> kg | J10: 7290925.4 | K10: 9414525.5 | L10: =SUMIF('NHAP - NVL'!$G$5:$G$3001,C10,'NHAP - NVL'!$J$5:$J$1207) -> 830842.5 | M10: =SUMIF('NHAP - NVL'!$G$5:$G$3001,C10,'NHAP - NVL'!$K$5:$K$1207) -> 1107790 | N10: =SUMIF('XUAT - NVL'!$H$5:$H$5199,D10,'XUAT - NVL'!$K$5:$K$5199) -> 1118700 | O10: =SUMIF('XUAT - NVL'!$H$5:$H$5840,D10,'XUAT - NVL'!$L$5:$L$5840) -> 1333780 | P10: =+J10+L10-N10 -> 7003067.9 | Q10: =+K10+M10-O10 -> 9188535.5 | R10: 73000 | S10: =IF(R10="","",P10/R10) -> 95.932437 | T10: =N10/U10 -> 65805.882 | U10: =U9 -> 17 | V10: =IF(SUM(J10:P10)<>0,"in","") -> in | W10: =IF(E10="","",VLOOKUP(E10,'Danh mục CODE'!$B$2:$C$2063,2,0)) -> CÔNG TY TNHH MTV DUY THANH LƯƠNG
A11: =ROW()-7 -> 4 | B11: Bột đá Phước Hoà 03 (PH03) DTL | C11: NVLKX01.052 | D11: Bột đá Phước Hoà 03 (PH03) DTL | E11: =IF(C11="","",VLOOKUP(D11,'Danh mục CODE'!$A$2:$I$1966,2,0)) -> NCC01126 | F11: =IF(D11="","",VLOOKUP(B11,'Danh mục CODE'!$A$2:$F$790,6,0)) -> kg | J11: 12797011 | K11: 13612212 | L11: =SUMIF('NHAP - NVL'!$G$5:$G$3001,C11,'NHAP - NVL'!$J$5:$J$1207) -> 1295458 | M11: =SUMIF('NHAP - NVL'!$G$5:$G$3001,C11,'NHAP - NVL'!$K$5:$K$1207) -> 1363640 | N11: =SUMIF('XUAT - NVL'!$H$5:$H$5199,D11,'XUAT - NVL'!$K$5:$K$5199) -> 1629925 | O11: =SUMIF('XUAT - NVL'!$H$5:$H$5840,D11,'XUAT - NVL'!$L$5:$L$5840) -> 1715720 | P11: =+J11+L11-N11 -> 12462544 | Q11: =+K11+M11-O11 -> 13260132 | R11: 94000 | S11: =IF(R11="","",P11/R11) -> 132.58026 | T11: =N11/U11 -> 95877.941 | U11: =U10 -> 17 | V11: =IF(SUM(J11:P11)<>0,"in","") -> in | W11: =IF(E11="","",VLOOKUP(E11,'Danh mục CODE'!$B$2:$C$2063,2,0)) -> CÔNG TY TNHH MTV DUY THANH LƯƠNG
A12: =ROW()-7 -> 5 | B12: Đá vôi (PND-HT01) | C12: NVLKX01.005 | D12: Đá vôi (PND-HT01) | E12: =IF(C12="","",VLOOKUP(D12,'Danh mục CODE'!$A$2:$I$1966,2,0)) -> NCC00756 | F12: =IF(D12="","",VLOOKUP(B12,'Danh mục CODE'!$A$2:$F$790,6,0)) -> kg | J12: 689591.21 | K12: 725498.5 | L12: =SUMIF('NHAP - NVL'!$G$5:$G$3001,C12,'NHAP - NVL'!$J$5:$J$1207) -> 1113752.5 | M12: =SUMIF('NHAP - NVL'!$G$5:$G$3001,C12,'NHAP - NVL'!$K$5:$K$1207) -> 1172371.1 | N12: =SUMIF('XUAT - NVL'!$H$5:$H$5199,D12,'XUAT - NVL'!$K$5:$K$5199) -> 524975 | O12: =SUMIF('XUAT - NVL'!$H$5:$H$5840,D12,'XUAT - NVL'!$L$5:$L$5840) -> 557340 | P12: =+J12+L12-N12 -> 1278368.8 | Q12: =+K12+M12-O12 -> 1340529.6 | R12: 43000 | S12: =IF(R12="","",P12/R12) -> 29.729506 | T12: =N12/U12 -> 30880.882 | U12: =U11 -> 17 | V12: =IF(SUM(J12:P12)<>0,"in","") -> in | W12: =IF(E12="","",VLOOKUP(E12,'Danh mục CODE'!$B$2:$C$2063,2,0)) -> CÔNG TY TNHH SX THƯƠNG MẠI VÀ DỊCH VỤ PHAN QUÂN
A13: =ROW()-7 -> 6 | B13: Bột đá 0-5 (PH02) | C13: NVLKX01.025 | D13: Bột đá 0-5 (PH02) | E13: =IF(C13="","",VLOOKUP(D13,'Danh mục CODE'!$A$2:$I$1966,2,0)) -> NCC01684 | F13: =IF(D13="","",VLOOKUP(B13,'Danh mục CODE'!$A$2:$F$790,6,0)) -> kg | J13: 17014842 | K13: 18155913 | L13: =SUMIF('NHAP - NVL'!$G$5:$G$3001,C13,'NHAP - NVL'!$J$5:$J$1207) -> 1328005 | M13: =SUMIF('NHAP - NVL'!$G$5:$G$3001,C13,'NHAP - NVL'!$K$5:$K$1207) -> 1397900 | N13: =SUMIF('XUAT - NVL'!$H$5:$H$5199,D13,'XUAT - NVL'!$K$5:$K$5199) -> 1892550 | O13: =SUMIF('XUAT - NVL'!$H$5:$H$5840,D13,'XUAT - NVL'!$L$5:$L$5840) -> 1969570 | P13: =+J13+L13-N13 -> 16450297 | Q13: =+K13+M13-O13 -> 17584243 | R13: 109000 | S13: =IF(R13="","",P13/R13) -> 150.92016 | T13: =N13/U13 -> 111326.47 | U13: =U12 -> 17 | V13: =IF(SUM(J13:P13)<>0,"in","") -> in | W13: =IF(E13="","",VLOOKUP(E13,'Danh mục CODE'!$B$2:$C$2063,2,0)) -> CÔNG TY TNHH DỊCH VỤ VẬN TẢI LIÊN HOÀNG PHÚC
A14: =ROW()-7 -> 7 | B14: Đất Đỏ Hoa Đào (BD02) LHP | C14: NVLKX01.043 | D14: Đất Đỏ Hoa Đào (BD02) LHP | E14: =IF(C14="","",VLOOKUP(D14,'Danh mục CODE'!$A$2:$I$1966,2,0)) -> NCC01684 | F14: =IF(D14="","",VLOOKUP(B14,'Danh mục CODE'!$A$2:$F$790,6,0)) -> kg | J14: 20608499 | K14: 25835354 | L14: =SUMIF('NHAP - NVL'!$G$5:$G$3001,C14,'NHAP - NVL'!$J$5:$J$1207) -> 2281432.5 | M14: =SUMIF('NHAP - NVL'!$G$5:$G$3001,C14,'NHAP - NVL'!$K$5:$K$1207) -> 3041910 | N14: =SUMIF('XUAT - NVL'!$H$5:$H$5199,D14,'XUAT - NVL'!$K$5:$K$5199) -> 1141800 | O14: =SUMIF('XUAT - NVL'!$H$5:$H$5840,D14,'XUAT - NVL'!$L$5:$L$5840) -> 1359330 | P14: =+J14+L14-N14 -> 21748132 | Q14: =+K14+M14-O14 -> 27517934 | R14: 73000 | S14: =IF(R14="","",P14/R14) -> 297.91961 | T14: =N14/U14 -> 67164.706 | U14: =U13 -> 17 | V14: =IF(SUM(J14:P14)<>0,"in","") -> in | W14: =IF(E14="","",VLOOKUP(E14,'Danh mục CODE'!$B$2:$C$2063,2,0)) -> CÔNG TY TNHH DỊCH VỤ VẬN TẢI LIÊN HOÀNG PHÚC
A15: =ROW()-7 -> 8 | B15: Đất sét hoa đào BD02 DTL | C15: NVLKX01.053 | D15: Đất sét hoa đào BD02 DTL | E15: =IF(C15="","",VLOOKUP(D15,'Danh mục CODE'!$A$2:$I$1966,2,0)) -> NCC01126 | F15: =IF(D15="","",VLOOKUP(B15,'Danh mục CODE'!$A$2:$F$790,6,0)) -> kg | J15: 0 | K15: 0 | L15: =SUMIF('NHAP - NVL'!$G$5:$G$3001,C15,'NHAP - NVL'!$J$5:$J$1207) -> 0 | M15: =SUMIF('NHAP - NVL'!$G$5:$G$3001,C15,'NHAP - NVL'!$K$5:$K$1207) -> 0 | N15: =SUMIF('XUAT - NVL'!$H$5:$H$5199,D15,'XUAT - NVL'!$K$5:$K$5199) -> 0 | O15: =SUMIF('XUAT - NVL'!$H$5:$H$5840,D15,'XUAT - NVL'!$L$5:$L$5840) -> 0 | P15: =+J15+L15-N15 -> 0 | Q15: =+K15+M15-O15 -> 0 | S15: =IF(R15="","",P15/R15) | T15: =N15/U15 -> 0 | U15: =U14 -> 17 | V15: =IF(SUM(J15:P15)<>0,"in","") | W15: =IF(E15="","",VLOOKUP(E15,'Danh mục CODE'!$B$2:$C$2063,2,0)) -> CÔNG TY TNHH MTV DUY THANH LƯƠNG
A16: =ROW()-7 -> 9 | B16: Thủy tinh lỏng - Nam Trường Thịnh (Natri silicate) | C16: NVLKX01.0061 | D16: Thủy tinh lỏng - Nam Trường Thịnh (Natri silicate) | E16: =IF(C16="","",VLOOKUP(D16,'Danh mục CODE'!$A$2:$I$1966,2,0)) -> NCC01412 | F16: =IF(D16="","",VLOOKUP(B16,'Danh mục CODE'!$A$2:$F$790,6,0)) -> kg | J16: 0 | K16: 0 | L16: =SUMIF('NHAP - NVL'!$G$5:$G$3001,C16,'NHAP - NVL'!$J$5:$J$1207) -> 0 | M16: =SUMIF('NHAP - NVL'!$G$5:$G$3001,C16,'NHAP - NVL'!$K$5:$K$1207) -> 0 | N16: =SUMIF('XUAT - NVL'!$H$5:$H$5199,D16,'XUAT - NVL'!$K$5:$K$5199) -> 0 | O16: =SUMIF('XUAT - NVL'!$H$5:$H$5840,D16,'XUAT - NVL'!$L$5:$L$5840) -> 0 | P16: =+J16+L16-N16 -> 0 | Q16: =+K16+M16-O16 -> 0 | R16: 8600 | S16: =IF(R16="","",P16/R16) -> 0 | T16: =N16/U16 -> 0 | U16: =U15 -> 17 | V16: =IF(SUM(J16:P16)<>0,"in","") | W16: =IF(E16="","",VLOOKUP(E16,'Danh mục CODE'!$B$2:$C$2063,2,0)) -> CÔNG TY TNHH THỦY TINH NAM TRƯỜNG THỊNH
A17: =ROW()-7 -> 10 | B17: Thủy tinh lỏng - Hóa chất Biên Hòa (Natri silicate) | C17: NVLKX01.0062 | D17: Thủy tinh lỏng - Hóa chất Biên Hòa (Natri silicate) | E17: =IF(C17="","",VLOOKUP(D17,'Danh mục CODE'!$A$2:$I$1966,2,0)) -> NCC00484 | F17: =IF(D17="","",VLOOKUP(B17,'Danh mục CODE'!$A$2:$F$790,6,0)) -> kg | J17: 0 | K17: 0 | L17: =SUMIF('NHAP - NVL'!$G$5:$G$3001,C17,'NHAP - NVL'!$J$5:$J$1207) -> 0 | M17: =SUMIF('NHAP - NVL'!$G$5:$G$3001,C17,'NHAP - NVL'!$K$5:$K$1207) -> 0 | N17: =SUMIF('XUAT - NVL'!$H$5:$H$5199,D17,'XUAT - NVL'!$K$5:$K$5199) -> 0 | O17: =SUMIF('XUAT - NVL'!$H$5:$H$5840,D17,'XUAT - NVL'!$L$5:$L$5840) -> 0 | P17: =+J17+L17-N17 -> 0 | Q17: =+K17+M17-O17 -> 0 | R17: =R16 -> 8600 | S17: =IF(R17="","",P17/R17) -> 0 | T17: =N17/U17 -> 0 | U17: =U16 -> 17 | V17: =IF(SUM(J17:P17)<>0,"in","") | W17: =IF(E17="","",VLOOKUP(E17,'Danh mục CODE'!$B$2:$C$2063,2,0)) -> NHÀ MÁY HÓA CHẤT BIÊN HÒA - CHI NHÁNH CÔNG TY CỔ PHẦN HÓA CHẤT CƠ BẢN MIỀN NAM
A18: =ROW()-7 -> 11 | B18: Thủy tinh lỏng - Ngọc Anh Đạt (Natri silicate) | C18: NVLKX01.0063 | D18: Thủy tinh lỏng - Ngọc Anh Đạt (Natri silicate) | E18: =IF(C18="","",VLOOKUP(D18,'Danh mục CODE'!$A$2:$I$1966,2,0)) -> NCC01741 | F18: =IF(D18="","",VLOOKUP(B18,'Danh mục CODE'!$A$2:$F$790,6,0)) -> kg | J18: 19518 | K18: 19518 | L18: =SUMIF('NHAP - NVL'!$G$5:$G$3001,C18,'NHAP - NVL'!$J$5:$J$1207) -> 130660 | M18: =SUMIF('NHAP - NVL'!$G$5:$G$3001,C18,'NHAP - NVL'!$K$5:$K$1207) -> 130660 | N18: =SUMIF('XUAT - NVL'!$H$5:$H$5199,D18,'XUAT - NVL'!$K$5:$K$5199) -> 138322 | O18: =SUMIF('XUAT - NVL'!$H$5:$H$5840,D18,'XUAT - NVL'!$L$5:$L$5840) -> 138322 | P18: =+J18+L18-N18 -> 11856 | Q18: =+K18+M18-O18 -> 11856 | R18: =R17 -> 8600 | S18: =IF(R18="","",P18/R18) -> 1.3786047 | T18: =N18/U18 -> 8136.5882 | U18: =U17 -> 17 | V18: =IF(SUM(J18:P18)<>0,"in","") -> in | W18: =IF(E18="","",VLOOKUP(E18,'Danh mục CODE'!$B$2:$C$2063,2,0)) -> CÔNG TY TNHH THƯƠNG MẠI DỊCH VỤ NGỌC ANH ĐẠT
A19: =ROW()-7 -> 12 | B19: Đất sét VT01 (Đất TT) | C19: NVLKX01.055 | D19: Đất sét VT01 (Đất TT) | E19: =IF(C19="","",VLOOKUP(D19,'Danh mục CODE'!$A$2:$I$1966,2,0)) -> NCC00497 | F19: =IF(D19="","",VLOOKUP(B19,'Danh mục CODE'!$A$2:$F$790,6,0)) -> kg | J19: 1901849 | K19: 2091462.9 | L19: =SUMIF('NHAP - NVL'!$G$5:$G$3001,C19,'NHAP - NVL'!$J$5:$J$1207) -> 0 | M19: =SUMIF('NHAP - NVL'!$G$5:$G$3001,C19,'NHAP - NVL'!$K$5:$K$1207) -> 0 | N19: =SUMIF('XUAT - NVL'!$H$5:$H$5199,D19,'XUAT - NVL'!$K$5:$K$5199) -> 0 | O19: =SUMIF('XUAT - NVL'!$H$5:$H$5840,D19,'XUAT - NVL'!$L$5:$L$5840) -> 0 | P19: =+J19+L19-N19 -> 1901849 | Q19: =+K19+M19-O19 -> 2091462.9 | R19: 16000 | S19: =IF(R19="","",P19/R19) -> 118.86556 | T19: =N19/U19 -> 0 | U19: =U18 -> 17 | V19: =IF(SUM(J19:P19)<>0,"in","") -> in | W19: =IF(E19="","",VLOOKUP(E19,'Danh mục CODE'!$B$2:$C$2063,2,0)) -> CÔNG TY TNHH THẠCH THÀNH KIM
A20: =ROW()-7 -> 13 | B20: Đá Tràng Thạch An Giang(AG01) | C20: NVLKX01.056 | D20: Đá Tràng Thạch An Giang(AG01) | E20: =IF(C20="","",VLOOKUP(D20,'Danh mục CODE'!$A$2:$I$1966,2,0)) -> NCC01684 | F20: =IF(D20="","",VLOOKUP(B20,'Danh mục CODE'!$A$2:$F$790,6,0)) -> kg | J20: 0 | K20: 0 | L20: =SUMIF('NHAP - NVL'!$G$5:$G$3001,C20,'NHAP - NVL'!$J$5:$J$1207) -> 0 | M20: =SUMIF('NHAP - NVL'!$G$5:$G$3001,C20,'NHAP - NVL'!$K$5:$K$1207) -> 0 | N20: =SUMIF('XUAT - NVL'!$H$5:$H$5199,D20,'XUAT - NVL'!$K$5:$K$5199) -> 0 | O20: =SUMIF('XUAT - NVL'!$H$5:$H$5840,D20,'XUAT - NVL'!$L$5:$L$5840) -> 0 | P20: =+J20+L20-N20 -> 0 | Q20: =+K20+M20-O20 -> 0 | R20: 28000 | S20: =IF(R20="","",P20/R20) -> 0 | T20: =N20/U20 -> 0 | U20: =U19 -> 17 | V20: =IF(SUM(J20:P20)<>0,"in","") | W20: =IF(E20="","",VLOOKUP(E20,'Danh mục CODE'!$B$2:$C$2063,2,0)) -> CÔNG TY TNHH DỊCH VỤ VẬN TẢI LIÊN HOÀNG PHÚC
A21: =ROW()-7 -> 14 | B21: Đất TALC | C21: NVLKX01.010 | D21: Đất TALC | E21: =IF(C21="","",VLOOKUP(D21,'Danh mục CODE'!$A$2:$I$1966,2,0)) -> NCC00498 | F21: =IF(D21="","",VLOOKUP(B21,'Danh mục CODE'!$A$2:$F$790,6,0)) -> kg | J21: 0 | K21: 0 | L21: =SUMIF('NHAP - NVL'!$G$5:$G$3001,C21,'NHAP - NVL'!$J$5:$J$1207) -> 0 | M21: =SUMIF('NHAP - NVL'!$G$5:$G$3001,C21,'NHAP - NVL'!$K$5:$K$1207) -> 0 | N21: =SUMIF('XUAT - NVL'!$H$5:$H$5199,D21,'XUAT - NVL'!$K$5:$K$5199) -> 0 | O21: =SUMIF('XUAT - NVL'!$H$5:$H$5840,D21,'XUAT - NVL'!$L$5:$L$5840) -> 0 | P21: =+J21+L21-N21 -> 0 | Q21: =+K21+M21-O21 -> 0 | R21: 11000 | S21: =IF(R21="","",P21/R21) -> 0 | T21: =N21/U21 -> 0 | U21: =U20 -> 17 | V21: =IF(SUM(J21:P21)<>0,"in","") | W21: =IF(E21="","",VLOOKUP(E21,'Danh mục CODE'!$B$2:$C$2063,2,0)) -> CÔNG TY CỔ PHẦN VLXD VIDONA
A22: =ROW()-7 -> 15 | B22: Đá Tràng Thạch An Giang(AG02) | C22: NVLKX01.058 | D22: Đá Tràng Thạch An Giang(AG02) | E22: =IF(C22="","",VLOOKUP(D22,'Danh mục CODE'!$A$2:$I$1966,2,0)) -> NCC01126 | F22: =IF(D22="","",VLOOKUP(B22,'Danh mục CODE'!$A$2:$F$790,6,0)) -> kg | J22: 0 | K22: 0 | L22: =SUMIF('NHAP - NVL'!$G$5:$G$3001,C22,'NHAP - NVL'!$J$5:$J$1207) -> 0 | M22: =SUMIF('NHAP - NVL'!$G$5:$G$3001,C22,'NHAP - NVL'!$K$5:$K$1207) -> 0 | N22: =SUMIF('XUAT - NVL'!$H$5:$H$5199,D22,'XUAT - NVL'!$K$5:$K$5199) -> 0 | O22: =SUMIF('XUAT - NVL'!$H$5:$H$5840,D22,'XUAT - NVL'!$L$5:$L$5840) -> 0 | P22: =+J22+L22-N22 -> 0 | Q22: =+K22+M22-O22 -> 0 | R22: =R20 -> 28000 | S22: =IF(R22="","",P22/R22) -> 0 | T22: =N22/U22 -> 0 | U22: =U21 -> 17 | V22: =IF(SUM(J22:P22)<>0,"in","") | W22: =IF(E22="","",VLOOKUP(E22,'Danh mục CODE'!$B$2:$C$2063,2,0)) -> CÔNG TY TNHH MTV DUY THANH LƯƠNG
A23: =ROW()-7 -> 16 | B23: Đất VT02 | C23: NVLKX01.059 | D23: Đất VT02 | E23: =IF(C23="","",VLOOKUP(D23,'Danh mục CODE'!$A$2:$I$1966,2,0)) -> NCC00499 | F23: =IF(D23="","",VLOOKUP(B23,'Danh mục CODE'!$A$2:$F$790,6,0)) -> kg | J23: 9033334 | K23: 11056743 | L23: =SUMIF('NHAP - NVL'!$G$5:$G$3001,C23,'NHAP - NVL'!$J$5:$J$1207) -> 0 | M23: =SUMIF('NHAP - NVL'!$G$5:$G$3001,C23,'NHAP - NVL'!$K$5:$K$1207) -> 0 | N23: =SUMIF('XUAT - NVL'!$H$5:$H$5199,D23,'XUAT - NVL'!$K$5:$K$5199) -> 1183600 | O23: =SUMIF('XUAT - NVL'!$H$5:$H$5840,D23,'XUAT - NVL'!$L$5:$L$5840) -> 1412880 | P23: =+J23+L23-N23 -> 7849734 | Q23: =+K23+M23-O23 -> 9643863.5 | R23: 85000 | S23: =IF(R23="","",P23/R23) -> 92.349812 | T23: =N23/U23 -> 69623.529 | U23: =U22 -> 17 | V23: =IF(SUM(J23:P23)<>0,"in","") -> in | W23: =IF(E23="","",VLOOKUP(E23,'Danh mục CODE'!$B$2:$C$2063,2,0)) -> CÔNG TY TNHH NGÂN HÙNG PHÚC
A24: =IF(B24="","",A23+1) -> 17 | B24: Dolomite (Đất làm gạch A2) | C24: NVLKX01.009 | D24: Dolomite (Đất làm gạch A2) | E24: =IF(C24="","",VLOOKUP(D24,'Danh mục CODE'!$A$2:$I$1966,2,0)) -> NCC00500 | F24: =IF(D24="","",VLOOKUP(B24,'Danh mục CODE'!$A$2:$F$790,6,0)) -> kg | J24: 1657845 | K24: 1974974 | L24: =SUMIF('NHAP - NVL'!$G$5:$G$3001,C24,'NHAP - NVL'!$J$5:$J$1207) -> 0 | M24: =SUMIF('NHAP - NVL'!$G$5:$G$3001,C24,'NHAP - NVL'!$K$5:$K$1207) -> 0 | N24: =SUMIF('XUAT - NVL'!$H$5:$H$5199,D24,'XUAT - NVL'!$K$5:$K$5199) -> 99000 | O24: =SUMIF('XUAT - NVL'!$H$5:$H$5840,D24,'XUAT - NVL'!$L$5:$L$5840) -> 119310 | P24: =+J24+L24-N24 -> 1558845 | Q24: =+K24+M24-O24 -> 1855664 | R24: 15000 | S24: =IF(R24="","",P24/R24) -> 103.923 | T24: =N24/U24 -> 5823.5294 | U24: =U23 -> 17 | V24: =IF(SUM(J24:P24)<>0,"in","") -> in | W24: =IF(E24="","",VLOOKUP(E24,'Danh mục CODE'!$B$2:$C$2063,2,0)) -> CÔNG TY TNHH PT HẠ TẦNG ĐỨC ANH
A25: =ROW()-7 -> 18 | B25: Đất TT (VC01) | C25: NVLKX01.061 | D25: Đất TT (VC01) | E25: =IF(C25="","",VLOOKUP(D25,'Danh mục CODE'!$A$2:$I$1966,2,0)) -> NCC00501 | F25: =IF(D25="","",VLOOKUP(B25,'Danh mục CODE'!$A$2:$F$790,6,0)) -> kg | J25: 0 | K25: 0 | L25: =SUMIF('NHAP - NVL'!$G$5:$G$3001,C25,'NHAP - NVL'!$J$5:$J$1207) -> 0 | M25: =SUMIF('NHAP - NVL'!$G$5:$G$3001,C25,'NHAP - NVL'!$K$5:$K$1207) -> 0 | N25: =SUMIF('XUAT - NVL'!$H$5:$H$5199,D25,'XUAT - NVL'!$K$5:$K$5199) -> 0 | O25: =SUMIF('XUAT - NVL'!$H$5:$H$5840,D25,'XUAT - NVL'!$L$5:$L$5840) -> 0 | P25: =+J25+L25-N25 -> 0 | Q25: =+K25+M25-O25 -> 0 | R25: 125000 | S25: =IF(R25="","",P25/R25) -> 0 | T25: =N25/U25 -> 0 | U25: =U24 -> 17 | V25: =IF(SUM(J25:P25)<>0,"in","") | W25: =IF(E25="","",VLOOKUP(E25,'Danh mục CODE'!$B$2:$C$2063,2,0)) -> CÔNG TY CP GẠCH MEN SA HA DO
A26: =ROW()-7 -> 19 | B26: Đất VC08 | C26: NVLKX01.068 | D26: Đất VC08 | E26: =IF(C26="","",VLOOKUP(D26,'Danh mục CODE'!$A$2:$I$1966,2,0)) -> NCC04896 | F26: =IF(D26="","",VLOOKUP(B26,'Danh mục CODE'!$A$2:$F$790,6,0)) -> kg | J26: 13373 | K26: 17830 | L26: =SUMIF('NHAP - NVL'!$G$5:$G$3001,C26,'NHAP - NVL'!$J$5:$J$1207) -> 0 | M26: =SUMIF('NHAP - NVL'!$G$5:$G$3001,C26,'NHAP - NVL'!$K$5:$K$1207) -> 0 | N26: =SUMIF('XUAT - NVL'!$H$5:$H$5199,D26,'XUAT - NVL'!$K$5:$K$5199) -> 0 | O26: =SUMIF('XUAT - NVL'!$H$5:$H$5840,D26,'XUAT - NVL'!$L$5:$L$5840) -> 0 | P26: =+J26+L26-N26 -> 13373 | Q26: =+K26+M26-O26 -> 17830 | R26: 176000 | S26: =IF(R26="","",P26/R26) -> 0.075982955 | T26: =N26/U26 -> 0 | U26: =U25 -> 17 | V26: =IF(SUM(J26:P26)<>0,"in","") -> in | W26: =IF(E26="","",VLOOKUP(E26,'Danh mục CODE'!$B$2:$C$2063,2,0)) -> CÔNG TY TNHH DỊCH VỤ THƯƠNG MẠI VẬN TẢI NAM TUẤN PHÁT
A27: =ROW()-7 -> 20 | B27: Đất NTP01 | C27: NVLKX01.067 | D27: Đất NTP01 | E27: =IF(C27="","",VLOOKUP(D27,'Danh mục CODE'!$A$2:$I$1966,2,0)) -> NCC04896 | F27: =IF(D27="","",VLOOKUP(B27,'Danh mục CODE'!$A$2:$F$790,6,0)) -> kg | J27: 0 | K27: 0 | L27: =SUMIF('NHAP - NVL'!$G$5:$G$3001,C27,'NHAP - NVL'!$J$5:$J$1207) -> 0 | M27: =SUMIF('NHAP - NVL'!$G$5:$G$3001,C27,'NHAP - NVL'!$K$5:$K$1207) -> 0 | N27: =SUMIF('XUAT - NVL'!$H$5:$H$5199,D27,'XUAT - NVL'!$K$5:$K$5199) -> 0 | O27: =SUMIF('XUAT - NVL'!$H$5:$H$5840,D27,'XUAT - NVL'!$L$5:$L$5840) -> 0 | P27: =+J27+L27-N27 -> 0 | Q27: =+K27+M27-O27 -> 0 | R27: 38000 | S27: =IF(R27="","",P27/R27) -> 0 | T27: =N27/U27 -> 0 | U27: =U26 -> 17 | V27: =IF(SUM(J27:P27)<>0,"in","") | W27: =IF(E27="","",VLOOKUP(E27,'Danh mục CODE'!$B$2:$C$2063,2,0)) -> CÔNG TY TNHH DỊCH VỤ THƯƠNG MẠI VẬN TẢI NAM TUẤN PHÁT
A28: =ROW()-7 -> 21 | B28: Đất VC02 (Đất TT) | C28: NVLKX01.064 | D28: Đất VC02 (Đất TT) | E28: =IF(C28="","",VLOOKUP(D28,'Danh mục CODE'!$A$2:$I$1966,2,0)) -> NCC00503 | F28: =IF(D28="","",VLOOKUP(B28,'Danh mục CODE'!$A$2:$F$790,6,0)) -> kg | J28: 12418317 | K28: 12483053 | L28: =SUMIF('NHAP - NVL'!$G$5:$G$3001,C28,'NHAP - NVL'!$J$5:$J$1207) -> 0 | M28: =SUMIF('NHAP - NVL'!$G$5:$G$3001,C28,'NHAP - NVL'!$K$5:$K$1207) -> 0 | N28: =SUMIF('XUAT - NVL'!$H$5:$H$5199,D28,'XUAT - NVL'!$K$5:$K$5199) -> 1371975 | O28: =SUMIF('XUAT - NVL'!$H$5:$H$5840,D28,'XUAT - NVL'!$L$5:$L$5840) -> 1664090 | P28: =+J28+L28-N28 -> 11046342 | Q28: =+K28+M28-O28 -> 10818963 | R28: 91000 | S28: =IF(R28="","",P28/R28) -> 121.38838 | T28: =N28/U28 -> 80704.412 | U28: =U27 -> 17 | V28: =IF(SUM(J28:P28)<>0,"in","") -> in | W28: =IF(E28="","",VLOOKUP(E28,'Danh mục CODE'!$B$2:$C$2063,2,0)) -> CÔNG TY TNHH GẠCH THÀNH PHÁT
A29: =ROW()-7 -> 22 | B29: Đá 0.5 mm3 (Bột đá PH04) | C29: NVLKX01.069 | D29: Đá 0.5 mm3 (Bột đá PH04) | E29: =IF(C29="","",VLOOKUP(D29,'Danh mục CODE'!$A$2:$I$1966,2,0)) -> NCC04947 | F29: =IF(D29="","",VLOOKUP(B29,'Danh mục CODE'!$A$2:$F$790,6,0)) -> kg | J29: 0 | K29: 0 | L29: =SUMIF('NHAP - NVL'!$G$5:$G$3001,C29,'NHAP - NVL'!$J$5:$J$1207) -> 86269.5 | M29: =SUMIF('NHAP - NVL'!$G$5:$G$3001,C29,'NHAP - NVL'!$K$5:$K$1207) -> 90810 | N29: =SUMIF('XUAT - NVL'!$H$5:$H$5199,D29,'XUAT - NVL'!$K$5:$K$5199) -> 0 | O29: =SUMIF('XUAT - NVL'!$H$5:$H$5840,D29,'XUAT - NVL'!$L$5:$L$5840) -> 0 | P29: =+J29+L29-N29 -> 86269.5 | Q29: =+K29+M29-O29 -> 90810 | R29: 16500 | S29: =IF(R29="","",P29/R29) -> 5.2284545 | T29: =N29/U29 -> 0 | U29: =U28 -> 17 | V29: =IF(SUM(J29:P29)<>0,"in","") -> in | W29: =IF(E29="","",VLOOKUP(E29,'Danh mục CODE'!$B$2:$C$2063,2,0)) -> CÔNG TY TNHH DỊCH VỤ THƯƠNG MẠI VẬN TẢI NAM PHÚC KHANG
A30: II | B30: NHIÊN LIỆU | E30: Kg | F30: =IF(D30="","",VLOOKUP(B30,'Danh mục CODE'!$A$2:$F$790,6,0)) | G30: Kg | H30: Kg | I30: Kg | J30: Kg | K30: Kg | L30: Kg | M30: Kg | N30: Kg | O30: Kg | P30: Kg | Q30: Kg | R30: Kg | S30: Kg | V30: =IF(SUM(J30:P30)<>0,"in","") | W30: =IF(E30="","",VLOOKUP(E30,'Danh mục CODE'!$B$2:$C$2063,2,0)) -> #N/A
A31: =ROW()-30 -> 1 | B31: Than cục 4- Hải Giang | C31: NLT4.HG01 | D31: Than cục 4- Hải Giang | E31: =IF(C31="","",VLOOKUP(D31,'Danh mục CODE'!$A$2:$I$1966,2,0)) -> NCC01729 | F31: =IF(D31="","",VLOOKUP(B31,'Danh mục CODE'!$A$2:$F$790,6,0)) -> kg | J31: 0 | K31: 0 | L31: =SUMIF('NHAP - NVL'!$G$5:$G$3001,C31,'NHAP - NVL'!$J$5:$J$2001) -> 0 | M31: =SUMIF('NHAP - NVL'!$G$5:$G$3001,C31,'NHAP - NVL'!$K$5:$K$2001) -> 0 | N31: =SUMIF('XUAT - NVL'!$H$5:$H$5199,D31,'XUAT - NVL'!$K$5:$K$5199) -> 0 | O31: =SUMIF('XUAT - NVL'!$H$5:$H$5199,D31,'XUAT - NVL'!$L$5:$L$5199) -> 0 | P31: =+J31+L31-N31 -> 0 | Q31: =+K31+M31-O31 -> 0 | R31: 72000 | S31: =IF(R31="","",Q31/R31) -> 0 | T31: =O31/U31 -> 0 | U31: =U28 -> 17 | V31: =IF(SUM(J31:P31)<>0,"in","") | W31: =IF(E31="","",VLOOKUP(E31,'Danh mục CODE'!$B$2:$C$2063,2,0)) -> CÔNG TY CỔ PHẦN HẢI GIANG
A32: =ROW()-30 -> 2 | B32: Than cục 4- Huyền Trang Lô 1 | C32: NLT4.HT01 | D32: Than cục 4- Huyền Trang Lô 1 | E32: =IF(C32="","",VLOOKUP(D32,'Danh mục CODE'!$A$2:$I$1966,2,0)) -> NCC00824 | F32: =IF(D32="","",VLOOKUP(B32,'Danh mục CODE'!$A$2:$F$790,6,0)) -> kg | J32: 0 | K32: 0 | L32: =SUMIF('NHAP - NVL'!$G$5:$G$3001,C32,'NHAP - NVL'!$J$5:$J$2001) -> 0 | M32: =SUMIF('NHAP - NVL'!$G$5:$G$3001,C32,'NHAP - NVL'!$K$5:$K$2001) -> 0 | N32: =SUMIF('XUAT - NVL'!$H$5:$H$5199,D32,'XUAT - NVL'!$K$5:$K$5199) -> 0 | O32: =SUMIF('XUAT - NVL'!$H$5:$H$5199,D32,'XUAT - NVL'!$L$5:$L$5199) -> 0 | P32: 0 | Q32: =+K32+M32-O32 -> 0 | R32: 65000 | S32: =IF(R32="","",Q32/R32) -> 0 | T32: =O32/U32 -> 0 | U32: =U31 -> 17 | V32: =IF(SUM(J32:P32)<>0,"in","") | W32: =IF(E32="","",VLOOKUP(E32,'Danh mục CODE'!$B$2:$C$2063,2,0)) -> CÔNG TY CỔ PHẦN KHOÁNG SẢN HUYỀN TRANG
A33: =ROW()-30 -> 3 | B33: Than cục 4- Huyền Trang Lô 2 | C33: NLT4.HT02 | D33: Than cục 4- Huyền Trang Lô 2 | E33: =IF(C33="","",VLOOKUP(D33,'Danh mục CODE'!$A$2:$I$1966,2,0)) -> NCC00824 | F33: =IF(D33="","",VLOOKUP(B33,'Danh mục CODE'!$A$2:$F$790,6,0)) -> kg | J33: 0 | K33: 0 | L33: =SUMIF('NHAP - NVL'!$G$5:$G$3001,C33,'NHAP - NVL'!$J$5:$J$2001) -> 0 | M33: =SUMIF('NHAP - NVL'!$G$5:$G$3001,C33,'NHAP - NVL'!$K$5:$K$2001) -> 0 | N33: =SUMIF('XUAT - NVL'!$H$5:$H$5199,D33,'XUAT - NVL'!$K$5:$K$5199) -> 0 | O33: =SUMIF('XUAT - NVL'!$H$5:$H$5199,D33,'XUAT - NVL'!$L$5:$L$5199) -> 0 | P33: =+J33+L33-N33 -> 0 | Q33: =+K33+M33-O33 -> 0 | R33: 80000 | S33: =IF(R33="","",Q33/R33) -> 0 | T33: =O33/U33 -> 0 | U33: =U32 -> 17 | V33: =IF(SUM(J33:P33)<>0,"in","") | W33: =IF(E33="","",VLOOKUP(E33,'Danh mục CODE'!$B$2:$C$2063,2,0)) -> CÔNG TY CỔ PHẦN KHOÁNG SẢN HUYỀN TRANG
A34: =ROW()-30 -> 4 | B34: Than cục 4- Huyền Trang Lô 3 | C34: NLT4.HT03 | D34: Than cục 4- Huyền Trang Lô 3 | E34: =IF(C34="","",VLOOKUP(D34,'Danh mục CODE'!$A$2:$I$1966,2,0)) -> NCC00824 | F34: =IF(D34="","",VLOOKUP(B34,'Danh mục CODE'!$A$2:$F$790,6,0)) -> kg | J34: 0 | K34: 0 | L34: =SUMIF('NHAP - NVL'!$G$5:$G$3001,C34,'NHAP - NVL'!$J$5:$J$2001) -> 0 | M34: =SUMIF('NHAP - NVL'!$G$5:$G$3001,C34,'NHAP - NVL'!$K$5:$K$2001) -> 0 | N34: =SUMIF('XUAT - NVL'!$H$5:$H$5199,D34,'XUAT - NVL'!$K$5:$K$5199) -> 0 | O34: =SUMIF('XUAT - NVL'!$H$5:$H$5199,D34,'XUAT - NVL'!$L$5:$L$5199) -> 0 | P34: =+J34+L34-N34 -> 0 | Q34: =+K34+M34-O34 -> 0 | R34: 73000 | S34: =IF(R34="","",Q34/R34) -> 0 | T34: =O34/U34 -> 0 | U34: =U33 -> 17
A35: =ROW()-30 -> 5 | B35: Than cục 4- Thịnh Huyền Lô 1 | C35: NLT4.TH01 | D35: Than cục 4- Thịnh Huyền Lô 1 | E35: =IF(C35="","",VLOOKUP(D35,'Danh mục CODE'!$A$2:$I$1966,2,0)) -> KH00166 | F35: =IF(D35="","",VLOOKUP(B35,'Danh mục CODE'!$A$2:$F$790,6,0)) -> kg | J35: 0 | K35: 0 | L35: =SUMIF('NHAP - NVL'!$G$5:$G$3001,C35,'NHAP - NVL'!$J$5:$J$2001) -> 0 | M35: =SUMIF('NHAP - NVL'!$G$5:$G$3001,C35,'NHAP - NVL'!$K$5:$K$2001) -> 0 | N35: =SUMIF('XUAT - NVL'!$H$5:$H$5199,D35,'XUAT - NVL'!$K$5:$K$5199) -> 0 | O35: =SUMIF('XUAT - NVL'!$H$5:$H$5199,D35,'XUAT - NVL'!$L$5:$L$5199) -> 0 | P35: 0 | Q35: =+K35+M35-O35 -> 0 | R35: 85000 | S35: =IF(R35="","",Q35/R35) -> 0 | T35: =O35/U35 -> 0 | U35: =U34 -> 17 | V35: =IF(SUM(J35:P35)<>0,"in","") | W35: =IF(E35="","",VLOOKUP(E35,'Danh mục CODE'!$B$2:$C$2063,2,0)) -> CÔNG TY TNHH THAN THỊNH HUYỀN
A36: =ROW()-30 -> 6 | B36: Than cục 4- Thịnh Huyền Lô 2 | C36: NLT4.TH02 | D36: Than cục 4- Thịnh Huyền Lô 2 | E36: =IF(C36="","",VLOOKUP(D36,'Danh mục CODE'!$A$2:$I$1966,2,0)) -> KH00166 | F36: =IF(D36="","",VLOOKUP(B36,'Danh mục CODE'!$A$2:$F$790,6,0)) -> kg | J36: 0 | K36: 0 | L36: =SUMIF('NHAP - NVL'!$G$5:$G$3001,C36,'NHAP - NVL'!$J$5:$J$2001) -> 0 | M36: =SUMIF('NHAP - NVL'!$G$5:$G$3001,C36,'NHAP - NVL'!$K$5:$K$2001) -> 0 | N36: =SUMIF('XUAT - NVL'!$H$5:$H$5199,D36,'XUAT - NVL'!$K$5:$K$5199) -> 0 | O36: =SUMIF('XUAT - NVL'!$H$5:$H$5199,D36,'XUAT - NVL'!$L$5:$L$5199) -> 0 | P36: 0 | Q36: =+K36+M36-O36 -> 0 | R36: 77000 | S36: =IF(R36="","",Q36/R36) -> 0 | T36: =O36/U36 -> 0 | U36: =U35 -> 17
A37: =ROW()-30 -> 7 | B37: Than cục 4- Đông Bắc 01 | C37: NLT4.DB01 | D37: Than cục 4- Đông Bắc 01 | E37: =IF(C37="","",VLOOKUP(D37,'Danh mục CODE'!$A$2:$I$1966,2,0)) -> NCC00721 | F37: =IF(D37="","",VLOOKUP(B37,'Danh mục CODE'!$A$2:$F$790,6,0)) -> kg | J37: 0 | K37: 0 | L37: =SUMIF('NHAP - NVL'!$G$5:$G$3001,C37,'NHAP - NVL'!$J$5:$J$2001) -> 0 | M37: =SUMIF('NHAP - NVL'!$G$5:$G$3001,C37,'NHAP - NVL'!$K$5:$K$2001) -> 0 | N37: =SUMIF('XUAT - NVL'!$H$5:$H$5199,D37,'XUAT - NVL'!$K$5:$K$5199) -> 0 | O37: =SUMIF('XUAT - NVL'!$H$5:$H$5199,D37,'XUAT - NVL'!$L$5:$L$5199) -> 0 | P37: 0 | Q37: =+K37+M37-O37 -> 0 | R37: 71000 | S37: =IF(R37="","",Q37/R37) -> 0 | T37: =O37/U37 -> 0 | U37: =U36 -> 17 | V37: =IF(SUM(J37:P37)<>0,"in","") | W37: =IF(E37="","",VLOOKUP(E37,'Danh mục CODE'!$B$2:$C$2063,2,0)) -> CÔNG TY TNHH TM KHOÁNG SẢN ĐÔNG BẮC
A38: =ROW()-30 -> 8 | B38: Than cục 4- Đông Bắc 02 | C38: NLT4.DB02 | D38: Than cục 4- Đông Bắc 02 | E38: =IF(C38="","",VLOOKUP(D38,'Danh mục CODE'!$A$2:$I$1966,2,0)) -> NCC00721 | F38: =IF(D38="","",VLOOKUP(B38,'Danh mục CODE'!$A$2:$F$790,6,0)) -> kg | J38: 0 | K38: 0 | L38: =SUMIF('NHAP - NVL'!$G$5:$G$3001,C38,'NHAP - NVL'!$J$5:$J$2001) -> 0 | M38: =SUMIF('NHAP - NVL'!$G$5:$G$3001,C38,'NHAP - NVL'!$K$5:$K$2001) -> 0 | N38: =SUMIF('XUAT - NVL'!$H$5:$H$5199,D38,'XUAT - NVL'!$K$5:$K$5199) -> 0 | O38: =SUMIF('XUAT - NVL'!$H$5:$H$5199,D38,'XUAT - NVL'!$L$5:$L$5199) -> 0 | P38: 0 | Q38: =+K38+M38-O38 -> 0 | R38: 71000 | S38: =IF(R38="","",Q38/R38) -> 0 | T38: =O38/U38 -> 0 | U38: =U37 -> 17 | V38: =IF(SUM(J38:P38)<>0,"in","") | W38: =IF(E38="","",VLOOKUP(E38,'Danh mục CODE'!$B$2:$C$2063,2,0)) -> CÔNG TY TNHH TM KHOÁNG SẢN ĐÔNG BẮC
A39: =ROW()-30 -> 9 | B39: Than cục 4- Hải Minh | C39: NLT4.HM01 | D39: Than cục 4- Hải Minh | E39: =IF(C39="","",VLOOKUP(D39,'Danh mục CODE'!$A$2:$I$1966,2,0)) -> NCC00843 | F39: =IF(D39="","",VLOOKUP(B39,'Danh mục CODE'!$A$2:$F$790,6,0)) -> kg | J39: 0 | K39: 0 | L39: =SUMIF('NHAP - NVL'!$G$5:$G$3001,C39,'NHAP - NVL'!$J$5:$J$2001) -> 0 | M39: =SUMIF('NHAP - NVL'!$G$5:$G$3001,C39,'NHAP - NVL'!$K$5:$K$2001) -> 0 | N39: =SUMIF('XUAT - NVL'!$H$5:$H$5199,D39,'XUAT - NVL'!$K$5:$K$5199) -> 0 | O39: =SUMIF('XUAT - NVL'!$H$5:$H$5199,D39,'XUAT - NVL'!$L$5:$L$5199) -> 0 | P39: =+J39+L39-N39 -> 0 | Q39: =+K39+M39-O39 -> 0 | R39: 72000 | S39: =IF(R39="","",Q39/R39) -> 0 | T39: =O39/U39 -> 0 | U39: =U38 -> 17 | V39: =IF(SUM(J39:P39)<>0,"in","") | W39: =IF(E39="","",VLOOKUP(E39,'Danh mục CODE'!$B$2:$C$2063,2,0)) -> CÔNG TY TNHH THƯƠNG MẠI KHOÁNG SẢN HẢI MINH
A40: =ROW()-30 -> 10 | B40: Than cục 4- Đức Anh 01 | C40: NLT4.DA01 | D40: Than cục 4- Đức Anh 01 | E40: =IF(C40="","",VLOOKUP(D40,'Danh mục CODE'!$A$2:$I$1966,2,0)) -> NCC01651 | F40: =IF(D40="","",VLOOKUP(B40,'Danh mục CODE'!$A$2:$F$790,6,0)) -> kg | J40: 0 | K40: 0 | L40: =SUMIF('NHAP - NVL'!$G$5:$G$3001,C40,'NHAP - NVL'!$J$5:$J$2001) -> 0 | M40: =SUMIF('NHAP - NVL'!$G$5:$G$3001,C40,'NHAP - NVL'!$K$5:$K$2001) -> 0 | N40: =SUMIF('XUAT - NVL'!$H$5:$H$5199,D40,'XUAT - NVL'!$K$5:$K$5199) -> 0 | O40: =SUMIF('XUAT - NVL'!$H$5:$H$5199,D40,'XUAT - NVL'!$L$5:$L$5199) -> 0 | P40: 0 | Q40: =+K40+M40-O40 -> 0 | R40: 85000 | S40: =IF(R40="","",Q40/R40) -> 0 | T40: =O40/U40 -> 0 | U40: =U39 -> 17 | V40: =IF(SUM(J40:P40)<>0,"in","") | W40: =IF(E40="","",VLOOKUP(E40,'Danh mục CODE'!$B$2:$C$2063,2,0)) -> CÔNG TY TNHH SX&TM ĐỨC ANH
A41: =ROW()-30 -> 11 | B41: Than cục 4- Đức Anh 02 | C41: NLT4.DA02 | D41: Than cục 4- Đức Anh 02 | E41: =IF(C41="","",VLOOKUP(D41,'Danh mục CODE'!$A$2:$I$1966,2,0)) -> NCC01651 | F41: =IF(D41="","",VLOOKUP(B41,'Danh mục CODE'!$A$2:$F$790,6,0)) -> kg | J41: 0 | K41: 0 | L41: =SUMIF('NHAP - NVL'!$G$5:$G$3001,C41,'NHAP - NVL'!$J$5:$J$2001) -> 0 | M41: =SUMIF('NHAP - NVL'!$G$5:$G$3001,C41,'NHAP - NVL'!$K$5:$K$2001) -> 0 | N41: =SUMIF('XUAT - NVL'!$H$5:$H$5199,D41,'XUAT - NVL'!$K$5:$K$5199) -> 0 | O41: =SUMIF('XUAT - NVL'!$H$5:$H$5199,D41,'XUAT - NVL'!$L$5:$L$5199) -> 0 | P41: 0 | Q41: =+K41+M41-O41 -> 0 | R41: 85000 | S41: =IF(R41="","",Q41/R41) -> 0 | T41: =O41/U41 -> 0 | U41: =U40 -> 17 | V41: =IF(SUM(J41:P41)<>0,"in","") | W41: =IF(E41="","",VLOOKUP(E41,'Danh mục CODE'!$B$2:$C$2063,2,0)) -> CÔNG TY TNHH SX&TM ĐỨC ANH
A42: =ROW()-30 -> 12 | B42: Than cục 4- Đức Anh 03 | C42: NLT4.DA03 | D42: Than cục 4- Đức Anh 03 | E42: =IF(C42="","",VLOOKUP(D42,'Danh mục CODE'!$A$2:$I$1966,2,0)) -> NCC01651 | F42: =IF(D42="","",VLOOKUP(B42,'Danh mục CODE'!$A$2:$F$790,6,0)) -> kg | J42: 0 | K42: 0 | L42: =SUMIF('NHAP - NVL'!$G$5:$G$3001,C42,'NHAP - NVL'!$J$5:$J$2001) -> 0 | M42: =SUMIF('NHAP - NVL'!$G$5:$G$3001,C42,'NHAP - NVL'!$K$5:$K$2001) -> 0 | N42: =SUMIF('XUAT - NVL'!$H$5:$H$5199,D42,'XUAT - NVL'!$K$5:$K$5199) -> 0 | O42: =SUMIF('XUAT - NVL'!$H$5:$H$5199,D42,'XUAT - NVL'!$L$5:$L$5199) -> 0 | P42: 0 | Q42: =+K42+M42-O42 -> 0 | R42: 85000 | S42: =IF(R42="","",Q42/R42) -> 0 | T42: =O42/U42 -> 0 | U42: =U41 -> 17 | V42: =IF(SUM(J42:P42)<>0,"in","") | W42: =IF(E42="","",VLOOKUP(E42,'Danh mục CODE'!$B$2:$C$2063,2,0)) -> CÔNG TY TNHH SX&TM ĐỨC ANH
A43: =ROW()-30 -> 13 | B43: Than cục 5- Huyền Trang | C43: NLT5.HT01 | D43: Than cục 5- Huyền Trang | E43: =IF(C43="","",VLOOKUP(D43,'Danh mục CODE'!$A$2:$I$1966,2,0)) -> NCC00824 | F43: =IF(D43="","",VLOOKUP(B43,'Danh mục CODE'!$A$2:$F$790,6,0)) -> kg | J43: 0 | K43: 0 | L43: =SUMIF('NHAP - NVL'!$G$5:$G$3001,C43,'NHAP - NVL'!$J$5:$J$2001) -> 0 | M43: =SUMIF('NHAP - NVL'!$G$5:$G$3001,C43,'NHAP - NVL'!$K$5:$K$2001) -> 0 | N43: =SUMIF('XUAT - NVL'!$H$5:$H$5199,D43,'XUAT - NVL'!$K$5:$K$5199) -> 0 | O43: =SUMIF('XUAT - NVL'!$H$5:$H$5199,D43,'XUAT - NVL'!$L$5:$L$5199) -> 0 | P43: =+J43+L43-N43 -> 0 | Q43: =+K43+M43-O43 -> 0 | R43: 0 | S43: =IF(R43="","",Q43/R43) -> #DIV/0! | T43: =O43/U43 -> 0 | U43: =U42 -> 17 | V43: =IF(SUM(J43:P43)<>0,"in","") | W43: =IF(E43="","",VLOOKUP(E43,'Danh mục CODE'!$B$2:$C$2063,2,0)) -> CÔNG TY CỔ PHẦN KHOÁNG SẢN HUYỀN TRANG
A44: =ROW()-30 -> 14 | B44: Than cục 5- Đức Anh 01 | C44: NLT5.DA01 | D44: Than cục 5- Đức Anh 01 | E44: =IF(C44="","",VLOOKUP(D44,'Danh mục CODE'!$A$2:$I$1966,2,0)) -> NCC01651 | F44: =IF(D44="","",VLOOKUP(B44,'Danh mục CODE'!$A$2:$F$790,6,0)) -> kg | J44: 0 | K44: 0 | L44: =SUMIF('NHAP - NVL'!$G$5:$G$3001,C44,'NHAP - NVL'!$J$5:$J$2001) -> 0 | M44: =SUMIF('NHAP - NVL'!$G$5:$G$3001,C44,'NHAP - NVL'!$K$5:$K$2001) -> 0 | N44: =SUMIF('XUAT - NVL'!$H$5:$H$5199,D44,'XUAT - NVL'!$K$5:$K$5199) -> 0 | O44: =SUMIF('XUAT - NVL'!$H$5:$H$5199,D44,'XUAT - NVL'!$L$5:$L$5199) -> 0 | P44: 0 | Q44: =+K44+M44-O44 -> 0 | R44: 72000 | S44: =IF(R44="","",Q44/R44) -> 0 | T44: =O44/U44 -> 0 | U44: =U43 -> 17 | V44: =IF(SUM(J44:P44)<>0,"in","") | W44: =IF(E44="","",VLOOKUP(E44,'Danh mục CODE'!$B$2:$C$2063,2,0)) -> CÔNG TY TNHH SX&TM ĐỨC ANH
A45: =ROW()-30 -> 15 | B45: Than cục 5- Đức Anh 02 | C45: NLT5.DA02 | D45: Than cục 5- Đức Anh 02 | E45: =IF(C45="","",VLOOKUP(D45,'Danh mục CODE'!$A$2:$I$1966,2,0)) -> NCC01651 | F45: =IF(D45="","",VLOOKUP(B45,'Danh mục CODE'!$A$2:$F$790,6,0)) -> kg | J45: 0 | K45: 0 | L45: =SUMIF('NHAP - NVL'!$G$5:$G$3001,C45,'NHAP - NVL'!$J$5:$J$2001) -> 0 | M45: =SUMIF('NHAP - NVL'!$G$5:$G$3001,C45,'NHAP - NVL'!$K$5:$K$2001) -> 0 | N45: =SUMIF('XUAT - NVL'!$H$5:$H$5199,D45,'XUAT - NVL'!$K$5:$K$5199) -> 0 | O45: =SUMIF('XUAT - NVL'!$H$5:$H$5199,D45,'XUAT - NVL'!$L$5:$L$5199) -> 0 | P45: 0 | Q45: =+K45+M45-O45 -> 0 | R45: 72000 | S45: =IF(R45="","",Q45/R45) -> 0 | T45: =O45/U45 -> 0 | U45: =U44 -> 17 | V45: =IF(SUM(J45:P45)<>0,"in","") | W45: =IF(E45="","",VLOOKUP(E45,'Danh mục CODE'!$B$2:$C$2063,2,0)) -> CÔNG TY TNHH SX&TM ĐỨC ANH
A46: =ROW()-30 -> 16 | B46: Than cục 5- Hải Thành Lô1 | C46: NLT5.HAT01 | D46: Than cục 5- Hải Thành Lô1 | E46: =IF(C46="","",VLOOKUP(D46,'Danh mục CODE'!$A$2:$I$1966,2,0)) -> NCC00502 | F46: =IF(D46="","",VLOOKUP(B46,'Danh mục CODE'!$A$2:$F$790,6,0)) -> kg | J46: 0 | K46: 0 | L46: =SUMIF('NHAP - NVL'!$G$5:$G$3001,C46,'NHAP - NVL'!$J$5:$J$2001) -> 0 | M46: =SUMIF('NHAP - NVL'!$G$5:$G$3001,C46,'NHAP - NVL'!$K$5:$K$2001) -> 0 | N46: =SUMIF('XUAT - NVL'!$H$5:$H$5199,D46,'XUAT - NVL'!$K$5:$K$5199) -> 0 | O46: =SUMIF('XUAT - NVL'!$H$5:$H$5199,D46,'XUAT - NVL'!$L$5:$L$5199) -> 0 | P46: 0 | Q46: =+K46+M46-O46 -> 0 | R46: 72000 | S46: =IF(R46="","",Q46/R46) -> 0 | T46: =O46/U46 -> 0 | U46: =U45 -> 17 | V46: =IF(SUM(J46:P46)<>0,"in","") | W46: =IF(E46="","",VLOOKUP(E46,'Danh mục CODE'!$B$2:$C$2063,2,0)) -> CÔNG TY CỔ PHẦN ĐẦU TƯ KINH DOANH HẢI THÀNH
A47: =ROW()-30 -> 17 | B47: Than cục 4A- Hưng Tam Long Lô 1 | C47: NLT4A.TL01 | D47: Than cục 4A- Hưng Tam Long Lô 1 | E47: =IF(C47="","",VLOOKUP(D47,'Danh mục CODE'!$A$2:$I$1966,2,0)) -> NCC00606 | F47: =IF(D47="","",VLOOKUP(B47,'Danh mục CODE'!$A$2:$F$790,6,0)) -> kg | J47: 0 | K47: 240423 | L47: =SUMIF('NHAP - NVL'!$G$5:$G$3001,C47,'NHAP - NVL'!$J$5:$J$2001) -> 0 | M47: =SUMIF('NHAP - NVL'!$G$5:$G$3001,C47,'NHAP - NVL'!$K$5:$K$2001) -> 0 | N47: =SUMIF('XUAT - NVL'!$H$5:$H$5199,D47,'XUAT - NVL'!$K$5:$K$5199) -> 0 | O47: =SUMIF('XUAT - NVL'!$H$5:$H$5199,D47,'XUAT - NVL'!$L$5:$L$5199) -> 240423 | P47: 0 | Q47: =+K47+M47-O47 -> 0 | R47: 90000 | S47: =IF(R47="","",Q47/R47) -> 0 | T47: =O47/U47 -> 14142.529 | U47: =U46 -> 17 | V47: =IF(SUM(J47:P47)<>0,"in","") -> in | W47: =IF(E47="","",VLOOKUP(E47,'Danh mục CODE'!$B$2:$C$2063,2,0)) -> CÔNG TY CP THƯƠNG MẠI XNK HƯNG TAM LONG
A48: =ROW()-30 -> 18 | B48: Than cục 4A- Hưng Tam Long Lô 2 | C48: NLT4A.TL02 | D48: Than cục 4A- Hưng Tam Long Lô 2 | E48: =IF(C48="","",VLOOKUP(D48,'Danh mục CODE'!$A$2:$I$1966,2,0)) -> NCC00606 | F48: =IF(D48="","",VLOOKUP(B48,'Danh mục CODE'!$A$2:$F$790,6,0)) -> kg | J48: 0 | K48: 838217.52 | L48: =SUMIF('NHAP - NVL'!$G$5:$G$3001,C48,'NHAP - NVL'!$J$5:$J$2001) -> 0 | M48: =SUMIF('NHAP - NVL'!$G$5:$G$3001,C48,'NHAP - NVL'!$K$5:$K$2001) -> 0 | N48: =SUMIF('XUAT - NVL'!$H$5:$H$5199,D48,'XUAT - NVL'!$K$5:$K$5199) -> 0 | O48: =SUMIF('XUAT - NVL'!$H$5:$H$5199,D48,'XUAT - NVL'!$L$5:$L$5199) -> 143296 | P48: 0 | Q48: =+K48+M48-O48 -> 694921.52 | R48: =R47 -> 90000 | S48: =IF(R48="","",Q48/R48) -> 7.7213502 | T48: =O48/U48 -> 8429.1765 | U48: =U47 -> 17 | V48: =IF(SUM(J48:P48)<>0,"in","") -> in | W48: =IF(E48="","",VLOOKUP(E48,'Danh mục CODE'!$B$2:$C$2063,2,0)) -> CÔNG TY CP THƯƠNG MẠI XNK HƯNG TAM LONG
A49: =ROW()-30 -> 19 | B49: Than cục 4A- Hưng Tam Long Lô 3 | C49: NLT4A.TL03 | D49: Than cục 4A- Hưng Tam Long Lô 3 | E49: =IF(C49="","",VLOOKUP(D49,'Danh mục CODE'!$A$2:$I$1966,2,0)) -> NCC00606 | F49: =IF(D49="","",VLOOKUP(B49,'Danh mục CODE'!$A$2:$F$790,6,0)) -> kg | J49: 0 | K49: 0 | L49: =SUMIF('NHAP - NVL'!$G$5:$G$3001,C49,'NHAP - NVL'!$J$5:$J$2001) -> 0 | M49: =SUMIF('NHAP - NVL'!$G$5:$G$3001,C49,'NHAP - NVL'!$K$5:$K$2001) -> 0 | N49: =SUMIF('XUAT - NVL'!$H$5:$H$5199,D49,'XUAT - NVL'!$K$5:$K$5199) -> 0 | O49: =SUMIF('XUAT - NVL'!$H$5:$H$5199,D49,'XUAT - NVL'!$L$5:$L$5199) -> 0 | P49: 0 | Q49: =+K49+M49-O49 -> 0 | R49: =R48 -> 90000 | S49: =IF(R49="","",Q49/R49) -> 0 | T49: =O49/U49 -> 0 | U49: =U48 -> 17 | V49: =IF(SUM(J49:P49)<>0,"in","") | W49: =IF(E49="","",VLOOKUP(E49,'Danh mục CODE'!$B$2:$C$2063,2,0)) -> CÔNG TY CP THƯƠNG MẠI XNK HƯNG TAM LONG
A50: =ROW()-30 -> 20 | B50: Than cục 4A- Hưng Tam Long Lô 4 | C50: NLT4A.TL04 | D50: Than cục 4A- Hưng Tam Long Lô 4 | E50: =IF(C50="","",VLOOKUP(D50,'Danh mục CODE'!$A$2:$I$1966,2,0)) -> NCC00606 | F50: =IF(D50="","",VLOOKUP(B50,'Danh mục CODE'!$A$2:$F$790,6,0)) -> kg | J50: 0 | K50: 0 | L50: =SUMIF('NHAP - NVL'!$G$5:$G$3001,C50,'NHAP - NVL'!$J$5:$J$2001) -> 0 | M50: =SUMIF('NHAP - NVL'!$G$5:$G$3001,C50,'NHAP - NVL'!$K$5:$K$2001) -> 0 | N50: =SUMIF('XUAT - NVL'!$H$5:$H$5199,D50,'XUAT - NVL'!$K$5:$K$5199) -> 0 | O50: =SUMIF('XUAT - NVL'!$H$5:$H$5199,D50,'XUAT - NVL'!$L$5:$L$5199) -> 0 | P50: 0 | Q50: =+K50+M50-O50 -> 0 | R50: 25000 | S50: =IF(R50="","",Q50/R50) -> 0 | T50: =O50/U50 -> 0 | U50: =U49 -> 17 | V50: =IF(SUM(J50:P50)<>0,"in","") | W50: =IF(E50="","",VLOOKUP(E50,'Danh mục CODE'!$B$2:$C$2063,2,0)) -> CÔNG TY CP THƯƠNG MẠI XNK HƯNG TAM LONG
A51: =ROW()-30 -> 21 | B51: Than cục 4- Hải Thành Lô1 | C51: NLT4.HAT01 | D51: Than cục 4- Hải Thành Lô1 | E51: =IF(C51="","",VLOOKUP(D51,'Danh mục CODE'!$A$2:$I$1966,2,0)) -> NCC00502 | F51: =IF(D51="","",VLOOKUP(B51,'Danh mục CODE'!$A$2:$F$790,6,0)) -> kg | J51: 0 | K51: 0 | L51: =SUMIF('NHAP - NVL'!$G$5:$G$3001,C51,'NHAP - NVL'!$J$5:$J$2001) -> 2891289.4 | M51: =SUMIF('NHAP - NVL'!$G$5:$G$3001,C51,'NHAP - NVL'!$K$5:$K$2001) -> 3027528.1 | N51: =SUMIF('XUAT - NVL'!$H$5:$H$5199,D51,'XUAT - NVL'!$K$5:$K$5199) -> 0 | O51: =SUMIF('XUAT - NVL'!$H$5:$H$5199,D51,'XUAT - NVL'!$L$5:$L$5199) -> 0 | P51: 0 | Q51: =+K51+M51-O51 -> 3027528.1 | R51: 60000 | S51: =IF(R51="","",Q51/R51) -> 50.458802 | T51: =O51/U51 -> 0 | U51: =U50 -> 17 | V51: =IF(SUM(J51:P51)<>0,"in","") -> in | W51: =IF(E51="","",VLOOKUP(E51,'Danh mục CODE'!$B$2:$C$2063,2,0)) -> CÔNG TY CỔ PHẦN ĐẦU TƯ KINH DOANH HẢI THÀNH
A52: =ROW()-30 -> 22 | B52: Than cục 4- Hải Thành Lô2 | C52: NLT4.HAT02 | D52: Than cục 4- Hải Thành Lô2 | E52: =IF(C52="","",VLOOKUP(D52,'Danh mục CODE'!$A$2:$I$1966,2,0)) -> NCC00502 | F52: =IF(D52="","",VLOOKUP(B52,'Danh mục CODE'!$A$2:$F$790,6,0)) -> kg | J52: 0 | K52: 1132987 | L52: =SUMIF('NHAP - NVL'!$G$5:$G$3001,C52,'NHAP - NVL'!$J$5:$J$2001) -> 0 | M52: =SUMIF('NHAP - NVL'!$G$5:$G$3001,C52,'NHAP - NVL'!$K$5:$K$2001) -> 0 | N52: =SUMIF('XUAT - NVL'!$H$5:$H$5199,D52,'XUAT - NVL'!$K$5:$K$5199) -> 0 | O52: =SUMIF('XUAT - NVL'!$H$5:$H$5199,D52,'XUAT - NVL'!$L$5:$L$5199) -> 918982 | P52: 0 | Q52: =+K52+M52-O52 -> 214005 | R52: =R51 -> 60000 | S52: =IF(R52="","",Q52/R52) -> 3.56675 | T52: =O52/U52 -> 54057.765 | U52: =U51 -> 17 | V52: =IF(SUM(J52:P52)<>0,"in","") -> in | W52: =IF(E52="","",VLOOKUP(E52,'Danh mục CODE'!$B$2:$C$2063,2,0)) -> CÔNG TY CỔ PHẦN ĐẦU TƯ KINH DOANH HẢI THÀNH
A53: =ROW()-30 -> 23 | B53: Than cục 4- Hải Thành Lô3 | C53: NLT4.HAT03 | D53: Than cục 4- Hải Thành Lô3 | E53: =IF(C53="","",VLOOKUP(D53,'Danh mục CODE'!$A$2:$I$1966,2,0)) -> NCC00502 | F53: =IF(D53="","",VLOOKUP(B53,'Danh mục CODE'!$A$2:$F$790,6,0)) -> kg | J53: 0 | K53: 0 | L53: =SUMIF('NHAP - NVL'!$G$5:$G$3001,C53,'NHAP - NVL'!$J$5:$J$2001) -> 0 | M53: =SUMIF('NHAP - NVL'!$G$5:$G$3001,C53,'NHAP - NVL'!$K$5:$K$2001) -> 0 | N53: =SUMIF('XUAT - NVL'!$H$5:$H$5199,D53,'XUAT - NVL'!$K$5:$K$5199) -> 0 | O53: =SUMIF('XUAT - NVL'!$H$5:$H$5199,D53,'XUAT - NVL'!$L$5:$L$5199) -> 0 | P53: 0 | Q53: =+K53+M53-O53 -> 0 | R53: =R52 -> 60000 | S53: =IF(R53="","",Q53/R53) -> 0 | T53: =O53/U53 -> 0 | U53: =U52 -> 17 | V53: =IF(SUM(J53:P53)<>0,"in","") | W53: =IF(E53="","",VLOOKUP(E53,'Danh mục CODE'!$B$2:$C$2063,2,0)) -> CÔNG TY CỔ PHẦN ĐẦU TƯ KINH DOANH HẢI THÀNH
A54: =ROW()-30 -> 24 | B54: Than cục 4- VIDONA 01 | C54: NLT4.VDN01 | D54: Than cục 4- VIDONA 01 | E54: =IF(C54="","",VLOOKUP(D54,'Danh mục CODE'!$A$2:$I$1966,2,0)) -> NCC00498 | F54: =IF(D54="","",VLOOKUP(B54,'Danh mục CODE'!$A$2:$F$790,6,0)) -> kg | J54: 0 | K54: 0 | L54: =SUMIF('NHAP - NVL'!$G$5:$G$3001,C54,'NHAP - NVL'!$J$5:$J$2001) -> 0 | M54: =SUMIF('NHAP - NVL'!$G$5:$G$3001,C54,'NHAP - NVL'!$K$5:$K$2001) -> 0 | N54: =SUMIF('XUAT - NVL'!$H$5:$H$5199,D54,'XUAT - NVL'!$K$5:$K$5199) -> 0 | O54: =SUMIF('XUAT - NVL'!$H$5:$H$5199,D54,'XUAT - NVL'!$L$5:$L$5199) -> 0 | P54: 0 | Q54: =+K54+M54-O54 -> 0 | R54: 35000 | S54: =IF(R54="","",Q54/R54) -> 0 | T54: =O54/U54 -> 0 | U54: =U53 -> 17 | V54: =IF(SUM(J54:P54)<>0,"in","") | W54: =IF(E54="","",VLOOKUP(E54,'Danh mục CODE'!$B$2:$C$2063,2,0)) -> CÔNG TY CỔ PHẦN VLXD VIDONA
A55: =ROW()-30 -> 25 | B55: Than cục 4- VIDONA 02 | C55: NLT4.VDN02 | D55: Than cục 4- VIDONA 02 | E55: =IF(C55="","",VLOOKUP(D55,'Danh mục CODE'!$A$2:$I$1966,2,0)) -> NCC00498 | F55: =IF(D55="","",VLOOKUP(B55,'Danh mục CODE'!$A$2:$F$790,6,0)) -> kg | J55: 0 | K55: 0 | L55: =SUMIF('NHAP - NVL'!$G$5:$G$3001,C55,'NHAP - NVL'!$J$5:$J$2001) -> 0 | M55: =SUMIF('NHAP - NVL'!$G$5:$G$3001,C55,'NHAP - NVL'!$K$5:$K$2001) -> 0 | N55: =SUMIF('XUAT - NVL'!$H$5:$H$5199,D55,'XUAT - NVL'!$K$5:$K$5199) -> 0 | O55: =SUMIF('XUAT - NVL'!$H$5:$H$5199,D55,'XUAT - NVL'!$L$5:$L$5199) -> 0 | P55: 0 | Q55: =+K55+M55-O55 -> 0 | R55: 35000 | S55: =IF(R55="","",Q55/R55) -> 0 | T55: =O55/U55 -> 0 | U55: =U54 -> 17 | V55: =IF(SUM(J55:P55)<>0,"in","") | W55: =IF(E55="","",VLOOKUP(E55,'Danh mục CODE'!$B$2:$C$2063,2,0)) -> CÔNG TY CỔ PHẦN VLXD VIDONA
A56: =ROW()-30 -> 26 | B56: Vỏ điều- Gia Phúc Lô 1 | C56: NLD.GP01 | D56: Vỏ điều- Gia Phúc Lô 1 | E56: =IF(C56="","",VLOOKUP(D56,'Danh mục CODE'!$A$2:$I$1966,2,0)) -> NCC00495 | F56: =IF(D56="","",VLOOKUP(B56,'Danh mục CODE'!$A$2:$F$790,6,0)) -> kg | J56: 0 | K56: 0 | L56: =SUMIF('NHAP - NVL'!$G$5:$G$3001,C56,'NHAP - NVL'!$J$5:$J$2001) -> 0 | M56: =SUMIF('NHAP - NVL'!$G$5:$G$3001,C56,'NHAP - NVL'!$K$5:$K$2001) -> 0 | N56: =SUMIF('XUAT - NVL'!$H$5:$H$5199,D56,'XUAT - NVL'!$K$5:$K$5199) -> 0 | O56: =SUMIF('XUAT - NVL'!$H$5:$H$5199,D56,'XUAT - NVL'!$L$5:$L$5199) -> 0 | P56: 0 | Q56: =+K56+M56-O56 -> 0 | R56: 47000 | S56: =IF(R56="","",Q56/R56) -> 0 | T56: =O56/U56 -> 0 | U56: =U55 -> 17 | V56: =IF(SUM(J56:P56)<>0,"in","") | W56: =IF(E56="","",VLOOKUP(E56,'Danh mục CODE'!$B$2:$C$2063,2,0)) -> CÔNG TY TNHH MTV GIA PHÚC
A57: =ROW()-30 -> 27 | B57: Vỏ điều- Lâm Thiên Phúc lô 1 | C57: NLD.TP01 | D57: Vỏ điều- Lâm Thiên Phúc lô 1 | E57: =IF(C57="","",VLOOKUP(D57,'Danh mục CODE'!$A$2:$I$1966,2,0)) -> NCC00496 | F57: =IF(D57="","",VLOOKUP(B57,'Danh mục CODE'!$A$2:$F$790,6,0)) -> kg | J57: 0 | K57: 0 | L57: =SUMIF('NHAP - NVL'!$G$5:$G$3001,C57,'NHAP - NVL'!$J$5:$J$2001) -> 0 | M57: =SUMIF('NHAP - NVL'!$G$5:$G$3001,C57,'NHAP - NVL'!$K$5:$K$2001) -> 0 | N57: =SUMIF('XUAT - NVL'!$H$5:$H$5199,D57,'XUAT - NVL'!$K$5:$K$5199) -> 0 | O57: =SUMIF('XUAT - NVL'!$H$5:$H$5199,D57,'XUAT - NVL'!$L$5:$L$5199) -> 0 | P57: 0 | Q57: =+K57+M57-O57 -> 0 | R57: 40000 | S57: =IF(R57="","",Q57/R57) -> 0 | T57: =O57/U57 -> 0 | U57: =U56 -> 17 | V57: =IF(SUM(J57:P57)<>0,"in","") | W57: =IF(E57="","",VLOOKUP(E57,'Danh mục CODE'!$B$2:$C$2063,2,0)) -> CÔNG TY TNHH CHẤT ĐỐT LÂM THIÊN PHÚC
A58: =ROW()-30 -> 28 | B58: Vỏ điều- Hùng Lê lô 1 | C58: NLD.HL01 | D58: Vỏ điều- Hùng Lê lô 1 | E58: =IF(C58="","",VLOOKUP(D58,'Danh mục CODE'!$A$2:$I$1966,2,0)) -> NCC02121 | F58: =IF(D58="","",VLOOKUP(B58,'Danh mục CODE'!$A$2:$F$790,6,0)) -> kg | J58: 0 | K58: 218822.33 | L58: =SUMIF('NHAP - NVL'!$G$5:$G$3001,C58,'NHAP - NVL'!$J$5:$J$2001) -> 329388.6 | M58: =SUMIF('NHAP - NVL'!$G$5:$G$3001,C58,'NHAP - NVL'!$K$5:$K$2001) -> 383010 | N58: =SUMIF('XUAT - NVL'!$H$5:$H$5199,D58,'XUAT - NVL'!$K$5:$K$5199) -> 0 | O58: =SUMIF('XUAT - NVL'!$H$5:$H$5199,D58,'XUAT - NVL'!$L$5:$L$5199) -> 321902 | P58: 0 | Q58: =+K58+M58-O58 -> 279930.33 | R58: 40000 | S58: =IF(R58="","",Q58/R58) -> 6.9982582 | T58: =O58/U58 -> 18935.412 | U58: =U57 -> 17 | V58: =IF(SUM(J58:P58)<>0,"in","") -> in | W58: =IF(E58="","",VLOOKUP(E58,'Danh mục CODE'!$B$2:$C$2063,2,0)) -> CÔNG TY TNHH CHẤT ĐỐT HÙNG LÊ
A59: =ROW()-30 -> 29 | B59: Vỏ điều- Thiên Bảo lô 1 | C59: NLD.TB01 | D59: Vỏ điều- Thiên Bảo lô 1 | E59: =IF(C59="","",VLOOKUP(D59,'Danh mục CODE'!$A$2:$I$1966,2,0)) -> NCC04858 | F59: =IF(D59="","",VLOOKUP(B59,'Danh mục CODE'!$A$2:$F$790,6,0)) -> kg | J59: 0 | K59: 0 | L59: =SUMIF('NHAP - NVL'!$G$5:$G$3001,C59,'NHAP - NVL'!$J$5:$J$2001) -> 0 | M59: =SUMIF('NHAP - NVL'!$G$5:$G$3001,C59,'NHAP - NVL'!$K$5:$K$2001) -> 0 | N59: =SUMIF('XUAT - NVL'!$H$5:$H$5199,D59,'XUAT - NVL'!$K$5:$K$5199) -> 0 | O59: =SUMIF('XUAT - NVL'!$H$5:$H$5199,D59,'XUAT - NVL'!$L$5:$L$5199) -> 0 | P59: 0 | Q59: =+K59+M59-O59 -> 0 | R59: =R57 -> 40000 | S59: =IF(R59="","",Q59/R59) -> 0 | T59: =O59/U59 -> 0 | U59: =U58 -> 17 | V59: =IF(SUM(J59:P59)<>0,"in","") | W59: =IF(E59="","",VLOOKUP(E59,'Danh mục CODE'!$B$2:$C$2063,2,0)) -> CÔNG TY TNHH SX TM THIÊN BẢO BP
A60: =ROW()-30 -> 30 | B60: Vỏ điều- GreenPower lô 1 | C60: NLD.GR01 | D60: Vỏ điều- GreenPower lô 1 | E60: =IF(C60="","",VLOOKUP(D60,'Danh mục CODE'!$A$2:$I$1966,2,0)) -> NCC04859 | F60: =IF(D60="","",VLOOKUP(B60,'Danh mục CODE'!$A$2:$F$790,6,0)) -> kg | J60: 0 | K60: 258661.63 | L60: =SUMIF('NHAP - NVL'!$G$5:$G$3001,C60,'NHAP - NVL'!$J$5:$J$2001) -> 302169.71 | M60: =SUMIF('NHAP - NVL'!$G$5:$G$3001,C60,'NHAP - NVL'!$K$5:$K$2001) -> 351360.13 | N60: =SUMIF('XUAT - NVL'!$H$5:$H$5199,D60,'XUAT - NVL'!$K$5:$K$5199) -> 0 | O60: =SUMIF('XUAT - NVL'!$H$5:$H$5199,D60,'XUAT - NVL'!$L$5:$L$5199) -> 481038 | P60: 0 | Q60: =+K60+M60-O60 -> 128983.76 | R60: =R58 -> 40000 | S60: =IF(R60="","",Q60/R60) -> 3.224594 | T60: =O60/U60 -> 28296.353 | U60: =U59 -> 17 | V60: =IF(SUM(J60:P60)<>0,"in","") -> in | W60: =IF(E60="","",VLOOKUP(E60,'Danh mục CODE'!$B$2:$C$2063,2,0)) -> CÔNG TY TNHH DT GREENPOWER
A61: =ROW()-30 -> 31 | B61: Vỏ điều- Tín Nghĩa Hưng | C61: NLD.NH01 | D61: Vỏ điều- Tín Nghĩa Hưng | E61: =IF(C61="","",VLOOKUP(D61,'Danh mục CODE'!$A$2:$I$1966,2,0)) -> NCC01755 | F61: =IF(D61="","",VLOOKUP(B61,'Danh mục CODE'!$A$2:$F$790,6,0)) -> kg | J61: 0 | K61: 0 | L61: =SUMIF('NHAP - NVL'!$G$5:$G$3001,C61,'NHAP - NVL'!$J$5:$J$2001) -> 0 | M61: =SUMIF('NHAP - NVL'!$G$5:$G$3001,C61,'NHAP - NVL'!$K$5:$K$2001) -> 0 | N61: =SUMIF('XUAT - NVL'!$H$5:$H$5199,D61,'XUAT - NVL'!$K$5:$K$5199) -> 0 | O61: =SUMIF('XUAT - NVL'!$H$5:$H$5199,D61,'XUAT - NVL'!$L$5:$L$5199) -> 0 | P61: =+J61+L61-N61 -> 0 | Q61: =+K61+M61-O61 -> 0 | R61: =R59 -> 40000 | S61: =IF(R61="","",Q61/R61) -> 0 | T61: =O61/U61 -> 0 | U61: =U60 -> 17 | V61: =IF(SUM(J61:P61)<>0,"in","") | W61: =IF(E61="","",VLOOKUP(E61,'Danh mục CODE'!$B$2:$C$2063,2,0)) -> CÔNG TY TNHH MỘT THÀNH VIÊN TÍN NGHĨA HƯNG
A62: =ROW()-30 -> 32 | B62: Củi đốt lò | C62: NVLKX02.003 | D62: Củi đốt lò | E62: =IF(C62="","",VLOOKUP(D62,'Danh mục CODE'!$A$2:$I$1966,2,0)) -> NCC00201 | F62: =IF(D62="","",VLOOKUP(B62,'Danh mục CODE'!$A$2:$F$790,6,0)) -> kg | J62: 0 | K62: 0 | L62: =SUMIF('NHAP - NVL'!$G$5:$G$3001,C62,'NHAP - NVL'!$J$5:$J$2001) -> 0 | M62: =SUMIF('NHAP - NVL'!$G$5:$G$3001,C62,'NHAP - NVL'!$K$5:$K$2001) -> 0 | N62: =SUMIF('XUAT - NVL'!$H$5:$H$5199,D62,'XUAT - NVL'!$K$5:$K$5199) -> 0 | O62: =SUMIF('XUAT - NVL'!$H$5:$H$5199,D62,'XUAT - NVL'!$L$5:$L$5199) -> 0 | P62: 0 | Q62: =+K62+M62-O62 -> 0 | R62: 0 | S62: =IF(R62="","",Q62/R62) -> #DIV/0! | T62: =O62/U62 -> 0 | U62: =U61 -> 17 | V62: =IF(SUM(J62:P62)<>0,"in","") | W62: =IF(E62="","",VLOOKUP(E62,'Danh mục CODE'!$B$2:$C$2063,2,0)) -> CÔNG TY TNHH SX TM GỖ PHÁT QUÝ
A63: =ROW()-30 -> 33 | B63: Than Indo- SL01 | C63: NLT.SL01 | D63: Than Indo- SL01 | E63: =IF(C63="","",VLOOKUP(D63,'Danh mục CODE'!$A$2:$I$1966,2,0)) -> NCC02107 | F63: =IF(D63="","",VLOOKUP(B63,'Danh mục CODE'!$A$2:$F$790,6,0)) -> kg | J63: 0 | K63: 0 | L63: =SUMIF('NHAP - NVL'!$G$5:$G$3001,C63,'NHAP - NVL'!$J$5:$J$2001) -> 0 | M63: =SUMIF('NHAP - NVL'!$G$5:$G$3001,C63,'NHAP - NVL'!$K$5:$K$2001) -> 0 | N63: =SUMIF('XUAT - NVL'!$H$5:$H$5199,D63,'XUAT - NVL'!$K$5:$K$5199) -> 0 | O63: =SUMIF('XUAT - NVL'!$H$5:$H$5199,D63,'XUAT - NVL'!$L$5:$L$5199) -> 0 | P63: 0 | Q63: =+K63+M63-O63 -> 0 | R63: 0 | S63: =IF(R63="","",Q63/R63) -> #DIV/0! | T63: =O63/U63 -> 0 | U63: =U62 -> 17 | V63: =IF(SUM(J63:P63)<>0,"in","") | W63: =IF(E63="","",VLOOKUP(E63,'Danh mục CODE'!$B$2:$C$2063,2,0)) -> CÔNG TY CP NĂNG LƯỢNG SONG LONG
A64: =ROW()-30 -> 34 | B64: Mùn cưa | C64: NL.TLD01 | D64: Mùn cưa | E64: =IF(C64="","",VLOOKUP(D64,'Danh mục CODE'!$A$2:$I$1966,2,0)) -> NCC02108 | F64: =IF(D64="","",VLOOKUP(B64,'Danh mục CODE'!$A$2:$F$790,6,0)) -> kg | J64: 0 | K64: 0 | L64: =SUMIF('NHAP - NVL'!$G$5:$G$3001,C64,'NHAP - NVL'!$J$5:$J$2001) -> 0 | M64: =SUMIF('NHAP - NVL'!$G$5:$G$3001,C64,'NHAP - NVL'!$K$5:$K$2001) -> 0 | N64: =SUMIF('XUAT - NVL'!$H$5:$H$5199,D64,'XUAT - NVL'!$K$5:$K$5199) -> 0 | O64: =SUMIF('XUAT - NVL'!$H$5:$H$5199,D64,'XUAT - NVL'!$L$5:$L$5199) -> 0 | P64: 0 | Q64: =+K64+M64-O64 -> 0 | R64: 0 | S64: =IF(R64="","",Q64/R64) -> #DIV/0! | T64: =O64/U64 -> 0 | U64: =U63 -> 17 | V64: =IF(SUM(J64:P64)<>0,"in","") | W64: =IF(E64="","",VLOOKUP(E64,'Danh mục CODE'!$B$2:$C$2063,2,0)) -> CÔNG TY TNHH TLD COMPANY
A65: =ROW()-30 -> 35 | B65: Dăm đen | C65: NL.HBN01 | D65: Dăm đen | E65: =IF(C65="","",VLOOKUP(D65,'Danh mục CODE'!$A$2:$I$1966,2,0)) -> NCC02113 | F65: =IF(D65="","",VLOOKUP(B65,'Danh mục CODE'!$A$2:$F$790,6,0)) -> kg | J65: 0 | K65: 0 | L65: =SUMIF('NHAP - NVL'!$G$5:$G$3001,C65,'NHAP - NVL'!$J$5:$J$2001) -> 0 | M65: =SUMIF('NHAP - NVL'!$G$5:$G$3001,C65,'NHAP - NVL'!$K$5:$K$2001) -> 0 | N65: =SUMIF('XUAT - NVL'!$H$5:$H$5199,D65,'XUAT - NVL'!$K$5:$K$5199) -> 0 | O65: =SUMIF('XUAT - NVL'!$H$5:$H$5199,D65,'XUAT - NVL'!$L$5:$L$5199) -> 0 | P65: 0 | Q65: =+K65+M65-O65 -> 0 | R65: 14000 | S65: =IF(R65="","",Q65/R65) -> 0 | T65: =O65/U65 -> 0 | U65: =U64 -> 17 | V65: =IF(SUM(J65:P65)<>0,"in","") | W65: =IF(E65="","",VLOOKUP(E65,'Danh mục CODE'!$B$2:$C$2063,2,0)) -> CÔNG TY TNHH PHẠM HOÀNG BẢO NGỌC
A66: =ROW()-30 -> 36 | B66: Than cám sàng từ than cục của lô than Huyền Trang 01 | C66: THANCAM.HT01 | D66: Than cám sàng từ than cục của lô than Huyền Trang 01 | E66: =IF(C66="","",VLOOKUP(D66,'Danh mục CODE'!$A$2:$I$1966,2,0)) -> NCC00607 | F66: =IF(D66="","",VLOOKUP(B66,'Danh mục CODE'!$A$2:$F$790,6,0)) -> kg | J66: 0 | K66: 0 | L66: =SUMIF('NHAP - NVL'!$G$5:$G$3001,C66,'NHAP - NVL'!$J$5:$J$2001) -> 0 | M66: =SUMIF('NHAP - NVL'!$G$5:$G$3001,C66,'NHAP - NVL'!$K$5:$K$2001) -> 0 | N66: =SUMIF('XUAT - NVL'!$H$5:$H$5199,D66,'XUAT - NVL'!$K$5:$K$5199) -> 0 | O66: =SUMIF('XUAT - NVL'!$H$5:$H$5199,D66,'XUAT - NVL'!$L$5:$L$5199) -> 0 | P66: 0 | Q66: =+K66+M66-O66 -> 0 | R66: 0 | S66: =IF(R66="","",Q66/R66) -> #DIV/0! | T66: =O66/U66 -> 0 | U66: =U65 -> 17 | V66: =IF(SUM(J66:P66)<>0,"in","") | W66: =IF(E66="","",VLOOKUP(E66,'Danh mục CODE'!$B$2:$C$2063,2,0)) -> CÔNG TY CP GẠCH MEN PHƯƠNG NAM
A67: =ROW()-30 -> 37 | B67: Than cám sàng từ than cục của lô than Huyền Trang 02 | C67: THANCAM.HT02 | D67: Than cám sàng từ than cục của lô than Huyền Trang 02 | E67: =IF(C67="","",VLOOKUP(D67,'Danh mục CODE'!$A$2:$I$1966,2,0)) -> NCC00607 | F67: =IF(D67="","",VLOOKUP(B67,'Danh mục CODE'!$A$2:$F$790,6,0)) -> kg | J67: 0 | K67: 0 | L67: =SUMIF('NHAP - NVL'!$G$5:$G$3001,C67,'NHAP - NVL'!$J$5:$J$2001) -> 0 | M67: =SUMIF('NHAP - NVL'!$G$5:$G$3001,C67,'NHAP - NVL'!$K$5:$K$2001) -> 0 | N67: =SUMIF('XUAT - NVL'!$H$5:$H$5199,D67,'XUAT - NVL'!$K$5:$K$5199) -> 0 | O67: =SUMIF('XUAT - NVL'!$H$5:$H$5199,D67,'XUAT - NVL'!$L$5:$L$5199) -> 0 | P67: =+J67+L67-N67 -> 0 | Q67: =+K67+M67-O67 -> 0 | R67: 0 | S67: =IF(R67="","",Q67/R67) -> #DIV/0! | T67: =O67/U67 -> 0 | U67: =U66 -> 17 | V67: =IF(SUM(J67:P67)<>0,"in","") | W67: =IF(E67="","",VLOOKUP(E67,'Danh mục CODE'!$B$2:$C$2063,2,0)) -> CÔNG TY CP GẠCH MEN PHƯƠNG NAM
A68: =ROW()-30 -> 38 | B68: Than cám sàng từ than cục của lô than Huyền Trang 03 | C68: THANCAM.HT03 | D68: Than cám sàng từ than cục của lô than Huyền Trang 03 | E68: =IF(C68="","",VLOOKUP(D68,'Danh mục CODE'!$A$2:$I$1966,2,0)) -> NCC00607 | F68: =IF(D68="","",VLOOKUP(B68,'Danh mục CODE'!$A$2:$F$790,6,0)) -> kg | J68: 0 | K68: 0 | L68: =SUMIF('NHAP - NVL'!$G$5:$G$3001,C68,'NHAP - NVL'!$J$5:$J$2001) -> 0 | M68: =SUMIF('NHAP - NVL'!$G$5:$G$3001,C68,'NHAP - NVL'!$K$5:$K$2001) -> 0 | N68: =SUMIF('XUAT - NVL'!$H$5:$H$5199,D68,'XUAT - NVL'!$K$5:$K$5199) -> 0 | O68: =SUMIF('XUAT - NVL'!$H$5:$H$5199,D68,'XUAT - NVL'!$L$5:$L$5199) -> 0 | P68: =+J68+L68-N68 -> 0 | Q68: =+K68+M68-O68 -> 0 | R68: 0 | S68: =IF(R68="","",Q68/R68) -> #DIV/0! | T68: =O68/U68 -> 0 | U68: =U67 -> 17 | V68: =IF(SUM(J68:P68)<>0,"in","") | W68: =IF(E68="","",VLOOKUP(E68,'Danh mục CODE'!$B$2:$C$2063,2,0)) -> CÔNG TY CP GẠCH MEN PHƯƠNG NAM
A69: =ROW()-30 -> 39 | B69: Than cám sàng từ than cục của lô than Thịnh Huyền 01 | C69: THANCAM.TH01 | D69: Than cám sàng từ than cục của lô than Thịnh Huyền 01 | E69: =IF(C69="","",VLOOKUP(D69,'Danh mục CODE'!$A$2:$I$1966,2,0)) -> NCC00607 | F69: =IF(D69="","",VLOOKUP(B69,'Danh mục CODE'!$A$2:$F$790,6,0)) -> kg | J69: 0 | K69: 0 | L69: =SUMIF('NHAP - NVL'!$G$5:$G$3001,C69,'NHAP - NVL'!$J$5:$J$2001) -> 0 | M69: =SUMIF('NHAP - NVL'!$G$5:$G$3001,C69,'NHAP - NVL'!$K$5:$K$2001) -> 0 | N69: =SUMIF('XUAT - NVL'!$H$5:$H$5199,D69,'XUAT - NVL'!$K$5:$K$5199) -> 0 | O69: =SUMIF('XUAT - NVL'!$H$5:$H$5199,D69,'XUAT - NVL'!$L$5:$L$5199) -> 0 | P69: 0 | Q69: =+K69+M69-O69 -> 0 | R69: 0 | S69: =IF(R69="","",Q69/R69) -> #DIV/0! | U69: =U68 -> 17 | V69: =IF(SUM(J69:P69)<>0,"in","") | W69: =IF(E69="","",VLOOKUP(E69,'Danh mục CODE'!$B$2:$C$2063,2,0)) -> CÔNG TY CP GẠCH MEN PHƯƠNG NAM
A70: =ROW()-30 -> 40 | B70: Than cám sàng từ than cục của lô than Thịnh Huyền 02 | C70: THANCAM.TH02 | D70: Than cám sàng từ than cục của lô than Thịnh Huyền 02 | E70: =IF(C70="","",VLOOKUP(D70,'Danh mục CODE'!$A$2:$I$1966,2,0)) -> NCC00607 | F70: =IF(D70="","",VLOOKUP(B70,'Danh mục CODE'!$A$2:$F$790,6,0)) -> kg | J70: 0 | K70: 0 | L70: =SUMIF('NHAP - NVL'!$G$5:$G$3001,C70,'NHAP - NVL'!$J$5:$J$2001) -> 0 | M70: =SUMIF('NHAP - NVL'!$G$5:$G$3001,C70,'NHAP - NVL'!$K$5:$K$2001) -> 0 | N70: =SUMIF('XUAT - NVL'!$H$5:$H$5199,D70,'XUAT - NVL'!$K$5:$K$5199) -> 0 | O70: =SUMIF('XUAT - NVL'!$H$5:$H$5199,D70,'XUAT - NVL'!$L$5:$L$5199) -> 0 | P70: =+J70+L70-N70 -> 0 | Q70: =+K70+M70-O70 -> 0 | R70: 0 | S70: =IF(R70="","",Q70/R70) -> #DIV/0! | U70: =U69 -> 17 | V70: =IF(SUM(J70:P70)<>0,"in","") | W70: =IF(E70="","",VLOOKUP(E70,'Danh mục CODE'!$B$2:$C$2063,2,0)) -> CÔNG TY CP GẠCH MEN PHƯƠNG NAM
A71: =ROW()-30 -> 41 | B71: Than cám sàng từ than cục của lô than Hưng Tam Long 01 | C71: THANCAM.HL01 | D71: Than cám sàng từ than cục của lô than Hưng Tam Long 01 | E71: =IF(C71="","",VLOOKUP(D71,'Danh mục CODE'!$A$2:$I$1966,2,0)) -> NCC00607 | F71: =IF(D71="","",VLOOKUP(B71,'Danh mục CODE'!$A$2:$F$790,6,0)) -> kg | J71: 0 | K71: 0 | L71: =SUMIF('NHAP - NVL'!$G$5:$G$3001,C71,'NHAP - NVL'!$J$5:$J$2001) -> 34623.28 | M71: =SUMIF('NHAP - NVL'!$G$5:$G$3001,C71,'NHAP - NVL'!$K$5:$K$2001) -> 37634 | N71: =SUMIF('XUAT - NVL'!$H$5:$H$5199,D71,'XUAT - NVL'!$K$5:$K$5199) -> 0 | O71: =SUMIF('XUAT - NVL'!$H$5:$H$5199,D71,'XUAT - NVL'!$L$5:$L$5199) -> 37634 | P71: 0 | Q71: =+K71+M71-O71 -> 0 | R71: 0 | S71: =IF(R71="","",Q71/R71) -> #DIV/0! | U71: =U70 -> 17 | V71: =IF(SUM(J71:P71)<>0,"in","") -> in | W71: =IF(E71="","",VLOOKUP(E71,'Danh mục CODE'!$B$2:$C$2063,2,0)) -> CÔNG TY CP GẠCH MEN PHƯƠNG NAM
A72: =ROW()-30 -> 42 | B72: Than cám sàng từ than cục của lô than Hưng Tam Long 02 | C72: THANCAM.HL02 | D72: Than cám sàng từ than cục của lô than Hưng Tam Long 02 | E72: =IF(C72="","",VLOOKUP(D72,'Danh mục CODE'!$A$2:$I$1966,2,0)) -> NCC00607 | F72: =IF(D72="","",VLOOKUP(B72,'Danh mục CODE'!$A$2:$F$790,6,0)) -> kg | J72: 0 | K72: 29502 | L72: 0 | M72: =SUMIF('NHAP - NVL'!$G$5:$G$3001,C72,'NHAP - NVL'!$K$5:$K$2001) -> 0 | N72: =SUMIF('XUAT - NVL'!$H$5:$H$5199,D72,'XUAT - NVL'!$K$5:$K$5199) -> 0 | O72: =SUMIF('XUAT - NVL'!$H$5:$H$5199,D72,'XUAT - NVL'!$L$5:$L$5199) -> 14547 | P72: 0 | Q72: =+K72+M72-O72 -> 14955 | R72: 0 | S72: =IF(R72="","",Q72/R72) -> #DIV/0! | U72: =U71 -> 17 | V72: =IF(SUM(J72:P72)<>0,"in","") -> in | W72: =IF(E72="","",VLOOKUP(E72,'Danh mục CODE'!$B$2:$C$2063,2,0)) -> CÔNG TY CP GẠCH MEN PHƯƠNG NAM
A73: =ROW()-30 -> 43 | B73: Than cám sàng từ than cục của lô than Hưng Tam Long 03 | C73: THANCAM.HL03 | D73: Than cám sàng từ than cục của lô than Hưng Tam Long 03 | E73: =IF(C73="","",VLOOKUP(D73,'Danh mục CODE'!$A$2:$I$1966,2,0)) -> NCC00607 | F73: =IF(D73="","",VLOOKUP(B73,'Danh mục CODE'!$A$2:$F$790,6,0)) -> kg | J73: 0 | K73: 0 | L73: 0 | M73: =SUMIF('NHAP - NVL'!$G$5:$G$3001,C73,'NHAP - NVL'!$K$5:$K$2001) -> 0 | N73: =SUMIF('XUAT - NVL'!$H$5:$H$5199,D73,'XUAT - NVL'!$K$5:$K$5199) -> 0 | O73: =SUMIF('XUAT - NVL'!$H$5:$H$5199,D73,'XUAT - NVL'!$L$5:$L$5199) -> 0 | P73: 0 | Q73: =+K73+M73-O73 -> 0 | R73: 0 | S73: =IF(R73="","",Q73/R73) -> #DIV/0! | U73: =U72 -> 17 | V73: =IF(SUM(J73:P73)<>0,"in","") | W73: =IF(E73="","",VLOOKUP(E73,'Danh mục CODE'!$B$2:$C$2063,2,0)) -> CÔNG TY CP GẠCH MEN PHƯƠNG NAM
A74: =ROW()-30 -> 44 | B74: Than cám sàng từ than cục của lô than Hưng Tam Long 04 | C74: THANCAM.HL04 | D74: Than cám sàng từ than cục của lô than Hưng Tam Long 04 | E74: =IF(C74="","",VLOOKUP(D74,'Danh mục CODE'!$A$2:$I$1966,2,0)) -> NCC00607 | F74: =IF(D74="","",VLOOKUP(B74,'Danh mục CODE'!$A$2:$F$790,6,0)) -> kg | J74: 0 | K74: 0 | L74: =SUMIF('NHAP - NVL'!$G$5:$G$3001,C74,'NHAP - NVL'!$J$5:$J$2001) -> 0 | M74: =SUMIF('NHAP - NVL'!$G$5:$G$3001,C74,'NHAP - NVL'!$K$5:$K$2001) -> 0 | N74: =SUMIF('XUAT - NVL'!$H$5:$H$5199,D74,'XUAT - NVL'!$K$5:$K$5199) -> 0 | O74: =SUMIF('XUAT - NVL'!$H$5:$H$5199,D74,'XUAT - NVL'!$L$5:$L$5199) -> 0 | P74: 0 | Q74: =+K74+M74-O74 -> 0 | R74: 0 | S74: =IF(R74="","",Q74/R74) -> #DIV/0! | U74: =U73 -> 17 | V74: =IF(SUM(J74:P74)<>0,"in","") | W74: =IF(E74="","",VLOOKUP(E74,'Danh mục CODE'!$B$2:$C$2063,2,0)) -> CÔNG TY CP GẠCH MEN PHƯƠNG NAM
A75: =ROW()-30 -> 45 | B75: Than cám sàng từ than cục của lô than Đông Bắc 01 | C75: THANCAM.ĐB01 | D75: Than cám sàng từ than cục của lô than Đông Bắc 01 | E75: =IF(C75="","",VLOOKUP(D75,'Danh mục CODE'!$A$2:$I$1966,2,0)) -> NCC00607 | F75: =IF(D75="","",VLOOKUP(B75,'Danh mục CODE'!$A$2:$F$790,6,0)) -> kg | J75: 0 | K75: 0 | L75: =SUMIF('NHAP - NVL'!$G$5:$G$3001,C75,'NHAP - NVL'!$J$5:$J$2001) -> 0 | M75: =SUMIF('NHAP - NVL'!$G$5:$G$3001,C75,'NHAP - NVL'!$K$5:$K$2001) -> 0 | N75: =SUMIF('XUAT - NVL'!$H$5:$H$5199,D75,'XUAT - NVL'!$K$5:$K$5199) -> 0 | O75: =SUMIF('XUAT - NVL'!$H$5:$H$5199,D75,'XUAT - NVL'!$L$5:$L$5199) -> 0 | P75: =+J75+L75-N75 -> 0 | Q75: =+K75+M75-O75 -> 0 | R75: 0 | S75: =IF(R75="","",Q75/R75) -> #DIV/0! | U75: =U74 -> 17 | V75: =IF(SUM(J75:P75)<>0,"in","") | W75: =IF(E75="","",VLOOKUP(E75,'Danh mục CODE'!$B$2:$C$2063,2,0)) -> CÔNG TY CP GẠCH MEN PHƯƠNG NAM
A76: =ROW()-30 -> 46 | B76: Than cám sàng từ than cục của lô than Đông Bắc 02 | C76: THANCAM.ĐB02 | D76: Than cám sàng từ than cục của lô than Đông Bắc 02 | E76: =IF(C76="","",VLOOKUP(D76,'Danh mục CODE'!$A$2:$I$1966,2,0)) -> NCC00607 | F76: =IF(D76="","",VLOOKUP(B76,'Danh mục CODE'!$A$2:$F$790,6,0)) -> kg | J76: 0 | K76: 0 | L76: =SUMIF('NHAP - NVL'!$G$5:$G$3001,C76,'NHAP - NVL'!$J$5:$J$2001) -> 0 | M76: =SUMIF('NHAP - NVL'!$G$5:$G$3001,C76,'NHAP - NVL'!$K$5:$K$2001) -> 0 | N76: =SUMIF('XUAT - NVL'!$H$5:$H$5199,D76,'XUAT - NVL'!$K$5:$K$5199) -> 0 | O76: =SUMIF('XUAT - NVL'!$H$5:$H$5199,D76,'XUAT - NVL'!$L$5:$L$5199) -> 0 | P76: =+J76+L76-N76 -> 0 | Q76: =+K76+M76-O76 -> 0 | R76: 0 | S76: =IF(R76="","",Q76/R76) -> #DIV/0! | U76: =U75 -> 17 | V76: =IF(SUM(J76:P76)<>0,"in","") | W76: =IF(E76="","",VLOOKUP(E76,'Danh mục CODE'!$B$2:$C$2063,2,0)) -> CÔNG TY CP GẠCH MEN PHƯƠNG NAM
A77: =ROW()-30 -> 47 | B77: Than cám sàng từ than cục của lô than Hải Thành 01 | C77: THANCAM.HAT01 | D77: Than cám sàng từ than cục của lô than Hải Thành 01 | E77: =IF(C77="","",VLOOKUP(D77,'Danh mục CODE'!$A$2:$I$1966,2,0)) -> NCC00607 | F77: =IF(D77="","",VLOOKUP(B77,'Danh mục CODE'!$A$2:$F$790,6,0)) -> kg | J77: 0 | K77: 0 | L77: =SUMIF('NHAP - NVL'!$G$5:$G$3001,C77,'NHAP - NVL'!$J$5:$J$2001) -> 0 | M77: =SUMIF('NHAP - NVL'!$G$5:$G$3001,C77,'NHAP - NVL'!$K$5:$K$2001) -> 0 | N77: =SUMIF('XUAT - NVL'!$H$5:$H$5199,D77,'XUAT - NVL'!$K$5:$K$5199) -> 0 | O77: =SUMIF('XUAT - NVL'!$H$5:$H$5199,D77,'XUAT - NVL'!$L$5:$L$5199) -> 0 | P77: 0 | Q77: =+K77+M77-O77 -> 0 | R77: 0 | S77: =IF(R77="","",Q77/R77) -> #DIV/0! | U77: =U76 -> 17 | V77: =IF(SUM(J77:P77)<>0,"in","") | W77: =IF(E77="","",VLOOKUP(E77,'Danh mục CODE'!$B$2:$C$2063,2,0)) -> CÔNG TY CP GẠCH MEN PHƯƠNG NAM
A78: =ROW()-30 -> 48 | B78: Than cám sàng từ than cục của lô than Hải Thành 02 | C78: THANCAM.HAT02 | D78: Than cám sàng từ than cục của lô than Hải Thành 02 | E78: =IF(C78="","",VLOOKUP(D78,'Danh mục CODE'!$A$2:$I$1966,2,0)) -> NCC00607 | F78: =IF(D78="","",VLOOKUP(B78,'Danh mục CODE'!$A$2:$F$790,6,0)) -> kg | J78: 0 | K78: 0 | L78: =SUMIF('NHAP - NVL'!$G$5:$G$3001,C78,'NHAP - NVL'!$J$5:$J$2001) -> 112016.44 | M78: =SUMIF('NHAP - NVL'!$G$5:$G$3001,C78,'NHAP - NVL'!$K$5:$K$2001) -> 121757 | N78: =SUMIF('XUAT - NVL'!$H$5:$H$5199,D78,'XUAT - NVL'!$K$5:$K$5199) -> 0 | O78: =SUMIF('XUAT - NVL'!$H$5:$H$5199,D78,'XUAT - NVL'!$L$5:$L$5199) -> 121757 | P78: 0 | Q78: =+K78+M78-O78 -> 0 | R78: 0 | S78: =IF(R78="","",Q78/R78) -> #DIV/0! | U78: =U77 -> 17 | V78: =IF(SUM(J78:P78)<>0,"in","") -> in | W78: =IF(E78="","",VLOOKUP(E78,'Danh mục CODE'!$B$2:$C$2063,2,0)) -> CÔNG TY CP GẠCH MEN PHƯƠNG NAM
A79: =ROW()-30 -> 49 | B79: Than cám sàng từ than cục của lô than Hải Thành 03 | C79: THANCAM.HAT03 | D79: Than cám sàng từ than cục của lô than Hải Thành 03 | E79: =IF(C79="","",VLOOKUP(D79,'Danh mục CODE'!$A$2:$I$1966,2,0)) -> NCC00607 | F79: =IF(D79="","",VLOOKUP(B79,'Danh mục CODE'!$A$2:$F$790,6,0)) -> kg | J79: 0 | K79: 0 | L79: 0 | M79: =SUMIF('NHAP - NVL'!$G$5:$G$3001,C79,'NHAP - NVL'!$K$5:$K$2001) -> 0 | N79: =SUMIF('XUAT - NVL'!$H$5:$H$5199,D79,'XUAT - NVL'!$K$5:$K$5199) -> 0 | O79: =SUMIF('XUAT - NVL'!$H$5:$H$5199,D79,'XUAT - NVL'!$L$5:$L$5199) -> 0 | P79: 0 | Q79: =+K79+M79-O79 -> 0 | R79: 0 | S79: =IF(R79="","",Q79/R79) -> #DIV/0! | U79: =U78 -> 17 | V79: =IF(SUM(J79:P79)<>0,"in","") | W79: =IF(E79="","",VLOOKUP(E79,'Danh mục CODE'!$B$2:$C$2063,2,0)) -> CÔNG TY CP GẠCH MEN PHƯƠNG NAM
A80: =ROW()-30 -> 50 | B80: Than cám sàng từ than cục của lô than VIDONA 01 | C80: THANCAM.VDN01 | D80: Than cám sàng từ than cục của lô than VIDONA 01 | E80: =IF(C80="","",VLOOKUP(D80,'Danh mục CODE'!$A$2:$I$1966,2,0)) -> NCC00607 | F80: =IF(D80="","",VLOOKUP(B80,'Danh mục CODE'!$A$2:$F$790,6,0)) -> kg | J80: 0 | K80: 0 | L80: =SUMIF('NHAP - NVL'!$G$5:$G$3001,C80,'NHAP - NVL'!$J$5:$J$2001) -> 0 | M80: =SUMIF('NHAP - NVL'!$G$5:$G$3001,C80,'NHAP - NVL'!$K$5:$K$2001) -> 0 | N80: =SUMIF('XUAT - NVL'!$H$5:$H$5199,D80,'XUAT - NVL'!$K$5:$K$5199) -> 0 | O80: =SUMIF('XUAT - NVL'!$H$5:$H$5199,D80,'XUAT - NVL'!$L$5:$L$5199) -> 0 | P80: 0 | Q80: =+K80+M80-O80 -> 0 | R80: 0 | S80: =IF(R80="","",Q80/R80) -> #DIV/0! | U80: =U79 -> 17 | V80: =IF(SUM(J80:P80)<>0,"in","") | W80: =IF(E80="","",VLOOKUP(E80,'Danh mục CODE'!$B$2:$C$2063,2,0)) -> CÔNG TY CP GẠCH MEN PHƯƠNG NAM
A81: =ROW()-30 -> 51 | B81: Than cám sàng từ than cục của lô than Đức Anh 01 | C81: THANCAM.DA01 | D81: Than cám sàng từ than cục của lô than Đức Anh 01 | E81: =IF(C81="","",VLOOKUP(D81,'Danh mục CODE'!$A$2:$I$1966,2,0)) -> NCC00607 | F81: =IF(D81="","",VLOOKUP(B81,'Danh mục CODE'!$A$2:$F$790,6,0)) -> kg | J81: 0 | K81: 0 | L81: =SUMIF('NHAP - NVL'!$G$5:$G$3001,C81,'NHAP - NVL'!$J$5:$J$2001) -> 0 | M81: =SUMIF('NHAP - NVL'!$G$5:$G$3001,C81,'NHAP - NVL'!$K$5:$K$2001) -> 0 | N81: =SUMIF('XUAT - NVL'!$H$5:$H$5199,D81,'XUAT - NVL'!$K$5:$K$5199) -> 0 | O81: =SUMIF('XUAT - NVL'!$H$5:$H$5199,D81,'XUAT - NVL'!$L$5:$L$5199) -> 0 | P81: 0 | Q81: =+K81+M81-O81 -> 0 | R81: 0 | S81: =IF(R81="","",Q81/R81) -> #DIV/0! | U81: =U80 -> 17 | V81: =IF(SUM(J81:P81)<>0,"in","") | W81: =IF(E81="","",VLOOKUP(E81,'Danh mục CODE'!$B$2:$C$2063,2,0)) -> CÔNG TY CP GẠCH MEN PHƯƠNG NAM
A82: =ROW()-30 -> 52 | B82: Than cám sàng từ than cục của lô than Đức Anh 02 | C82: THANCAM.DA02 | D82: Than cám sàng từ than cục của lô than Đức Anh 02 | E82: =IF(C82="","",VLOOKUP(D82,'Danh mục CODE'!$A$2:$I$1966,2,0)) -> NCC00607 | F82: =IF(D82="","",VLOOKUP(B82,'Danh mục CODE'!$A$2:$F$790,6,0)) -> kg | J82: 0 | K82: 0 | L82: =SUMIF('NHAP - NVL'!$G$5:$G$3001,C82,'NHAP - NVL'!$J$5:$J$2001) -> 0 | M82: =SUMIF('NHAP - NVL'!$G$5:$G$3001,C82,'NHAP - NVL'!$K$5:$K$2001) -> 0 | N82: =SUMIF('XUAT - NVL'!$H$5:$H$5199,D82,'XUAT - NVL'!$K$5:$K$5199) -> 0 | O82: =SUMIF('XUAT - NVL'!$H$5:$H$5199,D82,'XUAT - NVL'!$L$5:$L$5199) -> 0 | P82: 0 | Q82: =+K82+M82-O82 -> 0 | R82: 0 | S82: =IF(R82="","",Q82/R82) -> #DIV/0! | U82: =U81 -> 17 | V82: =IF(SUM(J82:P82)<>0,"in","") | W82: =IF(E82="","",VLOOKUP(E82,'Danh mục CODE'!$B$2:$C$2063,2,0)) -> CÔNG TY CP GẠCH MEN PHƯƠNG NAM
A83: =ROW()-30 -> 53 | B83: Than cám sàng từ than cục của lô than Đức Anh 03 | C83: THANCAM.DA03 | D83: Than cám sàng từ than cục của lô than Đức Anh 03 | E83: =IF(C83="","",VLOOKUP(D83,'Danh mục CODE'!$A$2:$I$1966,2,0)) -> NCC00607 | F83: =IF(D83="","",VLOOKUP(B83,'Danh mục CODE'!$A$2:$F$790,6,0)) -> kg | J83: 0 | K83: 0 | L83: =SUMIF('NHAP - NVL'!$G$5:$G$3001,C83,'NHAP - NVL'!$J$5:$J$2001) -> 0 | M83: =SUMIF('NHAP - NVL'!$G$5:$G$3001,C83,'NHAP - NVL'!$K$5:$K$2001) -> 0 | N83: =SUMIF('XUAT - NVL'!$H$5:$H$5199,D83,'XUAT - NVL'!$K$5:$K$5199) -> 0 | O83: =SUMIF('XUAT - NVL'!$H$5:$H$5199,D83,'XUAT - NVL'!$L$5:$L$5199) -> 0 | P83: 0 | Q83: =+K83+M83-O83 -> 0 | R83: 0 | S83: =IF(R83="","",Q83/R83) -> #DIV/0! | U83: =U82 -> 17 | V83: =IF(SUM(J83:P83)<>0,"in","") | W83: =IF(E83="","",VLOOKUP(E83,'Danh mục CODE'!$B$2:$C$2063,2,0)) -> CÔNG TY CP GẠCH MEN PHƯƠNG NAM
A84: =ROW()-30 -> 54 | B84: Than cám sàng từ than cục | C84: NVLKX02.006 | D84: Than cám sàng từ than cục | E84: =IF(C84="","",VLOOKUP(D84,'Danh mục CODE'!$A$2:$I$1966,2,0)) -> NCC00607 | F84: =IF(D84="","",VLOOKUP(B84,'Danh mục CODE'!$A$2:$F$790,6,0)) -> kg | J84: 0 | K84: 0 | L84: =SUMIF('NHAP - NVL'!$G$5:$G$3001,C84,'NHAP - NVL'!$J$5:$J$2001) -> 0 | M84: =SUMIF('NHAP - NVL'!$G$5:$G$3001,C84,'NHAP - NVL'!$K$5:$K$2001) -> 0 | N84: =SUMIF('XUAT - NVL'!$H$5:$H$5199,D84,'XUAT - NVL'!$K$5:$K$5199) -> 0 | O84: =SUMIF('XUAT - NVL'!$H$5:$H$5199,D84,'XUAT - NVL'!$L$5:$L$5199) -> 0 | P84: 0 | Q84: =+K84+M84-O84 -> 0 | R84: 0 | S84: =IF(R84="","",Q84/R84) -> #DIV/0! | U84: =U83 -> 17 | V84: =IF(SUM(J84:P84)<>0,"in","") | W84: =IF(E84="","",VLOOKUP(E84,'Danh mục CODE'!$B$2:$C$2063,2,0)) -> CÔNG TY CP GẠCH MEN PHƯƠNG NAM
A85: =ROW()-30 -> 55 | B85: Xỉ than | C85: NVLKX02.007 | D85: Xỉ than | E85: =IF(C85="","",VLOOKUP(D85,'Danh mục CODE'!$A$2:$I$1966,2,0)) -> NCC00607 | F85: =IF(D85="","",VLOOKUP(B85,'Danh mục CODE'!$A$2:$F$790,6,0)) -> kg | J85: 0 | K85: 0 | L85: =SUMIF('NHAP - NVL'!$G$5:$G$3001,C85,'NHAP - NVL'!$J$5:$J$2001) -> 0 | M85: =SUMIF('NHAP - NVL'!$G$5:$G$3001,C85,'NHAP - NVL'!$K$5:$K$2001) -> 0 | N85: =SUMIF('XUAT - NVL'!$H$5:$H$5199,D85,'XUAT - NVL'!$K$5:$K$5199) -> 0 | O85: =SUMIF('XUAT - NVL'!$H$5:$H$5199,D85,'XUAT - NVL'!$L$5:$L$5199) -> 197790 | P85: =+J85+L85-N85 -> 0 | Q85: 0 | R85: 0 | S85: =IF(R85="","",Q85/R85) -> #DIV/0! | U85: =U84 -> 17

Sheet NHAP - NVL
E1: NHẬP NGUYÊN LIỆU
F3: =NOW() -> 46252.412 | J3: =SUBTOTAL(9,J5:J4001) -> 10735907 | K3: =SUBTOTAL(9,K5:K4001) -> 12226370 | T3: =SUBTOTAL(9,T5:T2001) -> 404175.01 | U3: =SUBTOTAL(9,U5:U2001) -> 0
A4: STT | B4: Số PN | C4: Kho | D4: NGÀY | E4: MKH | F4: TÊN KHÁCH HÀNG | G4: Mã hàng | H4: Tên hàng | I4: ĐVT | J4: Nhập kho quy khô | K4: Nhập kho quy ướt | L4: Trọng lượng hàng qua cân | M4: Độ ẩm HĐ | N4: Độ ẩm kiểm tra | O4: Độ ẩm vượt TC | P4: Tỷ lệ cám HĐ | Q4: Tỷ lệ cám kiểm tra | R4: Tỷ lệ cám vượt tiêu chuẩn | S4: Than cục | T4: Trọng lượng cám tiêu chuẩn | U4: Trọng lượng cám vượt tiêu chuẩn | W4: Tháng | X4: Trọng lượng cân vào | Y4: Trọng lượng cân ra | Z4: Mã Phiếu | AA4: Số xe | AC4: Tên nguyên vật liệu | AD4: Mã KH | AE4: Tên khách hàng | AF4: MÃ HÓA | AG4: Mã hàng | AH4: ĐVT tính
A5: 1 | B5: KX/08/01 | C5: Kho xương | D5: 01/08/2026 | E5: =IF(G5="","",VLOOKUP(G5,'Danh mục CODE'!$D$2:$J$20064,7,0)) -> NCC01126 | F5: =IF(E5="","",VLOOKUP(E5,'TONG HOP'!$E$8:$W$1883,19,0)) -> CÔNG TY TNHH MTV DUY THANH LƯƠNG | G5: NVLKX01.052 | H5: =IF(E5="","",VLOOKUP(G5,'TONG HOP'!$C$8:$E$799,2,0)) -> Bột đá Phước Hoà 03 (PH03) DTL | I5: =IF(B5="","",VLOOKUP(G5,'TONG HOP'!$C$8:$F$799,4,0)) -> kg | J5: =IF(X5="","",K5-K5*M5) -> 29402.5 | K5: =IF(AND(X5="",N5="",Q5="",R5=""),"",L5-L5*O5-(L5-L5*O5)*R5) -> 30950 | L5: =X5-Y5 -> 30950 | M5: =IF(Y5="","",VLOOKUP(G5,'Danh mục CODE'!$D$2:$I$1880,4,0)) -> 0.05 | N5: 0.044 | O5: =IF(X5="","",IF(M5-N5<0,-(M5-N5),0)) -> 0 | P5: =IF(Y5="","",VLOOKUP(G5,'Danh mục CODE'!$D$2:$I$1880,5,0)) -> 0 | R5: =IF(X5="","",IF(P5-Q5<0,-(P5-Q5),0)) -> 0 | S5: =IF(T5=0,"",J5-T5-U5) | T5: =IF(X5="","",IF(Q5<P5,K5*Q5,K5*P5)) -> 0 | U5: =IF(X5="","",K5*R5) -> 0 | V5: =IF(X5="","",J5-S5-T5-U5) -> #VALUE! | X5: 47390 | Y5: 16440 | Z5: 1162 | AA5: 60C-21187 | AC5: Đất sét Vĩnh Cửu (PND-VC01) | AD5: NCC00841 | AE5: CÔNG TY CP GẠCH MEN SA HA DO | AG5: NVLKX01.001 | AH5: kg
A6: =A5+1 -> 2 | B6: KX/08/01 | C6: Kho xương | D6: 01/08/2026 | E6: =IF(G6="","",VLOOKUP(G6,'Danh mục CODE'!$D$2:$J$20064,7,0)) -> NCC01126 | F6: =IF(E6="","",VLOOKUP(E6,'TONG HOP'!$E$8:$W$1883,19,0)) -> CÔNG TY TNHH MTV DUY THANH LƯƠNG | G6: NVLKX01.052 | H6: =IF(E6="","",VLOOKUP(G6,'TONG HOP'!$C$8:$E$799,2,0)) -> Bột đá Phước Hoà 03 (PH03) DTL | I6: =IF(B6="","",VLOOKUP(G6,'TONG HOP'!$C$8:$F$799,4,0)) -> kg | J6: =IF(X6="","",K6-K6*M6) -> 32585 | K6: =IF(AND(X6="",N6="",Q6="",R6=""),"",L6-L6*O6-(L6-L6*O6)*R6) -> 34300 | L6: =X6-Y6 -> 34300 | M6: =IF(Y6="","",VLOOKUP(G6,'Danh mục CODE'!$D$2:$I$1880,4,0)) -> 0.05 | N6: 0.044 | O6: =IF(X6="","",IF(M6-N6<0,-(M6-N6),0)) -> 0 | P6: =IF(Y6="","",VLOOKUP(G6,'Danh mục CODE'!$D$2:$I$1880,5,0)) -> 0 | R6: =IF(X6="","",IF(P6-Q6<0,-(P6-Q6),0)) -> 0 | S6: =IF(T6=0,"",J6-T6-U6) | T6: =IF(X6="","",IF(Q6<P6,K6*Q6,K6*P6)) -> 0 | U6: =IF(X6="","",K6*R6) -> 0 | V6: =IF(X6="","",J6-S6-T6-U6) -> #VALUE! | X6: 51020 | Y6: 16720 | Z6: 1182 | AA6: 60C-22878 | AC6: PND-VC01NB07 | AD6: NCC00842 | AE6: CÔNG TY CP GẠCH MEN SA HA DO | AG6: NVLKX01.001 | AH6: kg
A7: =A6+1 -> 3 | B7: KX/08/01 | C7: Kho xương | D7: 01/08/2026 | E7: =IF(G7="","",VLOOKUP(G7,'Danh mục CODE'!$D$2:$J$20064,7,0)) -> NCC01126 | F7: =IF(E7="","",VLOOKUP(E7,'TONG HOP'!$E$8:$W$1883,19,0)) -> CÔNG TY TNHH MTV DUY THANH LƯƠNG | G7: NVLKX01.052 | H7: =IF(E7="","",VLOOKUP(G7,'TONG HOP'!$C$8:$E$799,2,0)) -> Bột đá Phước Hoà 03 (PH03) DTL | I7: =IF(B7="","",VLOOKUP(G7,'TONG HOP'!$C$8:$F$799,4,0)) -> kg | J7: =IF(X7="","",K7-K7*M7) -> 30960.5 | K7: =IF(AND(X7="",N7="",Q7="",R7=""),"",L7-L7*O7-(L7-L7*O7)*R7) -> 32590 | L7: =X7-Y7 -> 32590 | M7: =IF(Y7="","",VLOOKUP(G7,'Danh mục CODE'!$D$2:$I$1880,4,0)) -> 0.05 | N7: 0.044 | O7: =IF(X7="","",IF(M7-N7<0,-(M7-N7),0)) -> 0 | P7: =IF(Y7="","",VLOOKUP(G7,'Danh mục CODE'!$D$2:$I$1880,5,0)) -> 0 | R7: =IF(X7="","",IF(P7-Q7<0,-(P7-Q7),0)) -> 0 | S7: =IF(T7=0,"",J7-T7-U7) | T7: =IF(X7="","",IF(Q7<P7,K7*Q7,K7*P7)) -> 0 | U7: =IF(X7="","",K7*R7) -> 0 | V7: =IF(X7="","",J7-S7-T7-U7) -> #VALUE! | X7: 49680 | Y7: 17090 | Z7: 1183 | AA7: 60K-73617 | AC7: PND-VC02 NB | AD7: NCC00843 | AE7: CÔNG TY CP GẠCH MEN SA HA DO | AG7: NVLKX01.001 | AH7: kg
A8: =A7+1 -> 4 | B8: KX/08/01 | C8: Kho xương | D8: 01/08/2026 | E8: =IF(G8="","",VLOOKUP(G8,'Danh mục CODE'!$D$2:$J$20064,7,0)) -> NCC01126 | F8: =IF(E8="","",VLOOKUP(E8,'TONG HOP'!$E$8:$W$1883,19,0)) -> CÔNG TY TNHH MTV DUY THANH LƯƠNG | G8: NVLKX01.052 | H8: =IF(E8="","",VLOOKUP(G8,'TONG HOP'!$C$8:$E$799,2,0)) -> Bột đá Phước Hoà 03 (PH03) DTL | I8: =IF(B8="","",VLOOKUP(G8,'TONG HOP'!$C$8:$F$799,4,0)) -> kg | J8: =IF(X8="","",K8-K8*M8) -> 32936.5 | K8: =IF(AND(X8="",N8="",Q8="",R8=""),"",L8-L8*O8-(L8-L8*O8)*R8) -> 34670 | L8: =X8-Y8 -> 34670 | M8: =IF(Y8="","",VLOOKUP(G8,'Danh mục CODE'!$D$2:$I$1880,4,0)) -> 0.05 | N8: 0.044 | O8: =IF(X8="","",IF(M8-N8<0,-(M8-N8),0)) -> 0 | P8: =IF(Y8="","",VLOOKUP(G8,'Danh mục CODE'!$D$2:$I$1880,5,0)) -> 0 | R8: =IF(X8="","",IF(P8-Q8<0,-(P8-Q8),0)) -> 0 | S8: =IF(T8=0,"",J8-T8-U8) | T8: =IF(X8="","",IF(Q8<P8,K8*Q8,K8*P8)) -> 0 | U8: =IF(X8="","",K8*R8) -> 0 | V8: =IF(X8="","",J8-S8-T8-U8) -> #VALUE! | X8: 53070 | Y8: 18400 | Z8: 1191 | AA8: 60K-96870 | AC8: Đất sét Vĩnh Cửu (PND-VC02) | AD8: NCC00844 | AE8: CÔNG TY CP GẠCH MEN SA HA DO | AG8: NVLKX01.001 | AH8: kg
A9: =A8+1 -> 5 | B9: KX/08/01 | C9: Kho xương | D9: 01/08/2026 | E9: =IF(G9="","",VLOOKUP(G9,'Danh mục CODE'!$D$2:$J$20064,7,0)) -> NCC01126 | F9: =IF(E9="","",VLOOKUP(E9,'TONG HOP'!$E$8:$W$1883,19,0)) -> CÔNG TY TNHH MTV DUY THANH LƯƠNG | G9: NVLKX01.052 | H9: =IF(E9="","",VLOOKUP(G9,'TONG HOP'!$C$8:$E$799,2,0)) -> Bột đá Phước Hoà 03 (PH03) DTL | I9: =IF(B9="","",VLOOKUP(G9,'TONG HOP'!$C$8:$F$799,4,0)) -> kg | J9: =IF(X9="","",K9-K9*M9) -> 29298 | K9: =IF(AND(X9="",N9="",Q9="",R9=""),"",L9-L9*O9-(L9-L9*O9)*R9) -> 30840 | L9: =X9-Y9 -> 30840 | M9: =IF(Y9="","",VLOOKUP(G9,'Danh mục CODE'!$D$2:$I$1880,4,0)) -> 0.05 | N9: 0.044 | O9: =IF(X9="","",IF(M9-N9<0,-(M9-N9),0)) -> 0 | P9: =IF(Y9="","",VLOOKUP(G9,'Danh mục CODE'!$D$2:$I$1880,5,0)) -> 0 | R9: =IF(X9="","",IF(P9-Q9<0,-(P9-Q9),0)) -> 0 | S9: =IF(T9=0,"",J9-T9-U9) | T9: =IF(X9="","",IF(Q9<P9,K9*Q9,K9*P9)) -> 0 | U9: =IF(X9="","",K9*R9) -> 0 | V9: =IF(X9="","",J9-S9-T9-U9) -> #VALUE! | X9: 49460 | Y9: 18620 | Z9: 1196 | AA9: 60K-70605 | AC9: Đất sét Vĩnh Cửu (PND-VC04) | AD9: NCC00845 | AE9: CÔNG TY CP GẠCH MEN SA HA DO | AG9: NVLKX01.001 | AH9: kg
A10: =A9+1 -> 6 | B10: KX/08/01 | C10: Kho xương | D10: 01/08/2026 | E10: =IF(G10="","",VLOOKUP(G10,'Danh mục CODE'!$D$2:$J$20064,7,0)) -> NCC01126 | F10: =IF(E10="","",VLOOKUP(E10,'TONG HOP'!$E$8:$W$1883,19,0)) -> CÔNG TY TNHH MTV DUY THANH LƯƠNG | G10: NVLKX01.052 | H10: =IF(E10="","",VLOOKUP(G10,'TONG HOP'!$C$8:$E$799,2,0)) -> Bột đá Phước Hoà 03 (PH03) DTL | I10: =IF(B10="","",VLOOKUP(G10,'TONG HOP'!$C$8:$F$799,4,0)) -> kg | J10: =IF(X10="","",K10-K10*M10) -> 29991.5 | K10: =IF(AND(X10="",N10="",Q10="",R10=""),"",L10-L10*O10-(L10-L10*O10)*R10) -> 31570 | L10: =X10-Y10 -> 31570 | M10: =IF(Y10="","",VLOOKUP(G10,'Danh mục CODE'!$D$2:$I$1880,4,0)) -> 0.05 | N10: 0.044 | O10: =IF(X10="","",IF(M10-N10<0,-(M10-N10),0)) -> 0 | P10: =IF(Y10="","",VLOOKUP(G10,'Danh mục CODE'!$D$2:$I$1880,5,0)) -> 0 | R10: =IF(X10="","",IF(P10-Q10<0,-(P10-Q10),0)) -> 0 | S10: =IF(T10=0,"",J10-T10-U10) | T10: =IF(X10="","",IF(Q10<P10,K10*Q10,K10*P10)) -> 0 | U10: =IF(X10="","",K10*R10) -> 0 | V10: =IF(X10="","",J10-S10-T10-U10) -> #VALUE! | X10: 49530 | Y10: 17960 | Z10: 1198 | AA10: 60H-33761 | AC10: Đất sét Vĩnh Cửu 06 | AD10: NCC00846 | AE10: CÔNG TY CP GẠCH MEN SA HA DO | AG10: NVLKX01.001 | AH10: kg
A11: =A10+1 -> 7 | B11: KX/08/02 | C11: Kho xương | D11: 01/08/2026 | E11: =IF(G11="","",VLOOKUP(G11,'Danh mục CODE'!$D$2:$J$20064,7,0)) -> NCC01126 | F11: =IF(E11="","",VLOOKUP(E11,'TONG HOP'!$E$8:$W$1883,19,0)) -> CÔNG TY TNHH MTV DUY THANH LƯƠNG | G11: NVLKX01.033 | H11: =IF(E11="","",VLOOKUP(G11,'TONG HOP'!$C$8:$E$799,2,0)) -> Đất sét Hoa đào (DTL) BD01 | I11: =IF(B11="","",VLOOKUP(G11,'TONG HOP'!$C$8:$F$799,4,0)) -> kg | J11: =IF(X11="","",K11-K11*M11) -> 26580 | K11: =IF(AND(X11="",N11="",Q11="",R11=""),"",L11-L11*O11-(L11-L11*O11)*R11) -> 35440 | L11: =X11-Y11 -> 35440 | M11: =IF(Y11="","",VLOOKUP(G11,'Danh mục CODE'!$D$2:$I$1880,4,0)) -> 0.25 | N11: 0.19 | O11: =IF(X11="","",IF(M11-N11<0,-(M11-N11),0)) -> 0 | P11: =IF(Y11="","",VLOOKUP(G11,'Danh mục CODE'!$D$2:$I$1880,5,0)) -> 0 | R11: =IF(X11="","",IF(P11-Q11<0,-(P11-Q11),0)) -> 0 | S11: =IF(T11=0,"",J11-T11-U11) | T11: =IF(X11="","",IF(Q11<P11,K11*Q11,K11*P11)) -> 0 | U11: =IF(X11="","",K11*R11) -> 0 | V11: =IF(X11="","",J11-S11-T11-U11) -> #VALUE! | X11: 51800 | Y11: 16360 | Z11: 1193 | AA11: 60C-21187 | AC11: Đất sét Vĩnh Cửu 07 | AD11: NCC00847 | AE11: CÔNG TY CP GẠCH MEN SA HA DO | AG11: NVLKX01.001 | AH11: kg
A12: =A11+1 -> 8 | B12: KX/08/02 | C12: Kho xương | D12: 01/08/2026 | E12: =IF(G12="","",VLOOKUP(G12,'Danh mục CODE'!$D$2:$J$20064,7,0)) -> NCC01126 | F12: =IF(E12="","",VLOOKUP(E12,'TONG HOP'!$E$8:$W$1883,19,0)) -> CÔNG TY TNHH MTV DUY THANH LƯƠNG | G12: NVLKX01.033 | H12: =IF(E12="","",VLOOKUP(G12,'TONG HOP'!$C$8:$E$799,2,0)) -> Đất sét Hoa đào (DTL) BD01 | I12: =IF(B12="","",VLOOKUP(G12,'TONG HOP'!$C$8:$F$799,4,0)) -> kg | J12: =IF(X12="","",K12-K12*M12) -> 27360 | K12: =IF(AND(X12="",N12="",Q12="",R12=""),"",L12-L12*O12-(L12-L12*O12)*R12) -> 36480 | L12: =X12-Y12 -> 36480 | M12: =IF(Y12="","",VLOOKUP(G12,'Danh mục CODE'!$D$2:$I$1880,4,0)) -> 0.25 | N12: 0.19 | O12: =IF(X12="","",IF(M12-N12<0,-(M12-N12),0)) -> 0 | P12: =IF(Y12="","",VLOOKUP(G12,'Danh mục CODE'!$D$2:$I$1880,5,0)) -> 0 | R12: =IF(X12="","",IF(P12-Q12<0,-(P12-Q12),0)) -> 0 | S12: =IF(T12=0,"",J12-T12-U12) | T12: =IF(X12="","",IF(Q12<P12,K12*Q12,K12*P12)) -> 0 | U12: =IF(X12="","",K12*R12) -> 0 | V12: =IF(X12="","",J12-S12-T12-U12) -> #VALUE! | X12: 54390 | Y12: 17910 | Z12: 1200 | AA12: 60C-68268 | AC12: Đất sét Vĩnh Cửu 05 | AD12: NCC00848 | AE12: CÔNG TY CP GẠCH MEN SA HA DO | AG12: NVLKX01.001 | AH12: kg
A13: =A12+1 -> 9 | B13: KX/08/02 | C13: Kho xương | D13: 01/08/2026 | E13: =IF(G13="","",VLOOKUP(G13,'Danh mục CODE'!$D$2:$J$20064,7,0)) -> NCC01126 | F13: =IF(E13="","",VLOOKUP(E13,'TONG HOP'!$E$8:$W$1883,19,0)) -> CÔNG TY TNHH MTV DUY THANH LƯƠNG | G13: NVLKX01.033 | H13: =IF(E13="","",VLOOKUP(G13,'TONG HOP'!$C$8:$E$799,2,0)) -> Đất sét Hoa đào (DTL) BD01 | I13: =IF(B13="","",VLOOKUP(G13,'TONG HOP'!$C$8:$F$799,4,0)) -> kg | J13: =IF(X13="","",K13-K13*M13) -> 25612.5 | K13: =IF(AND(X13="",N13="",Q13="",R13=""),"",L13-L13*O13-(L13-L13*O13)*R13) -> 34150 | L13: =X13-Y13 -> 34150 | M13: =IF(Y13="","",VLOOKUP(G13,'Danh mục CODE'!$D$2:$I$1880,4,0)) -> 0.25 | N13: 0.19 | O13: =IF(X13="","",IF(M13-N13<0,-(M13-N13),0)) -> 0 | P13: =IF(Y13="","",VLOOKUP(G13,'Danh mục CODE'!$D$2:$I$1880,5,0)) -> 0 | R13: =IF(X13="","",IF(P13-Q13<0,-(P13-Q13),0)) -> 0 | S13: =IF(T13=0,"",J13-T13-U13) | T13: =IF(X13="","",IF(Q13<P13,K13*Q13,K13*P13)) -> 0 | U13: =IF(X13="","",K13*R13) -> 0 | V13: =IF(X13="","",J13-S13-T13-U13) -> #VALUE! | X13: 53890 | Y13: 19740 | Z13: 1201 | AA13: 60H-05962 | AC13: Đất sét Vĩnh Cửu NỘI BỘ 1 | AD13: NCC00849 | AE13: CÔNG TY CP GẠCH MEN SA HA DO | AG13: NVLKX01.001 | AH13: kg
A14: =A13+1 -> 10 | B14: KX/08/03 | C14: Kho xương | D14: 01/08/2026 | E14: =IF(G14="","",VLOOKUP(G14,'Danh mục CODE'!$D$2:$J$20064,7,0)) -> NCC01126 | F14: =IF(E14="","",VLOOKUP(E14,'TONG HOP'!$E$8:$W$1883,19,0)) -> CÔNG TY TNHH MTV DUY THANH LƯƠNG | G14: NVLKX01.052 | H14: =IF(E14="","",VLOOKUP(G14,'TONG HOP'!$C$8:$E$799,2,0)) -> Bột đá Phước Hoà 03 (PH03) DTL | I14: =IF(B14="","",VLOOKUP(G14,'TONG HOP'!$C$8:$F$799,4,0)) -> kg | J14: =IF(X14="","",K14-K14*M14) -> 31559 | K14: =IF(AND(X14="",N14="",Q14="",R14=""),"",L14-L14*O14-(L14-L14*O14)*R14) -> 33220 | L14: =X14-Y14 -> 33220 | M14: =IF(Y14="","",VLOOKUP(G14,'Danh mục CODE'!$D$2:$I$1880,4,0)) -> 0.05 | N14: 0.043 | O14: =IF(X14="","",IF(M14-N14<0,-(M14-N14),0)) -> 0 | P14: =IF(Y14="","",VLOOKUP(G14,'Danh mục CODE'!$D$2:$I$1880,5,0)) -> 0 | R14: =IF(X14="","",IF(P14-Q14<0,-(P14-Q14),0)) -> 0 | S14: =IF(T14=0,"",J14-T14-U14) | T14: =IF(X14="","",IF(Q14<P14,K14*Q14,K14*P14)) -> 0 | U14: =IF(X14="","",K14*R14) -> 0 | V14: =IF(X14="","",J14-S14-T14-U14) -> #VALUE! | X14: 51760 | Y14: 18540 | Z14: 1212 | AA14: 60K-70605 | AC14: Đất sét làm gạch (PND-LD01) | AG14: NVLKX01.022 | AH14: kg
A15: =A14+1 -> 11 | B15: KX/08/03 | C15: Kho xương | D15: 01/08/2026 | E15: =IF(G15="","",VLOOKUP(G15,'Danh mục CODE'!$D$2:$J$20064,7,0)) -> NCC01126 | F15: =IF(E15="","",VLOOKUP(E15,'TONG HOP'!$E$8:$W$1883,19,0)) -> CÔNG TY TNHH MTV DUY THANH LƯƠNG | G15: NVLKX01.052 | H15: =IF(E15="","",VLOOKUP(G15,'TONG HOP'!$C$8:$E$799,2,0)) -> Bột đá Phước Hoà 03 (PH03) DTL | I15: =IF(B15="","",VLOOKUP(G15,'TONG HOP'!$C$8:$F$799,4,0)) -> kg | J15: =IF(X15="","",K15-K15*M15) -> 33250 | K15: =IF(AND(X15="",N15="",Q15="",R15=""),"",L15-L15*O15-(L15-L15*O15)*R15) -> 35000 | L15: =X15-Y15 -> 35000 | M15: =IF(Y15="","",VLOOKUP(G15,'Danh mục CODE'!$D$2:$I$1880,4,0)) -> 0.05 | N15: 0.043 | O15: =IF(X15="","",IF(M15-N15<0,-(M15-N15),0)) -> 0 | P15: =IF(Y15="","",VLOOKUP(G15,'Danh mục CODE'!$D$2:$I$1880,5,0)) -> 0 | R15: =IF(X15="","",IF(P15-Q15<0,-(P15-Q15),0)) -> 0 | S15: =IF(T15=0,"",J15-T15-U15) | T15: =IF(X15="","",IF(Q15<P15,K15*Q15,K15*P15)) -> 0 | U15: =IF(X15="","",K15*R15) -> 0 | V15: =IF(X15="","",J15-S15-T15-U15) -> #VALUE! | X15: 53650 | Y15: 18650 | Z15: 1215 | AA15: 60K-96870 | AC15: Đất sét làm gạch (PND-LD04) | AG15: NVLKX01.022 | AH15: kg
A16: =A15+1 -> 12 | B16: KX/08/03 | C16: Kho xương | D16: 01/08/2026 | E16: =IF(G16="","",VLOOKUP(G16,'Danh mục CODE'!$D$2:$J$20064,7,0)) -> NCC01126 | F16: =IF(E16="","",VLOOKUP(E16,'TONG HOP'!$E$8:$W$1883,19,0)) -> CÔNG TY TNHH MTV DUY THANH LƯƠNG | G16: NVLKX01.052 | H16: =IF(E16="","",VLOOKUP(G16,'TONG HOP'!$C$8:$E$799,2,0)) -> Bột đá Phước Hoà 03 (PH03) DTL | I16: =IF(B16="","",VLOOKUP(G16,'TONG HOP'!$C$8:$F$799,4,0)) -> kg | J16: =IF(X16="","",K16-K16*M16) -> 33069.5 | K16: =IF(AND(X16="",N16="",Q16="",R16=""),"",L16-L16*O16-(L16-L16*O16)*R16) -> 34810 | L16: =X16-Y16 -> 34810 | M16: =IF(Y16="","",VLOOKUP(G16,'Danh mục CODE'!$D$2:$I$1880,4,0)) -> 0.05 | N16: 0.043 | O16: =IF(X16="","",IF(M16-N16<0,-(M16-N16),0)) -> 0 | P16: =IF(Y16="","",VLOOKUP(G16,'Danh mục CODE'!$D$2:$I$1880,5,0)) -> 0 | R16: =IF(X16="","",IF(P16-Q16<0,-(P16-Q16),0)) -> 0 | S16: =IF(T16=0,"",J16-T16-U16) | T16: =IF(X16="","",IF(Q16<P16,K16*Q16,K16*P16)) -> 0 | U16: =IF(X16="","",K16*R16) -> 0 | V16: =IF(X16="","",J16-S16-T16-U16) -> #VALUE! | X16: 52690 | Y16: 17880 | Z16: 1217 | AA16: 60C-68268 | AC16: Đất sét làm gạch (PND-LD05) | AG16: NVLKX01.022 | AH16: kg
A17: =A16+1 -> 13 | B17: KX/08/03 | C17: Kho xương | D17: 01/08/2026 | E17: =IF(G17="","",VLOOKUP(G17,'Danh mục CODE'!$D$2:$J$20064,7,0)) -> NCC01126 | F17: =IF(E17="","",VLOOKUP(E17,'TONG HOP'!$E$8:$W$1883,19,0)) -> CÔNG TY TNHH MTV DUY THANH LƯƠNG | G17: NVLKX01.052 | H17: =IF(E17="","",VLOOKUP(G17,'TONG HOP'!$C$8:$E$799,2,0)) -> Bột đá Phước Hoà 03 (PH03) DTL | I17: =IF(B17="","",VLOOKUP(G17,'TONG HOP'!$C$8:$F$799,4,0)) -> kg | J17: =IF(X17="","",K17-K17*M17) -> 32034 | K17: =IF(AND(X17="",N17="",Q17="",R17=""),"",L17-L17*O17-(L17-L17*O17)*R17) -> 33720 | L17: =X17-Y17 -> 33720 | M17: =IF(Y17="","",VLOOKUP(G17,'Danh mục CODE'!$D$2:$I$1880,4,0)) -> 0.05 | N17: 0.043 | O17: =IF(X17="","",IF(M17-N17<0,-(M17-N17),0)) -> 0 | P17: =IF(Y17="","",VLOOKUP(G17,'Danh mục CODE'!$D$2:$I$1880,5,0)) -> 0 | R17: =IF(X17="","",IF(P17-Q17<0,-(P17-Q17),0)) -> 0 | S17: =IF(T17=0,"",J17-T17-U17) | T17: =IF(X17="","",IF(Q17<P17,K17*Q17,K17*P17)) -> 0 | U17: =IF(X17="","",K17*R17) -> 0 | V17: =IF(X17="","",J17-S17-T17-U17) -> #VALUE! | X17: 52140 | Y17: 18420 | Z17: 1220 | AA17: 60H-05534 | AC17: ĐẤT SÉT HỒNG LQ (PND-BL01) | AD17: NCC01210 | AE17: CÔNG TY TNHH LONG QUANG LH | AG17: NVLKX01.032 | AH17: kg
A18: =A17+1 -> 14 | B18: KX/08/04 | C18: Kho xương | D18: 01/08/2026 | E18: =IF(G18="","",VLOOKUP(G18,'Danh mục CODE'!$D$2:$J$20064,7,0)) -> NCC01126 | F18: =IF(E18="","",VLOOKUP(E18,'TONG HOP'!$E$8:$W$1883,19,0)) -> CÔNG TY TNHH MTV DUY THANH LƯƠNG | G18: NVLKX01.052 | H18: =IF(E18="","",VLOOKUP(G18,'TONG HOP'!$C$8:$E$799,2,0)) -> Bột đá Phước Hoà 03 (PH03) DTL | I18: =IF(B18="","",VLOOKUP(G18,'TONG HOP'!$C$8:$F$799,4,0)) -> kg | J18: =IF(X18="","",K18-K18*M18) -> 28490.5 | K18: =IF(AND(X18="",N18="",Q18="",R18=""),"",L18-L18*O18-(L18-L18*O18)*R18) -> 29990 | L18: =X18-Y18 -> 29990 | M18: =IF(Y18="","",VLOOKUP(G18,'Danh mục CODE'!$D$2:$I$1880,4,0)) -> 0.05 | N18: 0.042 | O18: =IF(X18="","",IF(M18-N18<0,-(M18-N18),0)) -> 0 | P18: =IF(Y18="","",VLOOKUP(G18,'Danh mục CODE'!$D$2:$I$1880,5,0)) -> 0 | R18: =IF(X18="","",IF(P18-Q18<0,-(P18-Q18),0)) -> 0 | S18: =IF(T18=0,"",J18-T18-U18) | T18: =IF(X18="","",IF(Q18<P18,K18*Q18,K18*P18)) -> 0 | U18: =IF(X18="","",K18*R18) -> 0 | V18: =IF(X18="","",J18-S18-T18-U18) -> #VALUE! | X18: 49700 | Y18: 19710 | Z18: 1272 | AA18: 60H-05962 | AC18: ĐẤT SÉT HOA ĐÀO (PND-BD01) | AD18: NCC01126 | AE18: DOANH NGHIỆP TƯ NHÂN DUY THANH LƯƠNG | AG18: NVLKX01.043 | AH18: kg
A19: =A18+1 -> 15 | B19: KX/08/04 | C19: Kho xương | D19: 01/08/2026 | E19: =IF(G19="","",VLOOKUP(G19,'Danh mục CODE'!$D$2:$J$20064,7,0)) -> NCC01126 | F19: =IF(E19="","",VLOOKUP(E19,'TONG HOP'!$E$8:$W$1883,19,0)) -> CÔNG TY TNHH MTV DUY THANH LƯƠNG | G19: NVLKX01.052 | H19: =IF(E19="","",VLOOKUP(G19,'TONG HOP'!$C$8:$E$799,2,0)) -> Bột đá Phước Hoà 03 (PH03) DTL | I19: =IF(B19="","",VLOOKUP(G19,'TONG HOP'!$C$8:$F$799,4,0)) -> kg | J19: =IF(X19="","",K19-K19*M19) -> 30941.5 | K19: =IF(AND(X19="",N19="",Q19="",R19=""),"",L19-L19*O19-(L19-L19*O19)*R19) -> 32570 | L19: =X19-Y19 -> 32570 | M19: =IF(Y19="","",VLOOKUP(G19,'Danh mục CODE'!$D$2:$I$1880,4,0)) -> 0.05 | N19: 0.042 | O19: =IF(X19="","",IF(M19-N19<0,-(M19-N19),0)) -> 0 | P19: =IF(Y19="","",VLOOKUP(G19,'Danh mục CODE'!$D$2:$I$1880,5,0)) -> 0 | R19: =IF(X19="","",IF(P19-Q19<0,-(P19-Q19),0)) -> 0 | S19: =IF(T19=0,"",J19-T19-U19) | T19: =IF(X19="","",IF(Q19<P19,K19*Q19,K19*P19)) -> 0 | U19: =IF(X19="","",K19*R19) -> 0 | V19: =IF(X19="","",J19-S19-T19-U19) -> #VALUE! | X19: 48910 | Y19: 16340 | Z19: 1273 | AA19: 60C-21187 | AC19: Đất sét hoa đào(BD02) LHP | AD19: NCC01126 | AE19: DOANH NGHIỆP TƯ NHÂN DUY THANH LƯƠNG | AG19: NVLKX01.043 | AH19: kg
A20: =A19+1 -> 16 | B20: KX/08/04 | C20: Kho xương | D20: 01/08/2026 | E20: =IF(G20="","",VLOOKUP(G20,'Danh mục CODE'!$D$2:$J$20064,7,0)) -> NCC01126 | F20: =IF(E20="","",VLOOKUP(E20,'TONG HOP'!$E$8:$W$1883,19,0)) -> CÔNG TY TNHH MTV DUY THANH LƯƠNG | G20: NVLKX01.052 | H20: =IF(E20="","",VLOOKUP(G20,'TONG HOP'!$C$8:$E$799,2,0)) -> Bột đá Phước Hoà 03 (PH03) DTL | I20: =IF(B20="","",VLOOKUP(G20,'TONG HOP'!$C$8:$F$799,4,0)) -> kg | J20: =IF(X20="","",K20-K20*M20) -> 32404.5 | K20: =IF(AND(X20="",N20="",Q20="",R20=""),"",L20-L20*O20-(L20-L20*O20)*R20) -> 34110 | L20: =X20-Y20 -> 34110 | M20: =IF(Y20="","",VLOOKUP(G20,'Danh mục CODE'!$D$2:$I$1880,4,0)) -> 0.05 | N20: 0.042 | O20: =IF(X20="","",IF(M20-N20<0,-(M20-N20),0)) -> 0 | P20: =IF(Y20="","",VLOOKUP(G20,'Danh mục CODE'!$D$2:$I$1880,5,0)) -> 0 | R20: =IF(X20="","",IF(P20-Q20<0,-(P20-Q20),0)) -> 0 | S20: =IF(T20=0,"",J20-T20-U20) | T20: =IF(X20="","",IF(Q20<P20,K20*Q20,K20*P20)) -> 0 | U20: =IF(X20="","",K20*R20) -> 0 | V20: =IF(X20="","",J20-S20-T20-U20) -> #VALUE! | X20: 52180 | Y20: 18070 | Z20: 1275 | AA20: 60H-08137 | AC20: Đất sét cộ cây xoài (PND-GX01) | AH20: kg
A21: =A20+1 -> 17 | B21: KX/08/04 | C21: Kho xương | D21: 01/08/2026 | E21: =IF(G21="","",VLOOKUP(G21,'Danh mục CODE'!$D$2:$J$20064,7,0)) -> NCC01126 | F21: =IF(E21="","",VLOOKUP(E21,'TONG HOP'!$E$8:$W$1883,19,0)) -> CÔNG TY TNHH MTV DUY THANH LƯƠNG | G21: NVLKX01.052 | H21: =IF(E21="","",VLOOKUP(G21,'TONG HOP'!$C$8:$E$799,2,0)) -> Bột đá Phước Hoà 03 (PH03) DTL | I21: =IF(B21="","",VLOOKUP(G21,'TONG HOP'!$C$8:$F$799,4,0)) -> kg | J21: =IF(X21="","",K21-K21*M21) -> 31255 | K21: =IF(AND(X21="",N21="",Q21="",R21=""),"",L21-L21*O21-(L21-L21*O21)*R21) -> 32900 | L21: =X21-Y21 -> 32900 | M21: =IF(Y21="","",VLOOKUP(G21,'Danh mục CODE'!$D$2:$I$1880,4,0)) -> 0.05 | N21: 0.042 | O21: =IF(X21="","",IF(M21-N21<0,-(M21-N21),0)) -> 0 | P21: =IF(Y21="","",VLOOKUP(G21,'Danh mục CODE'!$D$2:$I$1880,5,0)) -> 0 | R21: =IF(X21="","",IF(P21-Q21<0,-(P21-Q21),0)) -> 0 | S21: =IF(T21=0,"",J21-T21-U21) | T21: =IF(X21="","",IF(Q21<P21,K21*Q21,K21*P21)) -> 0 | U21: =IF(X21="","",K21*R21) -> 0 | V21: =IF(X21="","",J21-S21-T21-U21) -> #VALUE! | X21: 50980 | Y21: 18080 | Z21: 1276 | AA21: 60H-33761 | AC21: Tràng thạch Bà Rịa 34 (PNG-BR34) | AD21: NCC01684 | AE21: CÔNG TY TNHH DỊCH VỤ VẬN TẢI LIÊN HOÀNG PHÚC | AG21: NVLKX01.031 | AH21: kg
A22: =A21+1 -> 18 | B22: KX/08/05 | C22: Kho xương | D22: 01/08/2026 | E22: =IF(G22="","",VLOOKUP(G22,'Danh mục CODE'!$D$2:$J$20064,7,0)) -> NCC02121 | F22: =IF(E22="","",VLOOKUP(E22,'TONG HOP'!$E$8:$W$1883,19,0)) -> CÔNG TY TNHH CHẤT ĐỐT HÙNG LÊ | G22: NLD.HL01 | H22: =IF(E22="","",VLOOKUP(G22,'TONG HOP'!$C$8:$E$799,2,0)) -> Vỏ điều- Hùng Lê lô 1 | I22: =IF(B22="","",VLOOKUP(G22,'TONG HOP'!$C$8:$F$799,4,0)) -> kg | J22: =IF(X22="","",K22-K22*M22) -> 30788 | K22: =IF(AND(X22="",N22="",Q22="",R22=""),"",L22-L22*O22-(L22-L22*O22)*R22) -> 35800 | L22: =X22-Y22 -> 35800 | M22: =IF(Y22="","",VLOOKUP(G22,'Danh mục CODE'!$D$2:$I$1880,4,0)) -> 0.14 | N22: 0.139 | O22: =IF(X22="","",IF(M22-N22<0,-(M22-N22),0)) -> 0 | P22: =IF(Y22="","",VLOOKUP(G22,'Danh mục CODE'!$D$2:$I$1880,5,0)) -> 0 | R22: =IF(X22="","",IF(P22-Q22<0,-(P22-Q22),0)) -> 0 | S22: =IF(T22=0,"",J22-T22-U22) | T22: =IF(X22="","",IF(Q22<P22,K22*Q22,K22*P22)) -> 0 | U22: =IF(X22="","",K22*R22) -> 0 | V22: =IF(X22="","",J22-S22-T22-U22) -> #VALUE! | X22: 50850 | Y22: 15050 | Z22: 1 | AA22: 60H-13171 | AC22: Tràng thạch Phước hòa 02-LHP | AD22: NCC01684 | AE22: CÔNG TY TNHH DỊCH VỤ VẬN TẢI LIÊN HOÀNG PHÚC | AH22: kg
A23: =A22+1 -> 19 | B23: KX/08/06 | C23: Kho xương | D23: 01/08/2026 | E23: =IF(G23="","",VLOOKUP(G23,'Danh mục CODE'!$D$2:$J$20064,7,0)) -> NCC01741 | F23: =IF(E23="","",VLOOKUP(E23,'TONG HOP'!$E$8:$W$1883,19,0)) -> CÔNG TY TNHH THƯƠNG MẠI DỊCH VỤ NGỌC ANH ĐẠT | G23: NVLKX01.0063 | H23: =IF(E23="","",VLOOKUP(G23,'TONG HOP'!$C$8:$E$799,2,0)) -> Thủy tinh lỏng - Ngọc Anh Đạt (Natri silicate) | I23: =IF(B23="","",VLOOKUP(G23,'TONG HOP'!$C$8:$F$799,4,0)) -> kg | J23: =IF(X23="","",K23-K23*M23) -> 16080 | K23: =IF(AND(X23="",N23="",Q23="",R23=""),"",L23-L23*O23-(L23-L23*O23)*R23) -> 16080 | L23: =X23-Y23 -> 16080 | M23: =IF(Y23="","",VLOOKUP(G23,'Danh mục CODE'!$D$2:$I$1880,4,0)) -> 0 | O23: =IF(X23="","",IF(M23-N23<0,-(M23-N23),0)) -> 0 | P23: =IF(Y23="","",VLOOKUP(G23,'Danh mục CODE'!$D$2:$I$1880,5,0)) -> 0 | R23: =IF(X23="","",IF(P23-Q23<0,-(P23-Q23),0)) -> 0 | S23: =IF(T23=0,"",J23-T23-U23) | T23: =IF(X23="","",IF(Q23<P23,K23*Q23,K23*P23)) -> 0 | U23: =IF(X23="","",K23*R23) -> 0 | V23: =IF(X23="","",J23-S23-T23-U23) -> #VALUE! | X23: 26850 | Y23: 10770 | Z23: 19 | AA23: 61C-20158 | AC23: Tràng thạch Phước Hòa 2 (PNG-PH02) | AD23: NCC01684 | AE23: CÔNG TY TNHH DỊCH VỤ VẬN TẢI LIÊN HOÀNG PHÚC | AG23: NVLKX01.024 | AH23: kg
A24: =A23+1 -> 20 | B24: KX/08/07 | C24: Kho xương | D24: 01/08/2026 | E24: =IF(G24="","",VLOOKUP(G24,'Danh mục CODE'!$D$2:$J$20064,7,0)) -> NCC01126 | F24: =IF(E24="","",VLOOKUP(E24,'TONG HOP'!$E$8:$W$1883,19,0)) -> CÔNG TY TNHH MTV DUY THANH LƯƠNG | G24: NVLKX01.033 | H24: =IF(E24="","",VLOOKUP(G24,'TONG HOP'!$C$8:$E$799,2,0)) -> Đất sét Hoa đào (DTL) BD01 | I24: =IF(B24="","",VLOOKUP(G24,'TONG HOP'!$C$8:$F$799,4,0)) -> kg | J24: =IF(X24="","",K24-K24*M24) -> 27217.5 | K24: =IF(AND(X24="",N24="",Q24="",R24=""),"",L24-L24*O24-(L24-L24*O24)*R24) -> 36290 | L24: =X24-Y24 -> 36290 | M24: =IF(Y24="","",VLOOKUP(G24,'Danh mục CODE'!$D$2:$I$1880,4,0)) -> 0.25 | N24: 0.185 | O24: =IF(X24="","",IF(M24-N24<0,-(M24-N24),0)) -> 0 | P24: =IF(Y24="","",VLOOKUP(G24,'Danh mục CODE'!$D$2:$I$1880,5,0)) -> 0 | R24: =IF(X24="","",IF(P24-Q24<0,-(P24-Q24),0)) -> 0 | S24: =IF(T24=0,"",J24-T24-U24) | T24: =IF(X24="","",IF(Q24<P24,K24*Q24,K24*P24)) -> 0 | U24: =IF(X24="","",K24*R24) -> 0 | V24: =IF(X24="","",J24-S24-T24-U24) -> #VALUE! | X24: 54960 | Y24: 18670 | Z24: 11 | AA24: 60H-05534 | AC24: Tràng thạch Phước Hòa 3 (PNG-PH03) | AD24: NCC01126 | AE24: DOANH NGHIỆP TƯ NHÂN DUY THANH LƯƠNG | AG24: NVLKX01.024 | AH24: kg
A25: =A24+1 -> 21 | B25: KX/08/07 | C25: Kho xương | D25: 01/08/2026 | E25: =IF(G25="","",VLOOKUP(G25,'Danh mục CODE'!$D$2:$J$20064,7,0)) -> NCC01126 | F25: =IF(E25="","",VLOOKUP(E25,'TONG HOP'!$E$8:$W$1883,19,0)) -> CÔNG TY TNHH MTV DUY THANH LƯƠNG | G25: NVLKX01.033 | H25: =IF(E25="","",VLOOKUP(G25,'TONG HOP'!$C$8:$E$799,2,0)) -> Đất sét Hoa đào (DTL) BD01 | I25: =IF(B25="","",VLOOKUP(G25,'TONG HOP'!$C$8:$F$799,4,0)) -> kg | J25: =IF(X25="","",K25-K25*M25) -> 27862.5 | K25: =IF(AND(X25="",N25="",Q25="",R25=""),"",L25-L25*O25-(L25-L25*O25)*R25) -> 37150 | L25: =X25-Y25 -> 37150 | M25: =IF(Y25="","",VLOOKUP(G25,'Danh mục CODE'!$D$2:$I$1880,4,0)) -> 0.25 | N25: 0.185 | O25: =IF(X25="","",IF(M25-N25<0,-(M25-N25),0)) -> 0 | P25: =IF(Y25="","",VLOOKUP(G25,'Danh mục CODE'!$D$2:$I$1880,5,0)) -> 0 | R25: =IF(X25="","",IF(P25-Q25<0,-(P25-Q25),0)) -> 0 | S25: =IF(T25=0,"",J25-T25-U25) | T25: =IF(X25="","",IF(Q25<P25,K25*Q25,K25*P25)) -> 0 | U25: =IF(X25="","",K25*R25) -> 0 | V25: =IF(X25="","",J25-S25-T25-U25) -> #VALUE! | X25: 55530 | Y25: 18380 | Z25: 22 | AA25: 60K-85644 | AC25: Tràng thạch Phước hòa 15 | AD25: NCC01126 | AE25: DOANH NGHIỆP TƯ NHÂN DUY THANH LƯƠNG | AG25: NVLKX01.041 | AH25: kg
A26: =A25+1 -> 22 | B26: KX/08/07 | C26: Kho xương | D26: 01/08/2026 | E26: =IF(G26="","",VLOOKUP(G26,'Danh mục CODE'!$D$2:$J$20064,7,0)) -> NCC01126 | F26: =IF(E26="","",VLOOKUP(E26,'TONG HOP'!$E$8:$W$1883,19,0)) -> CÔNG TY TNHH MTV DUY THANH LƯƠNG | G26: NVLKX01.033 | H26: =IF(E26="","",VLOOKUP(G26,'TONG HOP'!$C$8:$E$799,2,0)) -> Đất sét Hoa đào (DTL) BD01 | I26: =IF(B26="","",VLOOKUP(G26,'TONG HOP'!$C$8:$F$799,4,0)) -> kg | J26: =IF(X26="","",K26-K26*M26) -> 27457.5 | K26: =IF(AND(X26="",N26="",Q26="",R26=""),"",L26-L26*O26-(L26-L26*O26)*R26) -> 36610 | L26: =X26-Y26 -> 36610 | M26: =IF(Y26="","",VLOOKUP(G26,'Danh mục CODE'!$D$2:$I$1880,4,0)) -> 0.25 | N26: 0.185 | O26: =IF(X26="","",IF(M26-N26<0,-(M26-N26),0)) -> 0 | P26: =IF(Y26="","",VLOOKUP(G26,'Danh mục CODE'!$D$2:$I$1880,5,0)) -> 0 | R26: =IF(X26="","",IF(P26-Q26<0,-(P26-Q26),0)) -> 0 | S26: =IF(T26=0,"",J26-T26-U26) | T26: =IF(X26="","",IF(Q26<P26,K26*Q26,K26*P26)) -> 0 | U26: =IF(X26="","",K26*R26) -> 0 | V26: =IF(X26="","",J26-S26-T26-U26) -> #VALUE! | X26: 55480 | Y26: 18870 | Z26: 24 | AA26: 60C-77706 | AC26: Tràng thạch Phước hòa 16 | AD26: NCC01126 | AE26: DOANH NGHIỆP TƯ NHÂN DUY THANH LƯƠNG | AG26: NVLKX01.042 | AH26: kg
A27: =A26+1 -> 23 | B27: KX/08/07 | C27: Kho xương | D27: 01/08/2026 | E27: =IF(G27="","",VLOOKUP(G27,'Danh mục CODE'!$D$2:$J$20064,7,0)) -> NCC01126 | F27: =IF(E27="","",VLOOKUP(E27,'TONG HOP'!$E$8:$W$1883,19,0)) -> CÔNG TY TNHH MTV DUY THANH LƯƠNG | G27: NVLKX01.033 | H27: =IF(E27="","",VLOOKUP(G27,'TONG HOP'!$C$8:$E$799,2,0)) -> Đất sét Hoa đào (DTL) BD01 | I27: =IF(B27="","",VLOOKUP(G27,'TONG HOP'!$C$8:$F$799,4,0)) -> kg | J27: =IF(X27="","",K27-K27*M27) -> 27082.5 | K27: =IF(AND(X27="",N27="",Q27="",R27=""),"",L27-L27*O27-(L27-L27*O27)*R27) -> 36110 | L27: =X27-Y27 -> 36110 | M27: =IF(Y27="","",VLOOKUP(G27,'Danh mục CODE'!$D$2:$I$1880,4,0)) -> 0.25 | N27: 0.185 | O27: =IF(X27="","",IF(M27-N27<0,-(M27-N27),0)) -> 0 | P27: =IF(Y27="","",VLOOKUP(G27,'Danh mục CODE'!$D$2:$I$1880,5,0)) -> 0 | R27: =IF(X27="","",IF(P27-Q27<0,-(P27-Q27),0)) -> 0 | S27: =IF(T27=0,"",J27-T27-U27) | T27: =IF(X27="","",IF(Q27<P27,K27*Q27,K27*P27)) -> 0 | U27: =IF(X27="","",K27*R27) -> 0 | V27: =IF(X27="","",J27-S27-T27-U27) -> #VALUE! | X27: 54090 | Y27: 17980 | Z27: 25 | AA27: 60H-05534 | AC27: Đá vôi Hà Tiên (PNG-HT01 hoặc VLXDTT loại A2) | AD27: NCC01639 | AE27: CÔNG TY TNHH NGUYÊN LIỆU THIÊN SƠN | AG27: NVLKX01.005 | AH27: kg
A28: =A27+1 -> 24 | B28: KX/08/08 | C28: Kho xương | D28: 03/08/2026 | E28: =IF(G28="","",VLOOKUP(G28,'Danh mục CODE'!$D$2:$J$20064,7,0)) -> NCC02121 | F28: =IF(E28="","",VLOOKUP(E28,'TONG HOP'!$E$8:$W$1883,19,0)) -> CÔNG TY TNHH CHẤT ĐỐT HÙNG LÊ | G28: NLD.HL01 | H28: =IF(E28="","",VLOOKUP(G28,'TONG HOP'!$C$8:$E$799,2,0)) -> Vỏ điều- Hùng Lê lô 1 | I28: =IF(B28="","",VLOOKUP(G28,'TONG HOP'!$C$8:$F$799,4,0)) -> kg | J28: =IF(X28="","",K28-K28*M28) -> 29498 | K28: =IF(AND(X28="",N28="",Q28="",R28=""),"",L28-L28*O28-(L28-L28*O28)*R28) -> 34300 | L28: =X28-Y28 -> 34300 | M28: =IF(Y28="","",VLOOKUP(G28,'Danh mục CODE'!$D$2:$I$1880,4,0)) -> 0.14 | N28: 0.132 | O28: =IF(X28="","",IF(M28-N28<0,-(M28-N28),0)) -> 0 | P28: =IF(Y28="","",VLOOKUP(G28,'Danh mục CODE'!$D$2:$I$1880,5,0)) -> 0 | R28: =IF(X28="","",IF(P28-Q28<0,-(P28-Q28),0)) -> 0 | S28: =IF(T28=0,"",J28-T28-U28) | T28: =IF(X28="","",IF(Q28<P28,K28*Q28,K28*P28)) -> 0 | U28: =IF(X28="","",K28*R28) -> 0 | V28: =IF(X28="","",J28-S28-T28-U28) -> #VALUE! | X28: 49330 | Y28: 15030 | Z28: 26 | AA28: 60H-13171 | AC28: Đá vôi Hà Nam | AD28: NCC00756 | AE28: CÔNG TY TNHH SX THƯƠNG MẠI VÀ DỊCH VỤ PHAN QUÂN | AG28: NVLKX01.044 | AH28: kg
A29: =A28+1 -> 25 | B29: KX/08/09 | C29: Kho xương | D29: 03/08/2026 | E29: =IF(G29="","",VLOOKUP(G29,'Danh mục CODE'!$D$2:$J$20064,7,0)) -> NCC00756 | F29: =IF(E29="","",VLOOKUP(E29,'TONG HOP'!$E$8:$W$1883,19,0)) -> CÔNG TY TNHH SX THƯƠNG MẠI VÀ DỊCH VỤ PHAN QUÂN | G29: NVLKX01.005 | H29: =IF(E29="","",VLOOKUP(G29,'TONG HOP'!$C$8:$E$799,2,0)) -> Đá vôi (PND-HT01) | I29: =IF(B29="","",VLOOKUP(G29,'TONG HOP'!$C$8:$F$799,4,0)) -> kg | J29: =IF(X29="","",K29-K29*M29) -> 47503.325 | K29: =IF(AND(X29="",N29="",Q29="",R29=""),"",L29-L29*O29-(L29-L29*O29)*R29) -> 50003.5 | L29: =X29-Y29 -> 51550 | M29: =IF(Y29="","",VLOOKUP(G29,'Danh mục CODE'!$D$2:$I$1880,4,0)) -> 0.05 | N29: 0.08 | O29: =IF(X29="","",IF(M29-N29<0,-(M29-N29),0)) -> 0.03 | P29: =IF(Y29="","",VLOOKUP(G29,'Danh mục CODE'!$D$2:$I$1880,5,0)) -> 0 | R29: =IF(X29="","",IF(P29-Q29<0,-(P29-Q29),0)) -> 0 | S29: =IF(T29=0,"",J29-T29-U29) | T29: =IF(X29="","",IF(Q29<P29,K29*Q29,K29*P29)) -> 0 | U29: =IF(X29="","",K29*R29) -> 0 | V29: =IF(X29="","",J29-S29-T29-U29) -> #VALUE! | X29: 70650 | Y29: 19100 | Z29: 41 | AA29: 60H-41566 | AC29: Đá vôi Quảng Bình (PNG_QB01) | AH29: kg
A30: =A29+1 -> 26 | B30: KX/08/09 | C30: Kho xương | D30: 03/08/2026 | E30: =IF(G30="","",VLOOKUP(G30,'Danh mục CODE'!$D$2:$J$20064,7,0)) -> NCC00756 | F30: =IF(E30="","",VLOOKUP(E30,'TONG HOP'!$E$8:$W$1883,19,0)) -> CÔNG TY TNHH SX THƯƠNG MẠI VÀ DỊCH VỤ PHAN QUÂN | G30: NVLKX01.005 | H30: =IF(E30="","",VLOOKUP(G30,'TONG HOP'!$C$8:$E$799,2,0)) -> Đá vôi (PND-HT01) | I30: =IF(B30="","",VLOOKUP(G30,'TONG HOP'!$C$8:$F$799,4,0)) -> kg | J30: =IF(X30="","",K30-K30*M30) -> 48406.395 | K30: =IF(AND(X30="",N30="",Q30="",R30=""),"",L30-L30*O30-(L30-L30*O30)*R30) -> 50954.1 | L30: =X30-Y30 -> 52530 | M30: =IF(Y30="","",VLOOKUP(G30,'Danh mục CODE'!$D$2:$I$1880,4,0)) -> 0.05 | N30: 0.08 | O30: =IF(X30="","",IF(M30-N30<0,-(M30-N30),0)) -> 0.03 | P30: =IF(Y30="","",VLOOKUP(G30,'Danh mục CODE'!$D$2:$I$1880,5,0)) -> 0 | R30: =IF(X30="","",IF(P30-Q30<0,-(P30-Q30),0)) -> 0 | S30: =IF(T30=0,"",J30-T30-U30) | T30: =IF(X30="","",IF(Q30<P30,K30*Q30,K30*P30)) -> 0 | U30: =IF(X30="","",K30*R30) -> 0 | V30: =IF(X30="","",J30-S30-T30-U30) -> #VALUE! | X30: 71500 | Y30: 18970 | Z30: 47 | AA30: 60H-21356 | AC30: Thủy tinh lòng - HÓA CHẤT CƠ BẢN | AG30: NVLKX01.006 | AH30: kg
A31: =A30+1 -> 27 | B31: KX/08/09 | C31: Kho xương | D31: 03/08/2026 | E31: =IF(G31="","",VLOOKUP(G31,'Danh mục CODE'!$D$2:$J$20064,7,0)) -> NCC00756 | F31: =IF(E31="","",VLOOKUP(E31,'TONG HOP'!$E$8:$W$1883,19,0)) -> CÔNG TY TNHH SX THƯƠNG MẠI VÀ DỊCH VỤ PHAN QUÂN | G31: NVLKX01.005 | H31: =IF(E31="","",VLOOKUP(G31,'TONG HOP'!$C$8:$E$799,2,0)) -> Đá vôi (PND-HT01) | I31: =IF(B31="","",VLOOKUP(G31,'TONG HOP'!$C$8:$F$799,4,0)) -> kg | J31: =IF(X31="","",K31-K31*M31) -> 45079.78 | K31: =IF(AND(X31="",N31="",Q31="",R31=""),"",L31-L31*O31-(L31-L31*O31)*R31) -> 47452.4 | L31: =X31-Y31 -> 48920 | M31: =IF(Y31="","",VLOOKUP(G31,'Danh mục CODE'!$D$2:$I$1880,4,0)) -> 0.05 | N31: 0.08 | O31: =IF(X31="","",IF(M31-N31<0,-(M31-N31),0)) -> 0.03 | P31: =IF(Y31="","",VLOOKUP(G31,'Danh mục CODE'!$D$2:$I$1880,5,0)) -> 0 | R31: =IF(X31="","",IF(P31-Q31<0,-(P31-Q31),0)) -> 0 | S31: =IF(T31=0,"",J31-T31-U31) | T31: =IF(X31="","",IF(Q31<P31,K31*Q31,K31*P31)) -> 0 | U31: =IF(X31="","",K31*R31) -> 0 | V31: =IF(X31="","",J31-S31-T31-U31) -> #VALUE! | X31: 67570 | Y31: 18650 | Z31: 48 | AA31: 60H-29547 | AC31: Thủy tinh lòng - NAM TRƯỜNG THỊNH | AG31: NVLKX01.006 | AH31: kg
A32: =A31+1 -> 28 | B32: KX/08/09 | C32: Kho xương | D32: 03/08/2026 | E32: =IF(G32="","",VLOOKUP(G32,'Danh mục CODE'!$D$2:$J$20064,7,0)) -> NCC00756 | F32: =IF(E32="","",VLOOKUP(E32,'TONG HOP'!$E$8:$W$1883,19,0)) -> CÔNG TY TNHH SX THƯƠNG MẠI VÀ DỊCH VỤ PHAN QUÂN | G32: NVLKX01.005 | H32: =IF(E32="","",VLOOKUP(G32,'TONG HOP'!$C$8:$E$799,2,0)) -> Đá vôi (PND-HT01) | I32: =IF(B32="","",VLOOKUP(G32,'TONG HOP'!$C$8:$F$799,4,0)) -> kg | J32: =IF(X32="","",K32-K32*M32) -> 38730.645 | K32: =IF(AND(X32="",N32="",Q32="",R32=""),"",L32-L32*O32-(L32-L32*O32)*R32) -> 40769.1 | L32: =X32-Y32 -> 42030 | M32: =IF(Y32="","",VLOOKUP(G32,'Danh mục CODE'!$D$2:$I$1880,4,0)) -> 0.05 | N32: 0.08 | O32: =IF(X32="","",IF(M32-N32<0,-(M32-N32),0)) -> 0.03 | P32: =IF(Y32="","",VLOOKUP(G32,'Danh mục CODE'!$D$2:$I$1880,5,0)) -> 0 | R32: =IF(X32="","",IF(P32-Q32<0,-(P32-Q32),0)) -> 0 | S32: =IF(T32=0,"",J32-T32-U32) | T32: =IF(X32="","",IF(Q32<P32,K32*Q32,K32*P32)) -> 0 | U32: =IF(X32="","",K32*R32) -> 0 | V32: =IF(X32="","",J32-S32-T32-U32) -> #VALUE! | X32: 59590 | Y32: 17560 | Z32: 49 | AA32: 60H-12607 | AC32: Thủy tinh lòng - NGỌC ANH ĐẠT | AG32: NVLKX01.006 | AH32: kg
A33: =A32+1 -> 29 | B33: KX/08/09 | C33: Kho xương | D33: 03/08/2026 | E33: =IF(G33="","",VLOOKUP(G33,'Danh mục CODE'!$D$2:$J$20064,7,0)) -> NCC00756 | F33: =IF(E33="","",VLOOKUP(E33,'TONG HOP'!$E$8:$W$1883,19,0)) -> CÔNG TY TNHH SX THƯƠNG MẠI VÀ DỊCH VỤ PHAN QUÂN | G33: NVLKX01.005 | H33: =IF(E33="","",VLOOKUP(G33,'TONG HOP'!$C$8:$E$799,2,0)) -> Đá vôi (PND-HT01) | I33: =IF(B33="","",VLOOKUP(G33,'TONG HOP'!$C$8:$F$799,4,0)) -> kg | J33: =IF(X33="","",K33-K33*M33) -> 32151.135 | K33: =IF(AND(X33="",N33="",Q33="",R33=""),"",L33-L33*O33-(L33-L33*O33)*R33) -> 33843.3 | L33: =X33-Y33 -> 34890 | M33: =IF(Y33="","",VLOOKUP(G33,'Danh mục CODE'!$D$2:$I$1880,4,0)) -> 0.05 | N33: 0.08 | O33: =IF(X33="","",IF(M33-N33<0,-(M33-N33),0)) -> 0.03 | P33: =IF(Y33="","",VLOOKUP(G33,'Danh mục CODE'!$D$2:$I$1880,5,0)) -> 0 | R33: =IF(X33="","",IF(P33-Q33<0,-(P33-Q33),0)) -> 0 | S33: =IF(T33=0,"",J33-T33-U33) | T33: =IF(X33="","",IF(Q33<P33,K33*Q33,K33*P33)) -> 0 | U33: =IF(X33="","",K33*R33) -> 0 | V33: =IF(X33="","",J33-S33-T33-U33) -> #VALUE! | X33: 52150 | Y33: 17260 | Z33: 50 | AA33: 60E-02310 | AC33: CAO LANH KHÔ | AH33: kg
A34: =A33+1 -> 30 | B34: KX/08/09 | C34: Kho xương | D34: 03/08/2026 | E34: =IF(G34="","",VLOOKUP(G34,'Danh mục CODE'!$D$2:$J$20064,7,0)) -> NCC00756 | F34: =IF(E34="","",VLOOKUP(E34,'TONG HOP'!$E$8:$W$1883,19,0)) -> CÔNG TY TNHH SX THƯƠNG MẠI VÀ DỊCH VỤ PHAN QUÂN | G34: NVLKX01.005 | H34: =IF(E34="","",VLOOKUP(G34,'TONG HOP'!$C$8:$E$799,2,0)) -> Đá vôi (PND-HT01) | I34: =IF(B34="","",VLOOKUP(G34,'TONG HOP'!$C$8:$F$799,4,0)) -> kg | J34: =IF(X34="","",K34-K34*M34) -> 46019.71 | K34: =IF(AND(X34="",N34="",Q34="",R34=""),"",L34-L34*O34-(L34-L34*O34)*R34) -> 48441.8 | L34: =X34-Y34 -> 49940 | M34: =IF(Y34="","",VLOOKUP(G34,'Danh mục CODE'!$D$2:$I$1880,4,0)) -> 0.05 | N34: 0.08 | O34: =IF(X34="","",IF(M34-N34<0,-(M34-N34),0)) -> 0.03 | P34: =IF(Y34="","",VLOOKUP(G34,'Danh mục CODE'!$D$2:$I$1880,5,0)) -> 0 | R34: =IF(X34="","",IF(P34-Q34<0,-(P34-Q34),0)) -> 0 | S34: =IF(T34=0,"",J34-T34-U34) | T34: =IF(X34="","",IF(Q34<P34,K34*Q34,K34*P34)) -> 0 | U34: =IF(X34="","",K34*R34) -> 0 | V34: =IF(X34="","",J34-S34-T34-U34) -> #VALUE! | X34: 69060 | Y34: 19120 | Z34: 51 | AA34: 60H-41566 | AC34: ĐẤT LÀM GẠCH (Cao Lanh LT) | AH34: kg
A35: =A34+1 -> 31 | B35: KX/08/09 | C35: Kho xương | D35: 03/08/2026 | E35: =IF(G35="","",VLOOKUP(G35,'Danh mục CODE'!$D$2:$J$20064,7,0)) -> NCC00756 | F35: =IF(E35="","",VLOOKUP(E35,'TONG HOP'!$E$8:$W$1883,19,0)) -> CÔNG TY TNHH SX THƯƠNG MẠI VÀ DỊCH VỤ PHAN QUÂN | G35: NVLKX01.005 | H35: =IF(E35="","",VLOOKUP(G35,'TONG HOP'!$C$8:$E$799,2,0)) -> Đá vôi (PND-HT01) | I35: =IF(B35="","",VLOOKUP(G35,'TONG HOP'!$C$8:$F$799,4,0)) -> kg | J35: =IF(X35="","",K35-K35*M35) -> 41550.435 | K35: =IF(AND(X35="",N35="",Q35="",R35=""),"",L35-L35*O35-(L35-L35*O35)*R35) -> 43737.3 | L35: =X35-Y35 -> 45090 | M35: =IF(Y35="","",VLOOKUP(G35,'Danh mục CODE'!$D$2:$I$1880,4,0)) -> 0.05 | N35: 0.08 | O35: =IF(X35="","",IF(M35-N35<0,-(M35-N35),0)) -> 0.03 | P35: =IF(Y35="","",VLOOKUP(G35,'Danh mục CODE'!$D$2:$I$1880,5,0)) -> 0 | R35: =IF(X35="","",IF(P35-Q35<0,-(P35-Q35),0)) -> 0 | S35: =IF(T35=0,"",J35-T35-U35) | T35: =IF(X35="","",IF(Q35<P35,K35*Q35,K35*P35)) -> 0 | U35: =IF(X35="","",K35*R35) -> 0 | V35: =IF(X35="","",J35-S35-T35-U35) -> #VALUE! | X35: 62360 | Y35: 17270 | Z35: 52 | AA35: 60H-12834 | AC35: DK3 | AH35: kg
A36: =A35+1 -> 32 | B36: KX/08/09 | C36: Kho xương | D36: 03/08/2026 | E36: =IF(G36="","",VLOOKUP(G36,'Danh mục CODE'!$D$2:$J$20064,7,0)) -> NCC00756 | F36: =IF(E36="","",VLOOKUP(E36,'TONG HOP'!$E$8:$W$1883,19,0)) -> CÔNG TY TNHH SX THƯƠNG MẠI VÀ DỊCH VỤ PHAN QUÂN | G36: NVLKX01.005 | H36: =IF(E36="","",VLOOKUP(G36,'TONG HOP'!$C$8:$E$799,2,0)) -> Đá vôi (PND-HT01) | I36: =IF(B36="","",VLOOKUP(G36,'TONG HOP'!$C$8:$F$799,4,0)) -> kg | J36: =IF(X36="","",K36-K36*M36) -> 44185.925 | K36: =IF(AND(X36="",N36="",Q36="",R36=""),"",L36-L36*O36-(L36-L36*O36)*R36) -> 46511.5 | L36: =X36-Y36 -> 47950 | M36: =IF(Y36="","",VLOOKUP(G36,'Danh mục CODE'!$D$2:$I$1880,4,0)) -> 0.05 | N36: 0.08 | O36: =IF(X36="","",IF(M36-N36<0,-(M36-N36),0)) -> 0.03 | P36: =IF(Y36="","",VLOOKUP(G36,'Danh mục CODE'!$D$2:$I$1880,5,0)) -> 0 | R36: =IF(X36="","",IF(P36-Q36<0,-(P36-Q36),0)) -> 0 | S36: =IF(T36=0,"",J36-T36-U36) | T36: =IF(X36="","",IF(Q36<P36,K36*Q36,K36*P36)) -> 0 | U36: =IF(X36="","",K36*R36) -> 0 | V36: =IF(X36="","",J36-S36-T36-U36) -> #VALUE! | X36: 66920 | Y36: 18970 | Z36: 53 | AA36: 60H-21356 | AC36: CAO LANH XÁM | AH36: kg
A37: =A36+1 -> 33 | B37: KX/08/09 | C37: Kho xương | D37: 03/08/2026 | E37: =IF(G37="","",VLOOKUP(G37,'Danh mục CODE'!$D$2:$J$20064,7,0)) -> NCC00756 | F37: =IF(E37="","",VLOOKUP(E37,'TONG HOP'!$E$8:$W$1883,19,0)) -> CÔNG TY TNHH SX THƯƠNG MẠI VÀ DỊCH VỤ PHAN QUÂN | G37: NVLKX01.005 | H37: =IF(E37="","",VLOOKUP(G37,'TONG HOP'!$C$8:$E$799,2,0)) -> Đá vôi (PND-HT01) | I37: =IF(B37="","",VLOOKUP(G37,'TONG HOP'!$C$8:$F$799,4,0)) -> kg | J37: =IF(X37="","",K37-K37*M37) -> 45282.51 | K37: =IF(AND(X37="",N37="",Q37="",R37=""),"",L37-L37*O37-(L37-L37*O37)*R37) -> 47665.8 | L37: =X37-Y37 -> 49140 | M37: =IF(Y37="","",VLOOKUP(G37,'Danh mục CODE'!$D$2:$I$1880,4,0)) -> 0.05 | N37: 0.08 | O37: =IF(X37="","",IF(M37-N37<0,-(M37-N37),0)) -> 0.03 | P37: =IF(Y37="","",VLOOKUP(G37,'Danh mục CODE'!$D$2:$I$1880,5,0)) -> 0 | R37: =IF(X37="","",IF(P37-Q37<0,-(P37-Q37),0)) -> 0 | S37: =IF(T37=0,"",J37-T37-U37) | T37: =IF(X37="","",IF(Q37<P37,K37*Q37,K37*P37)) -> 0 | U37: =IF(X37="","",K37*R37) -> 0 | V37: =IF(X37="","",J37-S37-T37-U37) -> #VALUE! | X37: 67860 | Y37: 18720 | Z37: 58 | AA37: 60H-29547 | AC37: Nhiên liệu
A38: =A37+1 -> 34 | B38: KX/08/09 | C38: Kho xương | D38: 03/08/2026 | E38: =IF(G38="","",VLOOKUP(G38,'Danh mục CODE'!$D$2:$J$20064,7,0)) -> NCC00756 | F38: =IF(E38="","",VLOOKUP(E38,'TONG HOP'!$E$8:$W$1883,19,0)) -> CÔNG TY TNHH SX THƯƠNG MẠI VÀ DỊCH VỤ PHAN QUÂN | G38: NVLKX01.005 | H38: =IF(E38="","",VLOOKUP(G38,'TONG HOP'!$C$8:$E$799,2,0)) -> Đá vôi (PND-HT01) | I38: =IF(B38="","",VLOOKUP(G38,'TONG HOP'!$C$8:$F$799,4,0)) -> kg | J38: =IF(X38="","",K38-K38*M38) -> 38196.175 | K38: =IF(AND(X38="",N38="",Q38="",R38=""),"",L38-L38*O38-(L38-L38*O38)*R38) -> 40206.5 | L38: =X38-Y38 -> 41450 | M38: =IF(Y38="","",VLOOKUP(G38,'Danh mục CODE'!$D$2:$I$1880,4,0)) -> 0.05 | N38: 0.08 | O38: =IF(X38="","",IF(M38-N38<0,-(M38-N38),0)) -> 0.03 | P38: =IF(Y38="","",VLOOKUP(G38,'Danh mục CODE'!$D$2:$I$1880,5,0)) -> 0 | R38: =IF(X38="","",IF(P38-Q38<0,-(P38-Q38),0)) -> 0 | S38: =IF(T38=0,"",J38-T38-U38) | T38: =IF(X38="","",IF(Q38<P38,K38*Q38,K38*P38)) -> 0 | U38: =IF(X38="","",K38*R38) -> 0 | V38: =IF(X38="","",J38-S38-T38-U38) -> #VALUE! | X38: 59000 | Y38: 17550 | Z38: 60 | AA38: 60H-12607 | AC38: Than cục 4 - Thịnh Huyền | AD38: KH00166 | AE38: CÔNG TY TNHH THAN THỊNH HUYỀN | AG38: NVLKX02.011 | AH38: kg
A39: =A38+1 -> 35 | B39: KX/08/09 | C39: Kho xương | D39: 03/08/2026 | E39: =IF(G39="","",VLOOKUP(G39,'Danh mục CODE'!$D$2:$J$20064,7,0)) -> NCC00756 | F39: =IF(E39="","",VLOOKUP(E39,'TONG HOP'!$E$8:$W$1883,19,0)) -> CÔNG TY TNHH SX THƯƠNG MẠI VÀ DỊCH VỤ PHAN QUÂN | G39: NVLKX01.005 | H39: =IF(E39="","",VLOOKUP(G39,'TONG HOP'!$C$8:$E$799,2,0)) -> Đá vôi (PND-HT01) | I39: =IF(B39="","",VLOOKUP(G39,'TONG HOP'!$C$8:$F$799,4,0)) -> kg | J39: =IF(X39="","",K39-K39*M39) -> 35459.32 | K39: =IF(AND(X39="",N39="",Q39="",R39=""),"",L39-L39*O39-(L39-L39*O39)*R39) -> 37325.6 | L39: =X39-Y39 -> 38480 | M39: =IF(Y39="","",VLOOKUP(G39,'Danh mục CODE'!$D$2:$I$1880,4,0)) -> 0.05 | N39: 0.08 | O39: =IF(X39="","",IF(M39-N39<0,-(M39-N39),0)) -> 0.03 | P39: =IF(Y39="","",VLOOKUP(G39,'Danh mục CODE'!$D$2:$I$1880,5,0)) -> 0 | R39: =IF(X39="","",IF(P39-Q39<0,-(P39-Q39),0)) -> 0 | S39: =IF(T39=0,"",J39-T39-U39) | T39: =IF(X39="","",IF(Q39<P39,K39*Q39,K39*P39)) -> 0 | U39: =IF(X39="","",K39*R39) -> 0 | V39: =IF(X39="","",J39-S39-T39-U39) -> #VALUE! | X39: 55790 | Y39: 17310 | Z39: 64 | AA39: 60E-02310 | AC39: Than cục 4 - Đông Bắc | AD39: NCC00721 | AE39: CN CÔNG TY CP ĐT KHOÁNG SẢN - THAN ĐÔNG BẮC - XÍ NGHIỆP CHẾ BIẾN KD THAN MIỀN TRUNG | AG39: NVLKX02.011 | AH39: kg
A40: =A39+1 -> 36 | B40: KX/08/09 | C40: Kho xương | D40: 03/08/2026 | E40: =IF(G40="","",VLOOKUP(G40,'Danh mục CODE'!$D$2:$J$20064,7,0)) -> NCC00756 | F40: =IF(E40="","",VLOOKUP(E40,'TONG HOP'!$E$8:$W$1883,19,0)) -> CÔNG TY TNHH SX THƯƠNG MẠI VÀ DỊCH VỤ PHAN QUÂN | G40: NVLKX01.005 | H40: =IF(E40="","",VLOOKUP(G40,'TONG HOP'!$C$8:$E$799,2,0)) -> Đá vôi (PND-HT01) | I40: =IF(B40="","",VLOOKUP(G40,'TONG HOP'!$C$8:$F$799,4,0)) -> kg | J40: =IF(X40="","",K40-K40*M40) -> 43310.5 | K40: =IF(AND(X40="",N40="",Q40="",R40=""),"",L40-L40*O40-(L40-L40*O40)*R40) -> 45590 | L40: =X40-Y40 -> 47000 | M40: =IF(Y40="","",VLOOKUP(G40,'Danh mục CODE'!$D$2:$I$1880,4,0)) -> 0.05 | N40: 0.08 | O40: =IF(X40="","",IF(M40-N40<0,-(M40-N40),0)) -> 0.03 | P40: =IF(Y40="","",VLOOKUP(G40,'Danh mục CODE'!$D$2:$I$1880,5,0)) -> 0 | R40: =IF(X40="","",IF(P40-Q40<0,-(P40-Q40),0)) -> 0 | S40: =IF(T40=0,"",J40-T40-U40) | T40: =IF(X40="","",IF(Q40<P40,K40*Q40,K40*P40)) -> 0 | U40: =IF(X40="","",K40*R40) -> 0 | V40: =IF(X40="","",J40-S40-T40-U40) -> #VALUE! | X40: 66200 | Y40: 19200 | Z40: 65 | AA40: 60H-41566 | AC40: Than cục 4 - Huyền Trang | AD40: NCC00824 | AE40: CÔNG TY CỔ PHẦN KHOÁNG SẢN HUYỀN TRANG | AG40: NVLKX02.011 | AH40: kg
A41: =A40+1 -> 37 | B41: KX/08/09 | C41: Kho xương | D41: 03/08/2026 | E41: =IF(G41="","",VLOOKUP(G41,'Danh mục CODE'!$D$2:$J$20064,7,0)) -> NCC00756 | F41: =IF(E41="","",VLOOKUP(E41,'TONG HOP'!$E$8:$W$1883,19,0)) -> CÔNG TY TNHH SX THƯƠNG MẠI VÀ DỊCH VỤ PHAN QUÂN | G41: NVLKX01.005 | H41: =IF(E41="","",VLOOKUP(G41,'TONG HOP'!$C$8:$E$799,2,0)) -> Đá vôi (PND-HT01) | I41: =IF(B41="","",VLOOKUP(G41,'TONG HOP'!$C$8:$F$799,4,0)) -> kg | J41: =IF(X41="","",K41-K41*M41) -> 44572.955 | K41: =IF(AND(X41="",N41="",Q41="",R41=""),"",L41-L41*O41-(L41-L41*O41)*R41) -> 46918.9 | L41: =X41-Y41 -> 48370 | M41: =IF(Y41="","",VLOOKUP(G41,'Danh mục CODE'!$D$2:$I$1880,4,0)) -> 0.05 | N41: 0.08 | O41: =IF(X41="","",IF(M41-N41<0,-(M41-N41),0)) -> 0.03 | P41: =IF(Y41="","",VLOOKUP(G41,'Danh mục CODE'!$D$2:$I$1880,5,0)) -> 0 | R41: =IF(X41="","",IF(P41-Q41<0,-(P41-Q41),0)) -> 0 | S41: =IF(T41=0,"",J41-T41-U41) | T41: =IF(X41="","",IF(Q41<P41,K41*Q41,K41*P41)) -> 0 | U41: =IF(X41="","",K41*R41) -> 0 | V41: =IF(X41="","",J41-S41-T41-U41) -> #VALUE! | X41: 67390 | Y41: 19020 | Z41: 69 | AA41: 60H-21356 | AC41: Than cục 4 - Hải Minh | AD41: NCC00843 | AE41: CÔNG TY TNHH THƯƠNG MẠI KHOÁNG SẢN HẢI MINH | AG41: NVLKX02.011 | AH41: kg
A42: =A41+1 -> 38 | B42: KX/08/09 | C42: Kho xương | D42: 03/08/2026 | E42: =IF(G42="","",VLOOKUP(G42,'Danh mục CODE'!$D$2:$J$20064,7,0)) -> NCC00756 | F42: =IF(E42="","",VLOOKUP(E42,'TONG HOP'!$E$8:$W$1883,19,0)) -> CÔNG TY TNHH SX THƯƠNG MẠI VÀ DỊCH VỤ PHAN QUÂN | G42: NVLKX01.005 | H42: =IF(E42="","",VLOOKUP(G42,'TONG HOP'!$C$8:$E$799,2,0)) -> Đá vôi (PND-HT01) | I42: =IF(B42="","",VLOOKUP(G42,'TONG HOP'!$C$8:$F$799,4,0)) -> kg | J42: =IF(X42="","",K42-K42*M42) -> 45872.27 | K42: =IF(AND(X42="",N42="",Q42="",R42=""),"",L42-L42*O42-(L42-L42*O42)*R42) -> 48286.6 | L42: =X42-Y42 -> 49780 | M42: =IF(Y42="","",VLOOKUP(G42,'Danh mục CODE'!$D$2:$I$1880,4,0)) -> 0.05 | N42: 0.08 | O42: =IF(X42="","",IF(M42-N42<0,-(M42-N42),0)) -> 0.03 | P42: =IF(Y42="","",VLOOKUP(G42,'Danh mục CODE'!$D$2:$I$1880,5,0)) -> 0 | R42: =IF(X42="","",IF(P42-Q42<0,-(P42-Q42),0)) -> 0 | S42: =IF(T42=0,"",J42-T42-U42) | T42: =IF(X42="","",IF(Q42<P42,K42*Q42,K42*P42)) -> 0 | U42: =IF(X42="","",K42*R42) -> 0 | V42: =IF(X42="","",J42-S42-T42-U42) -> #VALUE! | X42: 67070 | Y42: 17290 | Z42: 70 | AA42: 60H-12834 | AC42: Than cục 4 - Đức Anh | AD42: NCC01651 | AE42: CÔNG TY TNHH SX&TM ĐỨC ANH | AG42: NVLKX02.011 | AH42: kg
A43: =A42+1 -> 39 | B43: KX/08/09 | C43: Kho xương | D43: 03/08/2026 | E43: =IF(G43="","",VLOOKUP(G43,'Danh mục CODE'!$D$2:$J$20064,7,0)) -> NCC00756 | F43: =IF(E43="","",VLOOKUP(E43,'TONG HOP'!$E$8:$W$1883,19,0)) -> CÔNG TY TNHH SX THƯƠNG MẠI VÀ DỊCH VỤ PHAN QUÂN | G43: NVLKX01.005 | H43: =IF(E43="","",VLOOKUP(G43,'TONG HOP'!$C$8:$E$799,2,0)) -> Đá vôi (PND-HT01) | I43: =IF(B43="","",VLOOKUP(G43,'TONG HOP'!$C$8:$F$799,4,0)) -> kg | J43: =IF(X43="","",K43-K43*M43) -> 44416.3 | K43: =IF(AND(X43="",N43="",Q43="",R43=""),"",L43-L43*O43-(L43-L43*O43)*R43) -> 46754 | L43: =X43-Y43 -> 48200 | M43: =IF(Y43="","",VLOOKUP(G43,'Danh mục CODE'!$D$2:$I$1880,4,0)) -> 0.05 | N43: 0.08 | O43: =IF(X43="","",IF(M43-N43<0,-(M43-N43),0)) -> 0.03 | P43: =IF(Y43="","",VLOOKUP(G43,'Danh mục CODE'!$D$2:$I$1880,5,0)) -> 0 | R43: =IF(X43="","",IF(P43-Q43<0,-(P43-Q43),0)) -> 0 | S43: =IF(T43=0,"",J43-T43-U43) | T43: =IF(X43="","",IF(Q43<P43,K43*Q43,K43*P43)) -> 0 | U43: =IF(X43="","",K43*R43) -> 0 | V43: =IF(X43="","",J43-S43-T43-U43) -> #VALUE! | X43: 66950 | Y43: 18750 | Z43: 72 | AA43: 60H-29547 | AC43: Than cục 4 - Liên Hoàng Phúc | AD43: NCC01684 | AE43: CÔNG TY TNHH DỊCH VỤ VẬN TẢI LIÊN HOÀNG PHÚC | AG43: NVLKX02.011 | AH43: kg
A44: =A43+1 -> 40 | B44: KX/08/09 | C44: Kho xương | D44: 03/08/2026 | E44: =IF(G44="","",VLOOKUP(G44,'Danh mục CODE'!$D$2:$J$20064,7,0)) -> NCC00756 | F44: =IF(E44="","",VLOOKUP(E44,'TONG HOP'!$E$8:$W$1883,19,0)) -> CÔNG TY TNHH SX THƯƠNG MẠI VÀ DỊCH VỤ PHAN QUÂN | G44: NVLKX01.005 | H44: =IF(E44="","",VLOOKUP(G44,'TONG HOP'!$C$8:$E$799,2,0)) -> Đá vôi (PND-HT01) | I44: =IF(B44="","",VLOOKUP(G44,'TONG HOP'!$C$8:$F$799,4,0)) -> kg | J44: =IF(X44="","",K44-K44*M44) -> 43144.63 | K44: =IF(AND(X44="",N44="",Q44="",R44=""),"",L44-L44*O44-(L44-L44*O44)*R44) -> 45415.4 | L44: =X44-Y44 -> 46820 | M44: =IF(Y44="","",VLOOKUP(G44,'Danh mục CODE'!$D$2:$I$1880,4,0)) -> 0.05 | N44: 0.08 | O44: =IF(X44="","",IF(M44-N44<0,-(M44-N44),0)) -> 0.03 | P44: =IF(Y44="","",VLOOKUP(G44,'Danh mục CODE'!$D$2:$I$1880,5,0)) -> 0 | R44: =IF(X44="","",IF(P44-Q44<0,-(P44-Q44),0)) -> 0 | S44: =IF(T44=0,"",J44-T44-U44) | T44: =IF(X44="","",IF(Q44<P44,K44*Q44,K44*P44)) -> 0 | U44: =IF(X44="","",K44*R44) -> 0 | V44: =IF(X44="","",J44-S44-T44-U44) -> #VALUE! | X44: 64550 | Y44: 17730 | Z44: 73 | AA44: 60H-12607 | AC44: Than cục 4A - Hưng Tam Long | AD44: NCC00606 | AE44: CÔNG TY CP THƯƠNG MẠI XNK HƯNG TAM LONG | AG44: NVLKX02.008 | AH44: kg
A45: =A44+1 -> 41 | B45: KX/08/09 | C45: Kho xương | D45: 03/08/2026 | E45: =IF(G45="","",VLOOKUP(G45,'Danh mục CODE'!$D$2:$J$20064,7,0)) -> NCC00756 | F45: =IF(E45="","",VLOOKUP(E45,'TONG HOP'!$E$8:$W$1883,19,0)) -> CÔNG TY TNHH SX THƯƠNG MẠI VÀ DỊCH VỤ PHAN QUÂN | G45: NVLKX01.005 | H45: =IF(E45="","",VLOOKUP(G45,'TONG HOP'!$C$8:$E$799,2,0)) -> Đá vôi (PND-HT01) | I45: =IF(B45="","",VLOOKUP(G45,'TONG HOP'!$C$8:$F$799,4,0)) -> kg | J45: =IF(X45="","",K45-K45*M45) -> 44296.505 | K45: =IF(AND(X45="",N45="",Q45="",R45=""),"",L45-L45*O45-(L45-L45*O45)*R45) -> 46627.9 | L45: =X45-Y45 -> 48070 | M45: =IF(Y45="","",VLOOKUP(G45,'Danh mục CODE'!$D$2:$I$1880,4,0)) -> 0.05 | N45: 0.08 | O45: =IF(X45="","",IF(M45-N45<0,-(M45-N45),0)) -> 0.03 | P45: =IF(Y45="","",VLOOKUP(G45,'Danh mục CODE'!$D$2:$I$1880,5,0)) -> 0 | R45: =IF(X45="","",IF(P45-Q45<0,-(P45-Q45),0)) -> 0 | S45: =IF(T45=0,"",J45-T45-U45) | T45: =IF(X45="","",IF(Q45<P45,K45*Q45,K45*P45)) -> 0 | U45: =IF(X45="","",K45*R45) -> 0 | V45: =IF(X45="","",J45-S45-T45-U45) -> #VALUE! | X45: 65330 | Y45: 17260 | Z45: 74 | AA45: 60E-02310 | AC45: Than cám VTC - Thịnh Huyền | AD45: KH00166 | AE45: CÔNG TY TNHH THAN THỊNH HUYỀN | AG45: TCVTXTH.001 | AH45: kg
A46: =A45+1 -> 42 | B46: KX/08/09 | C46: Kho xương | D46: 03/08/2026 | E46: =IF(G46="","",VLOOKUP(G46,'Danh mục CODE'!$D$2:$J$20064,7,0)) -> NCC00756 | F46: =IF(E46="","",VLOOKUP(E46,'TONG HOP'!$E$8:$W$1883,19,0)) -> CÔNG TY TNHH SX THƯƠNG MẠI VÀ DỊCH VỤ PHAN QUÂN | G46: NVLKX01.005 | H46: =IF(E46="","",VLOOKUP(G46,'TONG HOP'!$C$8:$E$799,2,0)) -> Đá vôi (PND-HT01) | I46: =IF(B46="","",VLOOKUP(G46,'TONG HOP'!$C$8:$F$799,4,0)) -> kg | J46: =IF(X46="","",K46-K46*M46) -> 46978.07 | K46: =IF(AND(X46="",N46="",Q46="",R46=""),"",L46-L46*O46-(L46-L46*O46)*R46) -> 49450.6 | L46: =X46-Y46 -> 50980 | M46: =IF(Y46="","",VLOOKUP(G46,'Danh mục CODE'!$D$2:$I$1880,4,0)) -> 0.05 | N46: 0.08 | O46: =IF(X46="","",IF(M46-N46<0,-(M46-N46),0)) -> 0.03 | P46: =IF(Y46="","",VLOOKUP(G46,'Danh mục CODE'!$D$2:$I$1880,5,0)) -> 0 | R46: =IF(X46="","",IF(P46-Q46<0,-(P46-Q46),0)) -> 0 | S46: =IF(T46=0,"",J46-T46-U46) | T46: =IF(X46="","",IF(Q46<P46,K46*Q46,K46*P46)) -> 0 | U46: =IF(X46="","",K46*R46) -> 0 | V46: =IF(X46="","",J46-S46-T46-U46) -> #VALUE! | X46: 70120 | Y46: 19140 | Z46: 76 | AA46: 60H-41566 | AC46: Than cám VTC - Đông Bắc | AD46: NCC00721 | AE46: CN CÔNG TY CP ĐT KHOÁNG SẢN - THAN ĐÔNG BẮC - XÍ NGHIỆP CHẾ BIẾN KD THAN MIỀN TRUNG | AG46: TCVTCĐB.002 | AH46: kg
A47: =A46+1 -> 43 | B47: KX/08/09 | C47: Kho xương | D47: 03/08/2026 | E47: =IF(G47="","",VLOOKUP(G47,'Danh mục CODE'!$D$2:$J$20064,7,0)) -> NCC00756 | F47: =IF(E47="","",VLOOKUP(E47,'TONG HOP'!$E$8:$W$1883,19,0)) -> CÔNG TY TNHH SX THƯƠNG MẠI VÀ DỊCH VỤ PHAN QUÂN | G47: NVLKX01.005 | H47: =IF(E47="","",VLOOKUP(G47,'TONG HOP'!$C$8:$E$799,2,0)) -> Đá vôi (PND-HT01) | I47: =IF(B47="","",VLOOKUP(G47,'TONG HOP'!$C$8:$F$799,4,0)) -> kg | J47: =IF(X47="","",K47-K47*M47) -> 41135.76 | K47: =IF(AND(X47="",N47="",Q47="",R47=""),"",L47-L47*O47-(L47-L47*O47)*R47) -> 43300.8 | L47: =X47-Y47 -> 44640 | M47: =IF(Y47="","",VLOOKUP(G47,'Danh mục CODE'!$D$2:$I$1880,4,0)) -> 0.05 | N47: 0.08 | O47: =IF(X47="","",IF(M47-N47<0,-(M47-N47),0)) -> 0.03 | P47: =IF(Y47="","",VLOOKUP(G47,'Danh mục CODE'!$D$2:$I$1880,5,0)) -> 0 | R47: =IF(X47="","",IF(P47-Q47<0,-(P47-Q47),0)) -> 0 | S47: =IF(T47=0,"",J47-T47-U47) | T47: =IF(X47="","",IF(Q47<P47,K47*Q47,K47*P47)) -> 0 | U47: =IF(X47="","",K47*R47) -> 0 | V47: =IF(X47="","",J47-S47-T47-U47) -> #VALUE! | X47: 63530 | Y47: 18890 | Z47: 79 | AA47: 60H-21356 | AC47: Than cám VTC - Huyền Trang | AD47: NCC00824 | AE47: CÔNG TY CỔ PHẦN KHOÁNG SẢN HUYỀN TRANG | AG47: TCVTCHT.003 | AH47: kg
A48: =A47+1 -> 44 | B48: KX/08/09 | C48: Kho xương | D48: 03/08/2026 | E48: =IF(G48="","",VLOOKUP(G48,'Danh mục CODE'!$D$2:$J$20064,7,0)) -> NCC00756 | F48: =IF(E48="","",VLOOKUP(E48,'TONG HOP'!$E$8:$W$1883,19,0)) -> CÔNG TY TNHH SX THƯƠNG MẠI VÀ DỊCH VỤ PHAN QUÂN | G48: NVLKX01.005 | H48: =IF(E48="","",VLOOKUP(G48,'TONG HOP'!$C$8:$E$799,2,0)) -> Đá vôi (PND-HT01) | I48: =IF(B48="","",VLOOKUP(G48,'TONG HOP'!$C$8:$F$799,4,0)) -> kg | J48: =IF(X48="","",K48-K48*M48) -> 43494.8 | K48: =IF(AND(X48="",N48="",Q48="",R48=""),"",L48-L48*O48-(L48-L48*O48)*R48) -> 45784 | L48: =X48-Y48 -> 47200 | M48: =IF(Y48="","",VLOOKUP(G48,'Danh mục CODE'!$D$2:$I$1880,4,0)) -> 0.05 | N48: 0.08 | O48: =IF(X48="","",IF(M48-N48<0,-(M48-N48),0)) -> 0.03 | P48: =IF(Y48="","",VLOOKUP(G48,'Danh mục CODE'!$D$2:$I$1880,5,0)) -> 0 | R48: =IF(X48="","",IF(P48-Q48<0,-(P48-Q48),0)) -> 0 | S48: =IF(T48=0,"",J48-T48-U48) | T48: =IF(X48="","",IF(Q48<P48,K48*Q48,K48*P48)) -> 0 | U48: =IF(X48="","",K48*R48) -> 0 | V48: =IF(X48="","",J48-S48-T48-U48) -> #VALUE! | X48: 65820 | Y48: 18620 | Z48: 80 | AA48: 60H-29547 | AC48: Than cám VTC - Hải Minh | AD48: NCC00843 | AE48: CÔNG TY TNHH THƯƠNG MẠI KHOÁNG SẢN HẢI MINH | AG48: TCVTCHM.004 | AH48: kg
A49: =A48+1 -> 45 | B49: KX/08/09 | C49: Kho xương | D49: 03/08/2026 | E49: =IF(G49="","",VLOOKUP(G49,'Danh mục CODE'!$D$2:$J$20064,7,0)) -> NCC00756 | F49: =IF(E49="","",VLOOKUP(E49,'TONG HOP'!$E$8:$W$1883,19,0)) -> CÔNG TY TNHH SX THƯƠNG MẠI VÀ DỊCH VỤ PHAN QUÂN | G49: NVLKX01.005 | H49: =IF(E49="","",VLOOKUP(G49,'TONG HOP'!$C$8:$E$799,2,0)) -> Đá vôi (PND-HT01) | I49: =IF(B49="","",VLOOKUP(G49,'TONG HOP'!$C$8:$F$799,4,0)) -> kg | J49: =IF(X49="","",K49-K49*M49) -> 44923.125 | K49: =IF(AND(X49="",N49="",Q49="",R49=""),"",L49-L49*O49-(L49-L49*O49)*R49) -> 47287.5 | L49: =X49-Y49 -> 48750 | M49: =IF(Y49="","",VLOOKUP(G49,'Danh mục CODE'!$D$2:$I$1880,4,0)) -> 0.05 | N49: 0.08 | O49: =IF(X49="","",IF(M49-N49<0,-(M49-N49),0)) -> 0.03 | P49: =IF(Y49="","",VLOOKUP(G49,'Danh mục CODE'!$D$2:$I$1880,5,0)) -> 0 | R49: =IF(X49="","",IF(P49-Q49<0,-(P49-Q49),0)) -> 0 | S49: =IF(T49=0,"",J49-T49-U49) | T49: =IF(X49="","",IF(Q49<P49,K49*Q49,K49*P49)) -> 0 | U49: =IF(X49="","",K49*R49) -> 0 | V49: =IF(X49="","",J49-S49-T49-U49) -> #VALUE! | X49: 65920 | Y49: 17170 | Z49: 81 | AA49: 60H-12834 | AC49: Than cám VTC - Đức Anh | AD49: NCC01651 | AE49: CÔNG TY TNHH SX&TM ĐỨC ANH | AG49: TCVTCĐA.006 | AH49: kg
... A52: =A51+1 -> 48 | B52: KX/08/11 | C52: Kho xương | D52: 04/08/2026 | E52: =IF(G52="","",VLOOKUP(G52,'Danh mục CODE'!$D$2:$J$20064,7,0)) -> NCC04859 | F52: =IF(E52="","",VLOOKUP(E52,'TONG HOP'!$E$8:$W$1883,19,0)) -> CÔNG TY TNHH DT GREENPOWER | G52: NLD.GR01 | H52: =IF(E52="","",VLOOKUP(G52,'TONG HOP'!$C$8:$E$799,2,0)) -> Vỏ điều- GreenPower lô 1 | I52: =IF(B52="","",VLOOKUP(G52,'TONG HOP'!$C$8:$F$799,4,0)) -> kg | J52: =IF(X52="","",K52-K52*M52) -> 32826.105 | K52: =IF(AND(X52="",N52="",Q52="",R52=""),"",L52-L52*O52-(L52-L52*O52)*R52) -> 38169.89 | L52: =X52-Y52 -> 38830 | M52: =IF(Y52="","",VLOOKUP(G52,'Danh mục CODE'!$D$2:$I$1880,4,0)) -> 0.14 | N52: 0.157 | O52: =IF(X52="","",IF(M52-N52<0,-(M52-N52),0)) -> 0.017 | P52: =IF(Y52="","",VLOOKUP(G52,'Danh mục CODE'!$D$2:$I$1880,5,0)) -> 0 | R52: =IF(X52="","",IF(P52-Q52<0,-(P52-Q52),0)) -> 0 | S52: =IF(T52=0,"",J52-T52-U52) | T52: =IF(X52="","",IF(Q52<P52,K52*Q52,K52*P52)) -> 0 | U52: =IF(X52="","",K52*R52) -> 0 | V52: =IF(X52="","",J52-S52-T52-U52) -> #VALUE! | X52: 57260 | Y52: 18430 | Z52: 85 | AA52: 93H-00818 | AC52: Than cám PN nhập lại kho | AD52: NCC00607 | AE52: CÔNG TY CP GẠCH MEN PHƯƠNG NAM | AG52: TCPNNLK.009 | AH52: kg
A53: =A52+1 -> 49 | B53: KX/08/12 | C53: Kho xương | D53: 04/08/2026 | E53: =IF(G53="","",VLOOKUP(G53,'Danh mục CODE'!$D$2:$J$20064,7,0)) -> NCC01741 | F53: =IF(E53="","",VLOOKUP(E53,'TONG HOP'!$E$8:$W$1883,19,0)) -> CÔNG TY TNHH THƯƠNG MẠI DỊCH VỤ NGỌC ANH ĐẠT | G53: NVLKX01.0063 | H53: =IF(E53="","",VLOOKUP(G53,'TONG HOP'!$C$8:$E$799,2,0)) -> Thủy tinh lỏng - Ngọc Anh Đạt (Natri silicate) | I53: =IF(B53="","",VLOOKUP(G53,'TONG HOP'!$C$8:$F$799,4,0)) -> kg | J53: =IF(X53="","",K53-K53*M53) -> 14480 | K53: =IF(AND(X53="",N53="",Q53="",R53=""),"",L53-L53*O53-(L53-L53*O53)*R53) -> 14480 | L53: =X53-Y53 -> 14480 | M53: =IF(Y53="","",VLOOKUP(G53,'Danh mục CODE'!$D$2:$I$1880,4,0)) -> 0 | O53: =IF(X53="","",IF(M53-N53<0,-(M53-N53),0)) -> 0 | P53: =IF(Y53="","",VLOOKUP(G53,'Danh mục CODE'!$D$2:$I$1880,5,0)) -> 0 | R53: =IF(X53="","",IF(P53-Q53<0,-(P53-Q53),0)) -> 0 | S53: =IF(T53=0,"",J53-T53-U53) | T53: =IF(X53="","",IF(Q53<P53,K53*Q53,K53*P53)) -> 0 | U53: =IF(X53="","",K53*R53) -> 0 | V53: =IF(X53="","",J53-S53-T53-U53) -> #VALUE! | X53: 25300 | Y53: 10820 | Z53: 94 | AA53: 61C-20158 | AC53: Bã vỏ điều - Gia Phúc Hân | AD53: NCC00495 | AE53: CÔNG TY TNHH MTV GIA PHÚC HÂN | AG53: NVLKX02.013 | AH53: kg
A54: =A53+1 -> 50 | B54: KX/08/12 | C54: Kho xương | D54: 04/08/2026 | E54: =IF(G54="","",VLOOKUP(G54,'Danh mục CODE'!$D$2:$J$20064,7,0)) -> NCC01741 | F54: =IF(E54="","",VLOOKUP(E54,'TONG HOP'!$E$8:$W$1883,19,0)) -> CÔNG TY TNHH THƯƠNG MẠI DỊCH VỤ NGỌC ANH ĐẠT | G54: NVLKX01.0063 | H54: =IF(E54="","",VLOOKUP(G54,'TONG HOP'!$C$8:$E$799,2,0)) -> Thủy tinh lỏng - Ngọc Anh Đạt (Natri silicate) | I54: =IF(B54="","",VLOOKUP(G54,'TONG HOP'!$C$8:$F$799,4,0)) -> kg | J54: =IF(X54="","",K54-K54*M54) -> 11430 | K54: =IF(AND(X54="",N54="",Q54="",R54=""),"",L54-L54*O54-(L54-L54*O54)*R54) -> 11430 | L54: =X54-Y54 -> 11430 | M54: =IF(Y54="","",VLOOKUP(G54,'Danh mục CODE'!$D$2:$I$1880,4,0)) -> 0 | O54: =IF(X54="","",IF(M54-N54<0,-(M54-N54),0)) -> 0 | P54: =IF(Y54="","",VLOOKUP(G54,'Danh mục CODE'!$D$2:$I$1880,5,0)) -> 0 | R54: =IF(X54="","",IF(P54-Q54<0,-(P54-Q54),0)) -> 0 | S54: =IF(T54=0,"",J54-T54-U54) | T54: =IF(X54="","",IF(Q54<P54,K54*Q54,K54*P54)) -> 0 | U54: =IF(X54="","",K54*R54) -> 0 | V54: =IF(X54="","",J54-S54-T54-U54) -> #VALUE! | X54: 24500 | Y54: 13070 | Z54: 104 | AA54: 61C-20158 | AC54: Bã vỏ điều - Giang Thịnh | AD54: NCC01751 | AE54: CÔNG TY TNHH THƯƠNG MẠI DỊCH VỤ GIANG THỊNH | AG54: NVLKX02.013 | AH54: kg
A55: =A54+1 -> 51 | B55: KX/08/13 | C55: Kho xương | D55: 04/08/2026 | E55: =IF(G55="","",VLOOKUP(G55,'Danh mục CODE'!$D$2:$J$20064,7,0)) -> NCC00756 | F55: =IF(E55="","",VLOOKUP(E55,'TONG HOP'!$E$8:$W$1883,19,0)) -> CÔNG TY TNHH SX THƯƠNG MẠI VÀ DỊCH VỤ PHAN QUÂN | G55: NVLKX01.005 | H55: =IF(E55="","",VLOOKUP(G55,'TONG HOP'!$C$8:$E$799,2,0)) -> Đá vôi (PND-HT01) | I55: =IF(B55="","",VLOOKUP(G55,'TONG HOP'!$C$8:$F$799,4,0)) -> kg | J55: =IF(X55="","",K55-K55*M55) -> 46508.105 | K55: =IF(AND(X55="",N55="",Q55="",R55=""),"",L55-L55*O55-(L55-L55*O55)*R55) -> 48955.9 | L55: =X55-Y55 -> 50470 | M55: =IF(Y55="","",VLOOKUP(G55,'Danh mục CODE'!$D$2:$I$1880,4,0)) -> 0.05 | N55: 0.08 | O55: =IF(X55="","",IF(M55-N55<0,-(M55-N55),0)) -> 0.03 | P55: =IF(Y55="","",VLOOKUP(G55,'Danh mục CODE'!$D$2:$I$1880,5,0)) -> 0 | R55: =IF(X55="","",IF(P55-Q55<0,-(P55-Q55),0)) -> 0 | S55: =IF(T55=0,"",J55-T55-U55) | T55: =IF(X55="","",IF(Q55<P55,K55*Q55,K55*P55)) -> 0 | U55: =IF(X55="","",K55*R55) -> 0 | V55: =IF(X55="","",J55-S55-T55-U55) -> #VALUE! | X55: 69370 | Y55: 18900 | Z55: 101 | AA55: 60H-21356 | AC55: Bã vỏ điều - Tín Nghĩa Hưng | AD55: NCC01755 | AE55: CÔNG TY TNHH MỘT THÀNH VIÊN TÍN NGHĨA HƯNG | AG55: NVLKX02.013 | AH55: kg
A56: =A55+1 -> 52 | B56: KX/08/13 | C56: Kho xương | D56: 04/08/2026 | E56: =IF(G56="","",VLOOKUP(G56,'Danh mục CODE'!$D$2:$J$20064,7,0)) -> NCC00756 | F56: =IF(E56="","",VLOOKUP(E56,'TONG HOP'!$E$8:$W$1883,19,0)) -> CÔNG TY TNHH SX THƯƠNG MẠI VÀ DỊCH VỤ PHAN QUÂN | G56: NVLKX01.005 | H56: =IF(E56="","",VLOOKUP(G56,'TONG HOP'!$C$8:$E$799,2,0)) -> Đá vôi (PND-HT01) | I56: =IF(B56="","",VLOOKUP(G56,'TONG HOP'!$C$8:$F$799,4,0)) -> kg | J56: =IF(X56="","",K56-K56*M56) -> 44112.205 | K56: =IF(AND(X56="",N56="",Q56="",R56=""),"",L56-L56*O56-(L56-L56*O56)*R56) -> 46433.9 | L56: =X56-Y56 -> 47870 | M56: =IF(Y56="","",VLOOKUP(G56,'Danh mục CODE'!$D$2:$I$1880,4,0)) -> 0.05 | N56: 0.08 | O56: =IF(X56="","",IF(M56-N56<0,-(M56-N56),0)) -> 0.03 | P56: =IF(Y56="","",VLOOKUP(G56,'Danh mục CODE'!$D$2:$I$1880,5,0)) -> 0 | R56: =IF(X56="","",IF(P56-Q56<0,-(P56-Q56),0)) -> 0 | S56: =IF(T56=0,"",J56-T56-U56) | T56: =IF(X56="","",IF(Q56<P56,K56*Q56,K56*P56)) -> 0 | U56: =IF(X56="","",K56*R56) -> 0 | V56: =IF(X56="","",J56-S56-T56-U56) -> #VALUE! | X56: 66460 | Y56: 18590 | Z56: 102 | AA56: 60H-29547
A57: =A56+1 -> 53 | B57: KX/08/13 | C57: Kho xương | D57: 04/08/2026 | E57: =IF(G57="","",VLOOKUP(G57,'Danh mục CODE'!$D$2:$J$20064,7,0)) -> NCC00756 | F57: =IF(E57="","",VLOOKUP(E57,'TONG HOP'!$E$8:$W$1883,19,0)) -> CÔNG TY TNHH SX THƯƠNG MẠI VÀ DỊCH VỤ PHAN QUÂN | G57: NVLKX01.005 | H57: =IF(E57="","",VLOOKUP(G57,'TONG HOP'!$C$8:$E$799,2,0)) -> Đá vôi (PND-HT01) | I57: =IF(B57="","",VLOOKUP(G57,'TONG HOP'!$C$8:$F$799,4,0)) -> kg | J57: =IF(X57="","",K57-K57*M57) -> 41366.135 | K57: =IF(AND(X57="",N57="",Q57="",R57=""),"",L57-L57*O57-(L57-L57*O57)*R57) -> 43543.3 | L57: =X57-Y57 -> 44890 | M57: =IF(Y57="","",VLOOKUP(G57,'Danh mục CODE'!$D$2:$I$1880,4,0)) -> 0.05 | N57: 0.08 | O57: =IF(X57="","",IF(M57-N57<0,-(M57-N57),0)) -> 0.03 | P57: =IF(Y57="","",VLOOKUP(G57,'Danh mục CODE'!$D$2:$I$1880,5,0)) -> 0 | R57: =IF(X57="","",IF(P57-Q57<0,-(P57-Q57),0)) -> 0 | S57: =IF(T57=0,"",J57-T57-U57) | T57: =IF(X57="","",IF(Q57<P57,K57*Q57,K57*P57)) -> 0 | U57: =IF(X57="","",K57*R57) -> 0 | V57: =IF(X57="","",J57-S57-T57-U57) -> #VALUE! | X57: 64640 | Y57: 19750 | Z57: 103 | AA57: 60H-19589
A58: =A57+1 -> 54 | B58: KX/08/13 | C58: Kho xương | D58: 04/08/2026 | E58: =IF(G58="","",VLOOKUP(G58,'Danh mục CODE'!$D$2:$J$20064,7,0)) -> NCC00756 | F58: =IF(E58="","",VLOOKUP(E58,'TONG HOP'!$E$8:$W$1883,19,0)) -> CÔNG TY TNHH SX THƯƠNG MẠI VÀ DỊCH VỤ PHAN QUÂN | G58: NVLKX01.005 | H58: =IF(E58="","",VLOOKUP(G58,'TONG HOP'!$C$8:$E$799,2,0)) -> Đá vôi (PND-HT01) | I58: =IF(B58="","",VLOOKUP(G58,'TONG HOP'!$C$8:$F$799,4,0)) -> kg | J58: =IF(X58="","",K58-K58*M58) -> 29865.815 | K58: =IF(AND(X58="",N58="",Q58="",R58=""),"",L58-L58*O58-(L58-L58*O58)*R58) -> 31437.7 | L58: =X58-Y58 -> 32410 | M58: =IF(Y58="","",VLOOKUP(G58,'Danh mục CODE'!$D$2:$I$1880,4,0)) -> 0.05 | N58: 0.08 | O58: =IF(X58="","",IF(M58-N58<0,-(M58-N58),0)) -> 0.03 | P58: =IF(Y58="","",VLOOKUP(G58,'Danh mục CODE'!$D$2:$I$1880,5,0)) -> 0 | R58: =IF(X58="","",IF(P58-Q58<0,-(P58-Q58),0)) -> 0 | S58: =IF(T58=0,"",J58-T58-U58) | T58: =IF(X58="","",IF(Q58<P58,K58*Q58,K58*P58)) -> 0 | U58: =IF(X58="","",K58*R58) -> 0 | V58: =IF(X58="","",J58-S58-T58-U58) -> #VALUE! | X58: 51490 | Y58: 19080 | Z58: 106 | AA58: 60H-41566
A59: =A58+1 -> 55 | B59: KX/08/14 | C59: Kho xương | D59: 04/08/2026 | E59: =IF(G59="","",VLOOKUP(G59,'Danh mục CODE'!$D$2:$J$20064,7,0)) -> NCC01126 | F59: =IF(E59="","",VLOOKUP(E59,'TONG HOP'!$E$8:$W$1883,19,0)) -> CÔNG TY TNHH MTV DUY THANH LƯƠNG | G59: NVLKX01.033 | H59: =IF(E59="","",VLOOKUP(G59,'TONG HOP'!$C$8:$E$799,2,0)) -> Đất sét Hoa đào (DTL) BD01 | I59: =IF(B59="","",VLOOKUP(G59,'TONG HOP'!$C$8:$F$799,4,0)) -> kg | J59: =IF(X59="","",K59-K59*M59) -> 26617.5 | K59: =IF(AND(X59="",N59="",Q59="",R59=""),"",L59-L59*O59-(L59-L59*O59)*R59) -> 35490 | L59: =X59-Y59 -> 35490 | M59: =IF(Y59="","",VLOOKUP(G59,'Danh mục CODE'!$D$2:$I$1880,4,0)) -> 0.25 | N59: 0.188 | O59: =IF(X59="","",IF(M59-N59<0,-(M59-N59),0)) -> 0 | P59: =IF(Y59="","",VLOOKUP(G59,'Danh mục CODE'!$D$2:$I$1880,5,0)) -> 0 | R59: =IF(X59="","",IF(P59-Q59<0,-(P59-Q59),0)) -> 0 | S59: =IF(T59=0,"",J59-T59-U59) | T59: =IF(X59="","",IF(Q59<P59,K59*Q59,K59*P59)) -> 0 | U59: =IF(X59="","",K59*R59) -> 0 | V59: =IF(X59="","",J59-S59-T59-U59) -> #VALUE! | X59: 52440 | Y59: 16950 | Z59: 95 | AA59: 60K-73617
A60: =A59+1 -> 56 | B60: KX/08/14 | C60: Kho xương | D60: 04/08/2026 | E60: =IF(G60="","",VLOOKUP(G60,'Danh mục CODE'!$D$2:$J$20064,7,0)) -> NCC01126 | F60: =IF(E60="","",VLOOKUP(E60,'TONG HOP'!$E$8:$W$1883,19,0)) -> CÔNG TY TNHH MTV DUY THANH LƯƠNG | G60: NVLKX01.033 | H60: =IF(E60="","",VLOOKUP(G60,'TONG HOP'!$C$8:$E$799,2,0)) -> Đất sét Hoa đào (DTL) BD01 | I60: =IF(B60="","",VLOOKUP(G60,'TONG HOP'!$C$8:$F$799,4,0)) -> kg | J60: =IF(X60="","",K60-K60*M60) -> 27120 | K60: =IF(AND(X60="",N60="",Q60="",R60=""),"",L60-L60*O60-(L60-L60*O60)*R60) -> 36160 | L60: =X60-Y60 -> 36160 | M60: =IF(Y60="","",VLOOKUP(G60,'Danh mục CODE'!$D$2:$I$1880,4,0)) -> 0.25 | N60: 0.188 | O60: =IF(X60="","",IF(M60-N60<0,-(M60-N60),0)) -> 0 | P60: =IF(Y60="","",VLOOKUP(G60,'Danh mục CODE'!$D$2:$I$1880,5,0)) -> 0 | R60: =IF(X60="","",IF(P60-Q60<0,-(P60-Q60),0)) -> 0 | S60: =IF(T60=0,"",J60-T60-U60) | T60: =IF(X60="","",IF(Q60<P60,K60*Q60,K60*P60)) -> 0 | U60: =IF(X60="","",K60*R60) -> 0 | V60: =IF(X60="","",J60-S60-T60-U60) -> #VALUE! | X60: 54200 | Y60: 18040 | Z60: 100 | AA60: 60H-33761
A61: =A60+1 -> 57 | B61: KX/08/14 | C61: Kho xương | D61: 04/08/2026 | E61: =IF(G61="","",VLOOKUP(G61,'Danh mục CODE'!$D$2:$J$20064,7,0)) -> NCC01126 | F61: =IF(E61="","",VLOOKUP(E61,'TONG HOP'!$E$8:$W$1883,19,0)) -> CÔNG TY TNHH MTV DUY THANH LƯƠNG | G61: NVLKX01.033 | H61: =IF(E61="","",VLOOKUP(G61,'TONG HOP'!$C$8:$E$799,2,0)) -> Đất sét Hoa đào (DTL) BD01 | I61: =IF(B61="","",VLOOKUP(G61,'TONG HOP'!$C$8:$F$799,4,0)) -> kg | J61: =IF(X61="","",K61-K61*M61) -> 28147.5 | K61: =IF(AND(X61="",N61="",Q61="",R61=""),"",L61-L61*O61-(L61-L61*O61)*R61) -> 37530 | L61: =X61-Y61 -> 37530 | M61: =IF(Y61="","",VLOOKUP(G61,'Danh mục CODE'!$D$2:$I$1880,4,0)) -> 0.25 | N61: 0.188 | O61: =IF(X61="","",IF(M61-N61<0,-(M61-N61),0)) -> 0 | P61: =IF(Y61="","",VLOOKUP(G61,'Danh mục CODE'!$D$2:$I$1880,5,0)) -> 0 | R61: =IF(X61="","",IF(P61-Q61<0,-(P61-Q61),0)) -> 0 | S61: =IF(T61=0,"",J61-T61-U61) | T61: =IF(X61="","",IF(Q61<P61,K61*Q61,K61*P61)) -> 0 | U61: =IF(X61="","",K61*R61) -> 0 | V61: =IF(X61="","",J61-S61-T61-U61) -> #VALUE! | X61: 54400 | Y61: 16870 | Z61: 107 | AA61: 60K-73617
A62: =A61+1 -> 58 | B62: KX/08/14 | C62: Kho xương | D62: 04/08/2026 | E62: =IF(G62="","",VLOOKUP(G62,'Danh mục CODE'!$D$2:$J$20064,7,0)) -> NCC01126 | F62: =IF(E62="","",VLOOKUP(E62,'TONG HOP'!$E$8:$W$1883,19,0)) -> CÔNG TY TNHH MTV DUY THANH LƯƠNG | G62: NVLKX01.033 | H62: =IF(E62="","",VLOOKUP(G62,'TONG HOP'!$C$8:$E$799,2,0)) -> Đất sét Hoa đào (DTL) BD01 | I62: =IF(B62="","",VLOOKUP(G62,'TONG HOP'!$C$8:$F$799,4,0)) -> kg | J62: =IF(X62="","",K62-K62*M62) -> 27375 | K62: =IF(AND(X62="",N62="",Q62="",R62=""),"",L62-L62*O62-(L62-L62*O62)*R62) -> 36500 | L62: =X62-Y62 -> 36500 | M62: =IF(Y62="","",VLOOKUP(G62,'Danh mục CODE'!$D$2:$I$1880,4,0)) -> 0.25 | N62: 0.188 | O62: =IF(X62="","",IF(M62-N62<0,-(M62-N62),0)) -> 0 | P62: =IF(Y62="","",VLOOKUP(G62,'Danh mục CODE'!$D$2:$I$1880,5,0)) -> 0 | R62: =IF(X62="","",IF(P62-Q62<0,-(P62-Q62),0)) -> 0 | S62: =IF(T62=0,"",J62-T62-U62) | T62: =IF(X62="","",IF(Q62<P62,K62*Q62,K62*P62)) -> 0 | U62: =IF(X62="","",K62*R62) -> 0 | V62: =IF(X62="","",J62-S62-T62-U62) -> #VALUE! | X62: 54440 | Y62: 17940 | Z62: 108 | AA62: 60H-33761
A63: =A62+1 -> 59 | B63: KX/08/15 | C63: Kho xương | D63: 06/08/2026 | E63: =IF(G63="","",VLOOKUP(G63,'Danh mục CODE'!$D$2:$J$20064,7,0)) -> NCC01741 | F63: =IF(E63="","",VLOOKUP(E63,'TONG HOP'!$E$8:$W$1883,19,0)) -> CÔNG TY TNHH THƯƠNG MẠI DỊCH VỤ NGỌC ANH ĐẠT | G63: NVLKX01.0063 | H63: =IF(E63="","",VLOOKUP(G63,'TONG HOP'!$C$8:$E$799,2,0)) -> Thủy tinh lỏng - Ngọc Anh Đạt (Natri silicate) | I63: =IF(B63="","",VLOOKUP(G63,'TONG HOP'!$C$8:$F$799,4,0)) -> kg | J63: =IF(X63="","",K63-K63*M63) -> 15940 | K63: =IF(AND(X63="",N63="",Q63="",R63=""),"",L63-L63*O63-(L63-L63*O63)*R63) -> 15940 | L63: =X63-Y63 -> 15940 | M63: =IF(Y63="","",VLOOKUP(G63,'Danh mục CODE'!$D$2:$I$1880,4,0)) -> 0 | O63: =IF(X63="","",IF(M63-N63<0,-(M63-N63),0)) -> 0 | P63: =IF(Y63="","",VLOOKUP(G63,'Danh mục CODE'!$D$2:$I$1880,5,0)) -> 0 | R63: =IF(X63="","",IF(P63-Q63<0,-(P63-Q63),0)) -> 0 | S63: =IF(T63=0,"",J63-T63-U63) | T63: =IF(X63="","",IF(Q63<P63,K63*Q63,K63*P63)) -> 0 | U63: =IF(X63="","",K63*R63) -> 0 | V63: =IF(X63="","",J63-S63-T63-U63) -> #VALUE! | X63: 26720 | Y63: 10780 | Z63: 174 | AA63: 61C-20158
A64: =A63+1 -> 60 | B64: KX/08/16 | C64: Kho xương | D64: 06/08/2026 | E64: =IF(G64="","",VLOOKUP(G64,'Danh mục CODE'!$D$2:$J$20064,7,0)) -> NCC01126 | F64: =IF(E64="","",VLOOKUP(E64,'TONG HOP'!$E$8:$W$1883,19,0)) -> CÔNG TY TNHH MTV DUY THANH LƯƠNG | G64: NVLKX01.052 | H64: =IF(E64="","",VLOOKUP(G64,'TONG HOP'!$C$8:$E$799,2,0)) -> Bột đá Phước Hoà 03 (PH03) DTL | I64: =IF(B64="","",VLOOKUP(G64,'TONG HOP'!$C$8:$F$799,4,0)) -> kg | J64: =IF(X64="","",K64-K64*M64) -> 32195.5 | K64: =IF(AND(X64="",N64="",Q64="",R64=""),"",L64-L64*O64-(L64-L64*O64)*R64) -> 33890 | L64: =X64-Y64 -> 33890 | M64: =IF(Y64="","",VLOOKUP(G64,'Danh mục CODE'!$D$2:$I$1880,4,0)) -> 0.05 | N64: 0.05 | O64: =IF(X64="","",IF(M64-N64<0,-(M64-N64),0)) -> 0 | P64: =IF(Y64="","",VLOOKUP(G64,'Danh mục CODE'!$D$2:$I$1880,5,0)) -> 0 | R64: =IF(X64="","",IF(P64-Q64<0,-(P64-Q64),0)) -> 0 | S64: =IF(T64=0,"",J64-T64-U64) | T64: =IF(X64="","",IF(Q64<P64,K64*Q64,K64*P64)) -> 0 | U64: =IF(X64="","",K64*R64) -> 0 | V64: =IF(X64="","",J64-S64-T64-U64) -> #VALUE! | X64: 50950 | Y64: 17060 | Z64: 150 | AA64: 60K-73617
A65: =A64+1 -> 61 | B65: KX/08/16 | C65: Kho xương | D65: 06/08/2026 | E65: =IF(G65="","",VLOOKUP(G65,'Danh mục CODE'!$D$2:$J$20064,7,0)) -> NCC01126 | F65: =IF(E65="","",VLOOKUP(E65,'TONG HOP'!$E$8:$W$1883,19,0)) -> CÔNG TY TNHH MTV DUY THANH LƯƠNG | G65: NVLKX01.052 | H65: =IF(E65="","",VLOOKUP(G65,'TONG HOP'!$C$8:$E$799,2,0)) -> Bột đá Phước Hoà 03 (PH03) DTL | I65: =IF(B65="","",VLOOKUP(G65,'TONG HOP'!$C$8:$F$799,4,0)) -> kg | J65: =IF(X65="","",K65-K65*M65) -> 32860.5 | K65: =IF(AND(X65="",N65="",Q65="",R65=""),"",L65-L65*O65-(L65-L65*O65)*R65) -> 34590 | L65: =X65-Y65 -> 34590 | M65: =IF(Y65="","",VLOOKUP(G65,'Danh mục CODE'!$D$2:$I$1880,4,0)) -> 0.05 | N65: 0.05 | O65: =IF(X65="","",IF(M65-N65<0,-(M65-N65),0)) -> 0 | P65: =IF(Y65="","",VLOOKUP(G65,'Danh mục CODE'!$D$2:$I$1880,5,0)) -> 0 | R65: =IF(X65="","",IF(P65-Q65<0,-(P65-Q65),0)) -> 0 | S65: =IF(T65=0,"",J65-T65-U65) | T65: =IF(X65="","",IF(Q65<P65,K65*Q65,K65*P65)) -> 0 | U65: =IF(X65="","",K65*R65) -> 0 | V65: =IF(X65="","",J65-S65-T65-U65) -> #VALUE! | X65: 52880 | Y65: 18290 | Z65: 152 | AA65: 60H-05962
A66: =A65+1 -> 62 | B66: KX/08/16 | C66: Kho xương | D66: 06/08/2026 | E66: =IF(G66="","",VLOOKUP(G66,'Danh mục CODE'!$D$2:$J$20064,7,0)) -> NCC01126 | F66: =IF(E66="","",VLOOKUP(E66,'TONG HOP'!$E$8:$W$1883,19,0)) -> CÔNG TY TNHH MTV DUY THANH LƯƠNG | G66: NVLKX01.052 | H66: =IF(E66="","",VLOOKUP(G66,'TONG HOP'!$C$8:$E$799,2,0)) -> Bột đá Phước Hoà 03 (PH03) DTL | I66: =IF(B66="","",VLOOKUP(G66,'TONG HOP'!$C$8:$F$799,4,0)) -> kg | J66: =IF(X66="","",K66-K66*M66) -> 32604 | K66: =IF(AND(X66="",N66="",Q66="",R66=""),"",L66-L66*O66-(L66-L66*O66)*R66) -> 34320 | L66: =X66-Y66 -> 34320 | M66: =IF(Y66="","",VLOOKUP(G66,'Danh mục CODE'!$D$2:$I$1880,4,0)) -> 0.05 | N66: 0.05 | O66: =IF(X66="","",IF(M66-N66<0,-(M66-N66),0)) -> 0 | P66: =IF(Y66="","",VLOOKUP(G66,'Danh mục CODE'!$D$2:$I$1880,5,0)) -> 0 | R66: =IF(X66="","",IF(P66-Q66<0,-(P66-Q66),0)) -> 0 | S66: =IF(T66=0,"",J66-T66-U66) | T66: =IF(X66="","",IF(Q66<P66,K66*Q66,K66*P66)) -> 0 | U66: =IF(X66="","",K66*R66) -> 0 | V66: =IF(X66="","",J66-S66-T66-U66) -> #VALUE! | X66: 52480 | Y66: 18160 | Z66: 160 | AA66: 60H-33761
A67: =A66+1 -> 63 | B67: KX/08/17 | C67: Kho xương | D67: 06/08/2026 | E67: =IF(G67="","",VLOOKUP(G67,'Danh mục CODE'!$D$2:$J$20064,7,0)) -> NCC01684 | F67: =IF(E67="","",VLOOKUP(E67,'TONG HOP'!$E$8:$W$1883,19,0)) -> CÔNG TY TNHH DỊCH VỤ VẬN TẢI LIÊN HOÀNG PHÚC | G67: NVLKX01.043 | H67: =IF(E67="","",VLOOKUP(G67,'TONG HOP'!$C$8:$E$799,2,0)) -> Đất Đỏ Hoa Đào (BD02) LHP | I67: =IF(B67="","",VLOOKUP(G67,'TONG HOP'!$C$8:$F$799,4,0)) -> kg | J67: =IF(X67="","",K67-K67*M67) -> 28455 | K67: =IF(AND(X67="",N67="",Q67="",R67=""),"",L67-L67*O67-(L67-L67*O67)*R67) -> 37940 | L67: =X67-Y67 -> 37940 | M67: =IF(Y67="","",VLOOKUP(G67,'Danh mục CODE'!$D$2:$I$1880,4,0)) -> 0.25 | N67: 0.186 | O67: =IF(X67="","",IF(M67-N67<0,-(M67-N67),0)) -> 0 | P67: =IF(Y67="","",VLOOKUP(G67,'Danh mục CODE'!$D$2:$I$1880,5,0)) -> 0 | R67: =IF(X67="","",IF(P67-Q67<0,-(P67-Q67),0)) -> 0 | S67: =IF(T67=0,"",J67-T67-U67) | T67: =IF(X67="","",IF(Q67<P67,K67*Q67,K67*P67)) -> 0 | U67: =IF(X67="","",K67*R67) -> 0 | V67: =IF(X67="","",J67-S67-T67-U67) -> #VALUE! | X67: 56660 | Y67: 18720 | Z67: 157 | AA67: 60H-26743
A68: =A67+1 -> 64 | B68: KX/08/17 | C68: Kho xương | D68: 06/08/2026 | E68: =IF(G68="","",VLOOKUP(G68,'Danh mục CODE'!$D$2:$J$20064,7,0)) -> NCC01684 | F68: =IF(E68="","",VLOOKUP(E68,'TONG HOP'!$E$8:$W$1883,19,0)) -> CÔNG TY TNHH DỊCH VỤ VẬN TẢI LIÊN HOÀNG PHÚC | G68: NVLKX01.043 | H68: =IF(E68="","",VLOOKUP(G68,'TONG HOP'!$C$8:$E$799,2,0)) -> Đất Đỏ Hoa Đào (BD02) LHP | I68: =IF(B68="","",VLOOKUP(G68,'TONG HOP'!$C$8:$F$799,4,0)) -> kg | J68: =IF(X68="","",K68-K68*M68) -> 29175 | K68: =IF(AND(X68="",N68="",Q68="",R68=""),"",L68-L68*O68-(L68-L68*O68)*R68) -> 38900 | L68: =X68-Y68 -> 38900 | M68: =IF(Y68="","",VLOOKUP(G68,'Danh mục CODE'!$D$2:$I$1880,4,0)) -> 0.25 | N68: 0.186 | O68: =IF(X68="","",IF(M68-N68<0,-(M68-N68),0)) -> 0 | P68: =IF(Y68="","",VLOOKUP(G68,'Danh mục CODE'!$D$2:$I$1880,5,0)) -> 0 | R68: =IF(X68="","",IF(P68-Q68<0,-(P68-Q68),0)) -> 0 | S68: =IF(T68=0,"",J68-T68-U68) | T68: =IF(X68="","",IF(Q68<P68,K68*Q68,K68*P68)) -> 0 | U68: =IF(X68="","",K68*R68) -> 0 | V68: =IF(X68="","",J68-S68-T68-U68) -> #VALUE! | X68: 58730 | Y68: 19830 | Z68: 158 | AA68: 60H-39431
A69: =A68+1 -> 65 | B69: KX/08/17 | C69: Kho xương | D69: 06/08/2026 | E69: =IF(G69="","",VLOOKUP(G69,'Danh mục CODE'!$D$2:$J$20064,7,0)) -> NCC01684 | F69: =IF(E69="","",VLOOKUP(E69,'TONG HOP'!$E$8:$W$1883,19,0)) -> CÔNG TY TNHH DỊCH VỤ VẬN TẢI LIÊN HOÀNG PHÚC | G69: NVLKX01.043 | H69: =IF(E69="","",VLOOKUP(G69,'TONG HOP'!$C$8:$E$799,2,0)) -> Đất Đỏ Hoa Đào (BD02) LHP | I69: =IF(B69="","",VLOOKUP(G69,'TONG HOP'!$C$8:$F$799,4,0)) -> kg | J69: =IF(X69="","",K69-K69*M69) -> 28005 | K69: =IF(AND(X69="",N69="",Q69="",R69=""),"",L69-L69*O69-(L69-L69*O69)*R69) -> 37340 | L69: =X69-Y69 -> 37340 | M69: =IF(Y69="","",VLOOKUP(G69,'Danh mục CODE'!$D$2:$I$1880,4,0)) -> 0.25 | N69: 0.186 | O69: =IF(X69="","",IF(M69-N69<0,-(M69-N69),0)) -> 0 | P69: =IF(Y69="","",VLOOKUP(G69,'Danh mục CODE'!$D$2:$I$1880,5,0)) -> 0 | R69: =IF(X69="","",IF(P69-Q69<0,-(P69-Q69),0)) -> 0 | S69: =IF(T69=0,"",J69-T69-U69) | T69: =IF(X69="","",IF(Q69<P69,K69*Q69,K69*P69)) -> 0 | U69: =IF(X69="","",K69*R69) -> 0 | V69: =IF(X69="","",J69-S69-T69-U69) -> #VALUE! | X69: 56970 | Y69: 19630 | Z69: 165 | AA69: 60H-26740
A70: =A69+1 -> 66 | B70: KX/08/17 | C70: Kho xương | D70: 06/08/2026 | E70: =IF(G70="","",VLOOKUP(G70,'Danh mục CODE'!$D$2:$J$20064,7,0)) -> NCC01684 | F70: =IF(E70="","",VLOOKUP(E70,'TONG HOP'!$E$8:$W$1883,19,0)) -> CÔNG TY TNHH DỊCH VỤ VẬN TẢI LIÊN HOÀNG PHÚC | G70: NVLKX01.043 | H70: =IF(E70="","",VLOOKUP(G70,'TONG HOP'!$C$8:$E$799,2,0)) -> Đất Đỏ Hoa Đào (BD02) LHP | I70: =IF(B70="","",VLOOKUP(G70,'TONG HOP'!$C$8:$F$799,4,0)) -> kg | J70: =IF(X70="","",K70-K70*M70) -> 28095 | K70: =IF(AND(X70="",N70="",Q70="",R70=""),"",L70-L70*O70-(L70-L70*O70)*R70) -> 37460 | L70: =X70-Y70 -> 37460 | M70: =IF(Y70="","",VLOOKUP(G70,'Danh mục CODE'!$D$2:$I$1880,4,0)) -> 0.25 | N70: 0.186 | O70: =IF(X70="","",IF(M70-N70<0,-(M70-N70),0)) -> 0 | P70: =IF(Y70="","",VLOOKUP(G70,'Danh mục CODE'!$D$2:$I$1880,5,0)) -> 0 | R70: =IF(X70="","",IF(P70-Q70<0,-(P70-Q70),0)) -> 0 | S70: =IF(T70=0,"",J70-T70-U70) | T70: =IF(X70="","",IF(Q70<P70,K70*Q70,K70*P70)) -> 0 | U70: =IF(X70="","",K70*R70) -> 0 | V70: =IF(X70="","",J70-S70-T70-U70) -> #VALUE! | X70: 56250 | Y70: 18790 | Z70: 167 | AA70: 60H-33285
A71: =A70+1 -> 67 | B71: KX/08/17 | C71: Kho xương | D71: 06/08/2026 | E71: =IF(G71="","",VLOOKUP(G71,'Danh mục CODE'!$D$2:$J$20064,7,0)) -> NCC01684 | F71: =IF(E71="","",VLOOKUP(E71,'TONG HOP'!$E$8:$W$1883,19,0)) -> CÔNG TY TNHH DỊCH VỤ VẬN TẢI LIÊN HOÀNG PHÚC | G71: NVLKX01.043 | H71: =IF(E71="","",VLOOKUP(G71,'TONG HOP'!$C$8:$E$799,2,0)) -> Đất Đỏ Hoa Đào (BD02) LHP | I71: =IF(B71="","",VLOOKUP(G71,'TONG HOP'!$C$8:$F$799,4,0)) -> kg | J71: =IF(X71="","",K71-K71*M71) -> 28545 | K71: =IF(AND(X71="",N71="",Q71="",R71=""),"",L71-L71*O71-(L71-L71*O71)*R71) -> 38060 | L71: =X71-Y71 -> 38060 | M71: =IF(Y71="","",VLOOKUP(G71,'Danh mục CODE'!$D$2:$I$1880,4,0)) -> 0.25 | N71: 0.186 | O71: =IF(X71="","",IF(M71-N71<0,-(M71-N71),0)) -> 0 | P71: =IF(Y71="","",VLOOKUP(G71,'Danh mục CODE'!$D$2:$I$1880,5,0)) -> 0 | R71: =IF(X71="","",IF(P71-Q71<0,-(P71-Q71),0)) -> 0 | S71: =IF(T71=0,"",J71-T71-U71) | T71: =IF(X71="","",IF(Q71<P71,K71*Q71,K71*P71)) -> 0 | U71: =IF(X71="","",K71*R71) -> 0 | V71: =IF(X71="","",J71-S71-T71-U71) -> #VALUE! | X71: 56550 | Y71: 18490 | Z71: 171 | AA71: 60H-13357
A72: =A71+1 -> 68 | B72: KX/08/17 | C72: Kho xương | D72: 06/08/2026 | E72: =IF(G72="","",VLOOKUP(G72,'Danh mục CODE'!$D$2:$J$20064,7,0)) -> NCC01684 | F72: =IF(E72="","",VLOOKUP(E72,'TONG HOP'!$E$8:$W$1883,19,0)) -> CÔNG TY TNHH DỊCH VỤ VẬN TẢI LIÊN HOÀNG PHÚC | G72: NVLKX01.043 | H72: =IF(E72="","",VLOOKUP(G72,'TONG HOP'!$C$8:$E$799,2,0)) -> Đất Đỏ Hoa Đào (BD02) LHP | I72: =IF(B72="","",VLOOKUP(G72,'TONG HOP'!$C$8:$F$799,4,0)) -> kg | J72: =IF(X72="","",K72-K72*M72) -> 28695 | K72: =IF(AND(X72="",N72="",Q72="",R72=""),"",L72-L72*O72-(L72-L72*O72)*R72) -> 38260 | L72: =X72-Y72 -> 38260 | M72: =IF(Y72="","",VLOOKUP(G72,'Danh mục CODE'!$D$2:$I$1880,4,0)) -> 0.25 | N72: 0.186 | O72: =IF(X72="","",IF(M72-N72<0,-(M72-N72),0)) -> 0 | P72: =IF(Y72="","",VLOOKUP(G72,'Danh mục CODE'!$D$2:$I$1880,5,0)) -> 0 | R72: =IF(X72="","",IF(P72-Q72<0,-(P72-Q72),0)) -> 0 | S72: =IF(T72=0,"",J72-T72-U72) | T72: =IF(X72="","",IF(Q72<P72,K72*Q72,K72*P72)) -> 0 | U72: =IF(X72="","",K72*R72) -> 0 | V72: =IF(X72="","",J72-S72-T72-U72) -> #VALUE! | X72: 56760 | Y72: 18500 | Z72: 183 | AA72: 60H-26743
A73: =A72+1 -> 69 | B73: KX/08/17 | C73: Kho xương | D73: 06/08/2026 | E73: =IF(G73="","",VLOOKUP(G73,'Danh mục CODE'!$D$2:$J$20064,7,0)) -> NCC01684 | F73: =IF(E73="","",VLOOKUP(E73,'TONG HOP'!$E$8:$W$1883,19,0)) -> CÔNG TY TNHH DỊCH VỤ VẬN TẢI LIÊN HOÀNG PHÚC | G73: NVLKX01.043 | H73: =IF(E73="","",VLOOKUP(G73,'TONG HOP'!$C$8:$E$799,2,0)) -> Đất Đỏ Hoa Đào (BD02) LHP | I73: =IF(B73="","",VLOOKUP(G73,'TONG HOP'!$C$8:$F$799,4,0)) -> kg | J73: =IF(X73="","",K73-K73*M73) -> 28732.5 | K73: =IF(AND(X73="",N73="",Q73="",R73=""),"",L73-L73*O73-(L73-L73*O73)*R73) -> 38310 | L73: =X73-Y73 -> 38310 | M73: =IF(Y73="","",VLOOKUP(G73,'Danh mục CODE'!$D$2:$I$1880,4,0)) -> 0.25 | N73: 0.186 | O73: =IF(X73="","",IF(M73-N73<0,-(M73-N73),0)) -> 0 | P73: =IF(Y73="","",VLOOKUP(G73,'Danh mục CODE'!$D$2:$I$1880,5,0)) -> 0 | R73: =IF(X73="","",IF(P73-Q73<0,-(P73-Q73),0)) -> 0 | S73: =IF(T73=0,"",J73-T73-U73) | T73: =IF(X73="","",IF(Q73<P73,K73*Q73,K73*P73)) -> 0 | U73: =IF(X73="","",K73*R73) -> 0 | V73: =IF(X73="","",J73-S73-T73-U73) -> #VALUE! | X73: 58030 | Y73: 19720 | Z73: 184 | AA73: 60H-39431
A74: =A73+1 -> 70 | B74: KX/08/17 | C74: Kho xương | D74: 06/08/2026 | E74: =IF(G74="","",VLOOKUP(G74,'Danh mục CODE'!$D$2:$J$20064,7,0)) -> NCC01684 | F74: =IF(E74="","",VLOOKUP(E74,'TONG HOP'!$E$8:$W$1883,19,0)) -> CÔNG TY TNHH DỊCH VỤ VẬN TẢI LIÊN HOÀNG PHÚC | G74: NVLKX01.043 | H74: =IF(E74="","",VLOOKUP(G74,'TONG HOP'!$C$8:$E$799,2,0)) -> Đất Đỏ Hoa Đào (BD02) LHP | I74: =IF(B74="","",VLOOKUP(G74,'TONG HOP'!$C$8:$F$799,4,0)) -> kg | J74: =IF(X74="","",K74-K74*M74) -> 27457.5 | K74: =IF(AND(X74="",N74="",Q74="",R74=""),"",L74-L74*O74-(L74-L74*O74)*R74) -> 36610 | L74: =X74-Y74 -> 36610 | M74: =IF(Y74="","",VLOOKUP(G74,'Danh mục CODE'!$D$2:$I$1880,4,0)) -> 0.25 | N74: 0.186 | O74: =IF(X74="","",IF(M74-N74<0,-(M74-N74),0)) -> 0 | P74: =IF(Y74="","",VLOOKUP(G74,'Danh mục CODE'!$D$2:$I$1880,5,0)) -> 0 | R74: =IF(X74="","",IF(P74-Q74<0,-(P74-Q74),0)) -> 0 | S74: =IF(T74=0,"",J74-T74-U74) | T74: =IF(X74="","",IF(Q74<P74,K74*Q74,K74*P74)) -> 0 | U74: =IF(X74="","",K74*R74) -> 0 | V74: =IF(X74="","",J74-S74-T74-U74) -> #VALUE! | X74: 55330 | Y74: 18720 | Z74: 187 | AA74: 60H-33285
A75: =A74+1 -> 71 | B75: KX/08/17 | C75: Kho xương | D75: 06/08/2026 | E75: =IF(G75="","",VLOOKUP(G75,'Danh mục CODE'!$D$2:$J$20064,7,0)) -> NCC01684 | F75: =IF(E75="","",VLOOKUP(E75,'TONG HOP'!$E$8:$W$1883,19,0)) -> CÔNG TY TNHH DỊCH VỤ VẬN TẢI LIÊN HOÀNG PHÚC | G75: NVLKX01.043 | H75: =IF(E75="","",VLOOKUP(G75,'TONG HOP'!$C$8:$E$799,2,0)) -> Đất Đỏ Hoa Đào (BD02) LHP | I75: =IF(B75="","",VLOOKUP(G75,'TONG HOP'!$C$8:$F$799,4,0)) -> kg | J75: =IF(X75="","",K75-K75*M75) -> 28102.5 | K75: =IF(AND(X75="",N75="",Q75="",R75=""),"",L75-L75*O75-(L75-L75*O75)*R75) -> 37470 | L75: =X75-Y75 -> 37470 | M75: =IF(Y75="","",VLOOKUP(G75,'Danh mục CODE'!$D$2:$I$1880,4,0)) -> 0.25 | N75: 0.186 | O75: =IF(X75="","",IF(M75-N75<0,-(M75-N75),0)) -> 0 | P75: =IF(Y75="","",VLOOKUP(G75,'Danh mục CODE'!$D$2:$I$1880,5,0)) -> 0 | R75: =IF(X75="","",IF(P75-Q75<0,-(P75-Q75),0)) -> 0 | S75: =IF(T75=0,"",J75-T75-U75) | T75: =IF(X75="","",IF(Q75<P75,K75*Q75,K75*P75)) -> 0 | U75: =IF(X75="","",K75*R75) -> 0 | V75: =IF(X75="","",J75-S75-T75-U75) -> #VALUE! | X75: 56940 | Y75: 19470 | Z75: 188 | AA75: 60H-26740
... A78: =A77+1 -> 74 | B78: KX/08/18 | C78: Kho xương | D78: 06/08/2026 | E78: =IF(G78="","",VLOOKUP(G78,'Danh mục CODE'!$D$2:$J$20064,7,0)) -> NCC01126 | F78: =IF(E78="","",VLOOKUP(E78,'TONG HOP'!$E$8:$W$1883,19,0)) -> CÔNG TY TNHH MTV DUY THANH LƯƠNG | G78: NVLKX01.033 | H78: =IF(E78="","",VLOOKUP(G78,'TONG HOP'!$C$8:$E$799,2,0)) -> Đất sét Hoa đào (DTL) BD01 | I78: =IF(B78="","",VLOOKUP(G78,'TONG HOP'!$C$8:$F$799,4,0)) -> kg | J78: =IF(X78="","",K78-K78*M78) -> 26767.5 | K78: =IF(AND(X78="",N78="",Q78="",R78=""),"",L78-L78*O78-(L78-L78*O78)*R78) -> 35690 | L78: =X78-Y78 -> 35690 | M78: =IF(Y78="","",VLOOKUP(G78,'Danh mục CODE'!$D$2:$I$1880,4,0)) -> 0.25 | N78: 0.181 | O78: =IF(X78="","",IF(M78-N78<0,-(M78-N78),0)) -> 0 | P78: =IF(Y78="","",VLOOKUP(G78,'Danh mục CODE'!$D$2:$I$1880,5,0)) -> 0 | R78: =IF(X78="","",IF(P78-Q78<0,-(P78-Q78),0)) -> 0 | S78: =IF(T78=0,"",J78-T78-U78) | T78: =IF(X78="","",IF(Q78<P78,K78*Q78,K78*P78)) -> 0 | U78: =IF(X78="","",K78*R78) -> 0 | V78: =IF(X78="","",J78-S78-T78-U78) -> #VALUE! | X78: 53220 | Y78: 17530 | Z78: 186 | AA78: 60H-33761
A79: =A78+1 -> 75 | B79: KX/08/19 | C79: Kho xương | D79: 07/08/2026 | E79: =IF(G79="","",VLOOKUP(G79,'Danh mục CODE'!$D$2:$J$20064,7,0)) -> NCC00607 | F79: =IF(E79="","",VLOOKUP(E79,'TONG HOP'!$E$8:$W$1883,19,0)) -> CÔNG TY CP GẠCH MEN PHƯƠNG NAM | G79: THANCAM.HAT02 | H79: =IF(E79="","",VLOOKUP(G79,'TONG HOP'!$C$8:$E$799,2,0)) -> Than cám sàng từ than cục của lô than Hải Thành 02 | I79: =IF(B79="","",VLOOKUP(G79,'TONG HOP'!$C$8:$F$799,4,0)) -> kg | J79: =IF(X79="","",K79-K79*M79) -> 15384.24 | K79: =IF(AND(X79="",N79="",Q79="",R79=""),"",L79-L79*O79-(L79-L79*O79)*R79) -> 16722 | L79: =X79-Y79 -> 16722 | M79: =IF(Y79="","",VLOOKUP(G79,'Danh mục CODE'!$D$2:$I$1880,4,0)) -> 0.08 | O79: =IF(X79="","",IF(M79-N79<0,-(M79-N79),0)) -> 0 | P79: =IF(Y79="","",VLOOKUP(G79,'Danh mục CODE'!$D$2:$I$1880,5,0)) -> 0 | R79: =IF(X79="","",IF(P79-Q79<0,-(P79-Q79),0)) -> 0 | S79: =IF(T79=0,"",J79-T79-U79) | T79: =IF(X79="","",IF(Q79<P79,K79*Q79,K79*P79)) -> 0 | U79: =IF(X79="","",K79*R79) -> 0 | V79: =IF(X79="","",J79-S79-T79-U79) -> #VALUE! | X79: 16722 | Y79: 0
A80: =A79+1 -> 76 | B80: KX/08/20 | C80: Kho xương | D80: 07/08/2026 | E80: =IF(G80="","",VLOOKUP(G80,'Danh mục CODE'!$D$2:$J$20064,7,0)) -> NCC00607 | F80: =IF(E80="","",VLOOKUP(E80,'TONG HOP'!$E$8:$W$1883,19,0)) -> CÔNG TY CP GẠCH MEN PHƯƠNG NAM | G80: THANCAM.HL01 | H80: =IF(E80="","",VLOOKUP(G80,'TONG HOP'!$C$8:$E$799,2,0)) -> Than cám sàng từ than cục của lô than Hưng Tam Long 01 | I80: =IF(B80="","",VLOOKUP(G80,'TONG HOP'!$C$8:$F$799,4,0)) -> kg | J80: =IF(X80="","",K80-K80*M80) -> 6593.64 | K80: =IF(AND(X80="",N80="",Q80="",R80=""),"",L80-L80*O80-(L80-L80*O80)*R80) -> 7167 | L80: =X80-Y80 -> 7167 | M80: =IF(Y80="","",VLOOKUP(G80,'Danh mục CODE'!$D$2:$I$1880,4,0)) -> 0.08 | O80: =IF(X80="","",IF(M80-N80<0,-(M80-N80),0)) -> 0 | P80: =IF(Y80="","",VLOOKUP(G80,'Danh mục CODE'!$D$2:$I$1880,5,0)) -> 0 | R80: =IF(X80="","",IF(P80-Q80<0,-(P80-Q80),0)) -> 0 | S80: =IF(T80=0,"",J80-T80-U80) | T80: =IF(X80="","",IF(Q80<P80,K80*Q80,K80*P80)) -> 0 | U80: =IF(X80="","",K80*R80) -> 0 | V80: =IF(X80="","",J80-S80-T80-U80) -> #VALUE! | X80: 7167 | Y80: 0
A81: =A80+1 -> 77 | B81: KX/08/21 | C81: Kho xương | D81: 07/08/2026 | E81: =IF(G81="","",VLOOKUP(G81,'Danh mục CODE'!$D$2:$J$20064,7,0)) -> NCC00607 | F81: =IF(E81="","",VLOOKUP(E81,'TONG HOP'!$E$8:$W$1883,19,0)) -> CÔNG TY CP GẠCH MEN PHƯƠNG NAM | G81: THANCAM.HAT02 | H81: =IF(E81="","",VLOOKUP(G81,'TONG HOP'!$C$8:$E$799,2,0)) -> Than cám sàng từ than cục của lô than Hải Thành 02 | I81: =IF(B81="","",VLOOKUP(G81,'TONG HOP'!$C$8:$F$799,4,0)) -> kg | J81: =IF(X81="","",K81-K81*M81) -> 22096.56 | K81: =IF(AND(X81="",N81="",Q81="",R81=""),"",L81-L81*O81-(L81-L81*O81)*R81) -> 24018 | L81: =X81-Y81 -> 24018 | M81: =IF(Y81="","",VLOOKUP(G81,'Danh mục CODE'!$D$2:$I$1880,4,0)) -> 0.08 | O81: =IF(X81="","",IF(M81-N81<0,-(M81-N81),0)) -> 0 | P81: =IF(Y81="","",VLOOKUP(G81,'Danh mục CODE'!$D$2:$I$1880,5,0)) -> 0 | R81: =IF(X81="","",IF(P81-Q81<0,-(P81-Q81),0)) -> 0 | S81: =IF(T81=0,"",J81-T81-U81) | T81: =IF(X81="","",IF(Q81<P81,K81*Q81,K81*P81)) -> 0 | U81: =IF(X81="","",K81*R81) -> 0 | V81: =IF(X81="","",J81-S81-T81-U81) -> #VALUE! | X81: 24018 | Y81: 0
A82: =A81+1 -> 78 | B82: KX/08/22 | C82: Kho xương | D82: 07/08/2026 | E82: =IF(G82="","",VLOOKUP(G82,'Danh mục CODE'!$D$2:$J$20064,7,0)) -> NCC00607 | F82: =IF(E82="","",VLOOKUP(E82,'TONG HOP'!$E$8:$W$1883,19,0)) -> CÔNG TY CP GẠCH MEN PHƯƠNG NAM | G82: THANCAM.HL01 | H82: =IF(E82="","",VLOOKUP(G82,'TONG HOP'!$C$8:$E$799,2,0)) -> Than cám sàng từ than cục của lô than Hưng Tam Long 01 | I82: =IF(B82="","",VLOOKUP(G82,'TONG HOP'!$C$8:$F$799,4,0)) -> kg | J82: =IF(X82="","",K82-K82*M82) -> 9469.56 | K82: =IF(AND(X82="",N82="",Q82="",R82=""),"",L82-L82*O82-(L82-L82*O82)*R82) -> 10293 | L82: =X82-Y82 -> 10293 | M82: =IF(Y82="","",VLOOKUP(G82,'Danh mục CODE'!$D$2:$I$1880,4,0)) -> 0.08 | O82: =IF(X82="","",IF(M82-N82<0,-(M82-N82),0)) -> 0 | P82: =IF(Y82="","",VLOOKUP(G82,'Danh mục CODE'!$D$2:$I$1880,5,0)) -> 0 | R82: =IF(X82="","",IF(P82-Q82<0,-(P82-Q82),0)) -> 0 | S82: =IF(T82=0,"",J82-T82-U82) | T82: =IF(X82="","",IF(Q82<P82,K82*Q82,K82*P82)) -> 0 | U82: =IF(X82="","",K82*R82) -> 0 | V82: =IF(X82="","",J82-S82-T82-U82) -> #VALUE! | X82: 10293 | Y82: 0
A83: =A82+1 -> 79 | B83: KX/08/23 | C83: Kho xương | D83: 07/08/2026 | E83: =IF(G83="","",VLOOKUP(G83,'Danh mục CODE'!$D$2:$J$20064,7,0)) -> NCC01126 | F83: =IF(E83="","",VLOOKUP(E83,'TONG HOP'!$E$8:$W$1883,19,0)) -> CÔNG TY TNHH MTV DUY THANH LƯƠNG | G83: NVLKX01.052 | H83: =IF(E83="","",VLOOKUP(G83,'TONG HOP'!$C$8:$E$799,2,0)) -> Bột đá Phước Hoà 03 (PH03) DTL | I83: =IF(B83="","",VLOOKUP(G83,'TONG HOP'!$C$8:$F$799,4,0)) -> kg | J83: =IF(X83="","",K83-K83*M83) -> 29440.5 | K83: =IF(AND(X83="",N83="",Q83="",R83=""),"",L83-L83*O83-(L83-L83*O83)*R83) -> 30990 | L83: =X83-Y83 -> 30990 | M83: =IF(Y83="","",VLOOKUP(G83,'Danh mục CODE'!$D$2:$I$1880,4,0)) -> 0.05 | N83: 0.042 | O83: =IF(X83="","",IF(M83-N83<0,-(M83-N83),0)) -> 0 | P83: =IF(Y83="","",VLOOKUP(G83,'Danh mục CODE'!$D$2:$I$1880,5,0)) -> 0 | R83: =IF(X83="","",IF(P83-Q83<0,-(P83-Q83),0)) -> 0 | S83: =IF(T83=0,"",J83-T83-U83) | T83: =IF(X83="","",IF(Q83<P83,K83*Q83,K83*P83)) -> 0 | U83: =IF(X83="","",K83*R83) -> 0 | V83: =IF(X83="","",J83-S83-T83-U83) -> #VALUE! | X83: 49230 | Y83: 18240 | Z83: 197 | AA83: 60K-70605
A84: =A83+1 -> 80 | B84: KX/08/23 | C84: Kho xương | D84: 07/08/2026 | E84: =IF(G84="","",VLOOKUP(G84,'Danh mục CODE'!$D$2:$J$20064,7,0)) -> NCC01126 | F84: =IF(E84="","",VLOOKUP(E84,'TONG HOP'!$E$8:$W$1883,19,0)) -> CÔNG TY TNHH MTV DUY THANH LƯƠNG | G84: NVLKX01.052 | H84: =IF(E84="","",VLOOKUP(G84,'TONG HOP'!$C$8:$E$799,2,0)) -> Bột đá Phước Hoà 03 (PH03) DTL | I84: =IF(B84="","",VLOOKUP(G84,'TONG HOP'!$C$8:$F$799,4,0)) -> kg | J84: =IF(X84="","",K84-K84*M84) -> 26875.5 | K84: =IF(AND(X84="",N84="",Q84="",R84=""),"",L84-L84*O84-(L84-L84*O84)*R84) -> 28290 | L84: =X84-Y84 -> 28290 | M84: =IF(Y84="","",VLOOKUP(G84,'Danh mục CODE'!$D$2:$I$1880,4,0)) -> 0.05 | N84: 0.042 | O84: =IF(X84="","",IF(M84-N84<0,-(M84-N84),0)) -> 0 | P84: =IF(Y84="","",VLOOKUP(G84,'Danh mục CODE'!$D$2:$I$1880,5,0)) -> 0 | R84: =IF(X84="","",IF(P84-Q84<0,-(P84-Q84),0)) -> 0 | S84: =IF(T84=0,"",J84-T84-U84) | T84: =IF(X84="","",IF(Q84<P84,K84*Q84,K84*P84)) -> 0 | U84: =IF(X84="","",K84*R84) -> 0 | V84: =IF(X84="","",J84-S84-T84-U84) -> #VALUE! | X84: 44590 | Y84: 16300 | Z84: 198 | AA84: 60C-21187
A85: =A84+1 -> 81 | B85: KX/08/23 | C85: Kho xương | D85: 07/08/2026 | E85: =IF(G85="","",VLOOKUP(G85,'Danh mục CODE'!$D$2:$J$20064,7,0)) -> NCC01126 | F85: =IF(E85="","",VLOOKUP(E85,'TONG HOP'!$E$8:$W$1883,19,0)) -> CÔNG TY TNHH MTV DUY THANH LƯƠNG | G85: NVLKX01.052 | H85: =IF(E85="","",VLOOKUP(G85,'TONG HOP'!$C$8:$E$799,2,0)) -> Bột đá Phước Hoà 03 (PH03) DTL | I85: =IF(B85="","",VLOOKUP(G85,'TONG HOP'!$C$8:$F$799,4,0)) -> kg | J85: =IF(X85="","",K85-K85*M85) -> 30504.5 | K85: =IF(AND(X85="",N85="",Q85="",R85=""),"",L85-L85*O85-(L85-L85*O85)*R85) -> 32110 | L85: =X85-Y85 -> 32110 | M85: =IF(Y85="","",VLOOKUP(G85,'Danh mục CODE'!$D$2:$I$1880,4,0)) -> 0.05 | N85: 0.042 | O85: =IF(X85="","",IF(M85-N85<0,-(M85-N85),0)) -> 0 | P85: =IF(Y85="","",VLOOKUP(G85,'Danh mục CODE'!$D$2:$I$1880,5,0)) -> 0 | R85: =IF(X85="","",IF(P85-Q85<0,-(P85-Q85),0)) -> 0 | S85: =IF(T85=0,"",J85-T85-U85) | T85: =IF(X85="","",IF(Q85<P85,K85*Q85,K85*P85)) -> 0 | U85: =IF(X85="","",K85*R85) -> 0 | V85: =IF(X85="","",J85-S85-T85-U85) -> #VALUE! | X85: 49540 | Y85: 17430 | Z85: 199 | AA85: 60C-68268
A86: =A85+1 -> 82 | B86: KX/08/23 | C86: Kho xương | D86: 07/08/2026 | E86: =IF(G86="","",VLOOKUP(G86,'Danh mục CODE'!$D$2:$J$20064,7,0)) -> NCC01126 | F86: =IF(E86="","",VLOOKUP(E86,'TONG HOP'!$E$8:$W$1883,19,0)) -> CÔNG TY TNHH MTV DUY THANH LƯƠNG | G86: NVLKX01.052 | H86: =IF(E86="","",VLOOKUP(G86,'TONG HOP'!$C$8:$E$799,2,0)) -> Bột đá Phước Hoà 03 (PH03) DTL | I86: =IF(B86="","",VLOOKUP(G86,'TONG HOP'!$C$8:$F$799,4,0)) -> kg | J86: =IF(X86="","",K86-K86*M86) -> 33212 | K86: =IF(AND(X86="",N86="",Q86="",R86=""),"",L86-L86*O86-(L86-L86*O86)*R86) -> 34960 | L86: =X86-Y86 -> 34960 | M86: =IF(Y86="","",VLOOKUP(G86,'Danh mục CODE'!$D$2:$I$1880,4,0)) -> 0.05 | N86: 0.042 | O86: =IF(X86="","",IF(M86-N86<0,-(M86-N86),0)) -> 0 | P86: =IF(Y86="","",VLOOKUP(G86,'Danh mục CODE'!$D$2:$I$1880,5,0)) -> 0 | R86: =IF(X86="","",IF(P86-Q86<0,-(P86-Q86),0)) -> 0 | S86: =IF(T86=0,"",J86-T86-U86) | T86: =IF(X86="","",IF(Q86<P86,K86*Q86,K86*P86)) -> 0 | U86: =IF(X86="","",K86*R86) -> 0 | V86: =IF(X86="","",J86-S86-T86-U86) -> #VALUE! | X86: 53330 | Y86: 18370 | Z86: 200 | AA86: 60H-05534
A87: =A86+1 -> 83 | B87: KX/08/24 | C87: Kho xương | D87: 07/08/2026 | E87: =IF(G87="","",VLOOKUP(G87,'Danh mục CODE'!$D$2:$J$20064,7,0)) -> NCC01126 | F87: =IF(E87="","",VLOOKUP(E87,'TONG HOP'!$E$8:$W$1883,19,0)) -> CÔNG TY TNHH MTV DUY THANH LƯƠNG | G87: NVLKX01.033 | H87: =IF(E87="","",VLOOKUP(G87,'TONG HOP'!$C$8:$E$799,2,0)) -> Đất sét Hoa đào (DTL) BD01 | I87: =IF(B87="","",VLOOKUP(G87,'TONG HOP'!$C$8:$F$799,4,0)) -> kg | J87: =IF(X87="","",K87-K87*M87) -> 27150 | K87: =IF(AND(X87="",N87="",Q87="",R87=""),"",L87-L87*O87-(L87-L87*O87)*R87) -> 36200 | L87: =X87-Y87 -> 36200 | M87: =IF(Y87="","",VLOOKUP(G87,'Danh mục CODE'!$D$2:$I$1880,4,0)) -> 0.25 | N87: 0.18 | O87: =IF(X87="","",IF(M87-N87<0,-(M87-N87),0)) -> 0 | P87: =IF(Y87="","",VLOOKUP(G87,'Danh mục CODE'!$D$2:$I$1880,5,0)) -> 0 | R87: =IF(X87="","",IF(P87-Q87<0,-(P87-Q87),0)) -> 0 | S87: =IF(T87=0,"",J87-T87-U87) | T87: =IF(X87="","",IF(Q87<P87,K87*Q87,K87*P87)) -> 0 | U87: =IF(X87="","",K87*R87) -> 0 | V87: =IF(X87="","",J87-S87-T87-U87) -> #VALUE! | X87: 54380 | Y87: 18180 | Z87: 220 | AA87: 60K-70605
A88: =A87+1 -> 84 | B88: KX/08/24 | C88: Kho xương | D88: 07/08/2026 | E88: =IF(G88="","",VLOOKUP(G88,'Danh mục CODE'!$D$2:$J$20064,7,0)) -> NCC01126 | F88: =IF(E88="","",VLOOKUP(E88,'TONG HOP'!$E$8:$W$1883,19,0)) -> CÔNG TY TNHH MTV DUY THANH LƯƠNG | G88: NVLKX01.033 | H88: =IF(E88="","",VLOOKUP(G88,'TONG HOP'!$C$8:$E$799,2,0)) -> Đất sét Hoa đào (DTL) BD01 | I88: =IF(B88="","",VLOOKUP(G88,'TONG HOP'!$C$8:$F$799,4,0)) -> kg | J88: =IF(X88="","",K88-K88*M88) -> 26527.5 | K88: =IF(AND(X88="",N88="",Q88="",R88=""),"",L88-L88*O88-(L88-L88*O88)*R88) -> 35370 | L88: =X88-Y88 -> 35370 | M88: =IF(Y88="","",VLOOKUP(G88,'Danh mục CODE'!$D$2:$I$1880,4,0)) -> 0.25 | N88: 0.18 | O88: =IF(X88="","",IF(M88-N88<0,-(M88-N88),0)) -> 0 | P88: =IF(Y88="","",VLOOKUP(G88,'Danh mục CODE'!$D$2:$I$1880,5,0)) -> 0 | R88: =IF(X88="","",IF(P88-Q88<0,-(P88-Q88),0)) -> 0 | S88: =IF(T88=0,"",J88-T88-U88) | T88: =IF(X88="","",IF(Q88<P88,K88*Q88,K88*P88)) -> 0 | U88: =IF(X88="","",K88*R88) -> 0 | V88: =IF(X88="","",J88-S88-T88-U88) -> #VALUE! | X88: 52730 | Y88: 17360 | Z88: 228 | AA88: 60C-68268
A89: =A88+1 -> 85 | B89: KX/08/24 | C89: Kho xương | D89: 07/08/2026 | E89: =IF(G89="","",VLOOKUP(G89,'Danh mục CODE'!$D$2:$J$20064,7,0)) -> NCC01126 | F89: =IF(E89="","",VLOOKUP(E89,'TONG HOP'!$E$8:$W$1883,19,0)) -> CÔNG TY TNHH MTV DUY THANH LƯƠNG | G89: NVLKX01.033 | H89: =IF(E89="","",VLOOKUP(G89,'TONG HOP'!$C$8:$E$799,2,0)) -> Đất sét Hoa đào (DTL) BD01 | I89: =IF(B89="","",VLOOKUP(G89,'TONG HOP'!$C$8:$F$799,4,0)) -> kg | J89: =IF(X89="","",K89-K89*M89) -> 24420 | K89: =IF(AND(X89="",N89="",Q89="",R89=""),"",L89-L89*O89-(L89-L89*O89)*R89) -> 32560 | L89: =X89-Y89 -> 32560 | M89: =IF(Y89="","",VLOOKUP(G89,'Danh mục CODE'!$D$2:$I$1880,4,0)) -> 0.25 | N89: 0.18 | O89: =IF(X89="","",IF(M89-N89<0,-(M89-N89),0)) -> 0 | P89: =IF(Y89="","",VLOOKUP(G89,'Danh mục CODE'!$D$2:$I$1880,5,0)) -> 0 | R89: =IF(X89="","",IF(P89-Q89<0,-(P89-Q89),0)) -> 0 | S89: =IF(T89=0,"",J89-T89-U89) | T89: =IF(X89="","",IF(Q89<P89,K89*Q89,K89*P89)) -> 0 | U89: =IF(X89="","",K89*R89) -> 0 | V89: =IF(X89="","",J89-S89-T89-U89) -> #VALUE! | X89: 48790 | Y89: 16230 | Z89: 230 | AA89: 60C-21187
A90: =A89+1 -> 86 | B90: KX/08/24 | C90: Kho xương | D90: 07/08/2026 | E90: =IF(G90="","",VLOOKUP(G90,'Danh mục CODE'!$D$2:$J$20064,7,0)) -> NCC01126 | F90: =IF(E90="","",VLOOKUP(E90,'TONG HOP'!$E$8:$W$1883,19,0)) -> CÔNG TY TNHH MTV DUY THANH LƯƠNG | G90: NVLKX01.033 | H90: =IF(E90="","",VLOOKUP(G90,'TONG HOP'!$C$8:$E$799,2,0)) -> Đất sét Hoa đào (DTL) BD01 | I90: =IF(B90="","",VLOOKUP(G90,'TONG HOP'!$C$8:$F$799,4,0)) -> kg | J90: =IF(X90="","",K90-K90*M90) -> 26647.5 | K90: =IF(AND(X90="",N90="",Q90="",R90=""),"",L90-L90*O90-(L90-L90*O90)*R90) -> 35530 | L90: =X90-Y90 -> 35530 | M90: =IF(Y90="","",VLOOKUP(G90,'Danh mục CODE'!$D$2:$I$1880,4,0)) -> 0.25 | N90: 0.18 | O90: =IF(X90="","",IF(M90-N90<0,-(M90-N90),0)) -> 0 | P90: =IF(Y90="","",VLOOKUP(G90,'Danh mục CODE'!$D$2:$I$1880,5,0)) -> 0 | R90: =IF(X90="","",IF(P90-Q90<0,-(P90-Q90),0)) -> 0 | S90: =IF(T90=0,"",J90-T90-U90) | T90: =IF(X90="","",IF(Q90<P90,K90*Q90,K90*P90)) -> 0 | U90: =IF(X90="","",K90*R90) -> 0 | V90: =IF(X90="","",J90-S90-T90-U90) -> #VALUE! | X90: 53720 | Y90: 18190 | Z90: 237 | AA90: 60H-05534
A91: =A90+1 -> 87 | B91: KX/08/25 | C91: Kho xương | D91: 07/08/2026 | E91: =IF(G91="","",VLOOKUP(G91,'Danh mục CODE'!$D$2:$J$20064,7,0)) -> NCC04859 | F91: =IF(E91="","",VLOOKUP(E91,'TONG HOP'!$E$8:$W$1883,19,0)) -> CÔNG TY TNHH DT GREENPOWER | G91: NLD.GR01 | H91: =IF(E91="","",VLOOKUP(G91,'TONG HOP'!$C$8:$E$799,2,0)) -> Vỏ điều- GreenPower lô 1 | I91: =IF(B91="","",VLOOKUP(G91,'TONG HOP'!$C$8:$F$799,4,0)) -> kg | J91: =IF(X91="","",K91-K91*M91) -> 41142.4 | K91: =IF(AND(X91="",N91="",Q91="",R91=""),"",L91-L91*O91-(L91-L91*O91)*R91) -> 47840 | L91: =X91-Y91 -> 47840 | M91: =IF(Y91="","",VLOOKUP(G91,'Danh mục CODE'!$D$2:$I$1880,4,0)) -> 0.14 | N91: 0.13 | O91: =IF(X91="","",IF(M91-N91<0,-(M91-N91),0)) -> 0 | P91: =IF(Y91="","",VLOOKUP(G91,'Danh mục CODE'!$D$2:$I$1880,5,0)) -> 0 | R91: =IF(X91="","",IF(P91-Q91<0,-(P91-Q91),0)) -> 0 | S91: =IF(T91=0,"",J91-T91-U91) | T91: =IF(X91="","",IF(Q91<P91,K91*Q91,K91*P91)) -> 0 | U91: =IF(X91="","",K91*R91) -> 0 | V91: =IF(X91="","",J91-S91-T91-U91) -> #VALUE! | X91: 73230 | Y91: 25390 | Z91: 235 | AA91: 60H-35080
A92: =A91+1 -> 88 | B92: KX/08/26 | C92: Kho xương | D92: 07/08/2026 | E92: =IF(G92="","",VLOOKUP(G92,'Danh mục CODE'!$D$2:$J$20064,7,0)) -> NCC01684 | F92: =IF(E92="","",VLOOKUP(E92,'TONG HOP'!$E$8:$W$1883,19,0)) -> CÔNG TY TNHH DỊCH VỤ VẬN TẢI LIÊN HOÀNG PHÚC | G92: NVLKX01.043 | H92: =IF(E92="","",VLOOKUP(G92,'TONG HOP'!$C$8:$E$799,2,0)) -> Đất Đỏ Hoa Đào (BD02) LHP | I92: =IF(B92="","",VLOOKUP(G92,'TONG HOP'!$C$8:$F$799,4,0)) -> kg | J92: =IF(X92="","",K92-K92*M92) -> 28417.5 | K92: =IF(AND(X92="",N92="",Q92="",R92=""),"",L92-L92*O92-(L92-L92*O92)*R92) -> 37890 | L92: =X92-Y92 -> 37890 | M92: =IF(Y92="","",VLOOKUP(G92,'Danh mục CODE'!$D$2:$I$1880,4,0)) -> 0.25 | N92: 0.184 | O92: =IF(X92="","",IF(M92-N92<0,-(M92-N92),0)) -> 0 | P92: =IF(Y92="","",VLOOKUP(G92,'Danh mục CODE'!$D$2:$I$1880,5,0)) -> 0 | R92: =IF(X92="","",IF(P92-Q92<0,-(P92-Q92),0)) -> 0 | S92: =IF(T92=0,"",J92-T92-U92) | T92: =IF(X92="","",IF(Q92<P92,K92*Q92,K92*P92)) -> 0 | U92: =IF(X92="","",K92*R92) -> 0 | V92: =IF(X92="","",J92-S92-T92-U92) -> #VALUE! | X92: 57480 | Y92: 19590 | Z92: 209 | AA92: 60H-39431
A93: =A92+1 -> 89 | B93: KX/08/26 | C93: Kho xương | D93: 07/08/2026 | E93: =IF(G93="","",VLOOKUP(G93,'Danh mục CODE'!$D$2:$J$20064,7,0)) -> NCC01684 | F93: =IF(E93="","",VLOOKUP(E93,'TONG HOP'!$E$8:$W$1883,19,0)) -> CÔNG TY TNHH DỊCH VỤ VẬN TẢI LIÊN HOÀNG PHÚC | G93: NVLKX01.043 | H93: =IF(E93="","",VLOOKUP(G93,'TONG HOP'!$C$8:$E$799,2,0)) -> Đất Đỏ Hoa Đào (BD02) LHP | I93: =IF(B93="","",VLOOKUP(G93,'TONG HOP'!$C$8:$F$799,4,0)) -> kg | J93: =IF(X93="","",K93-K93*M93) -> 28657.5 | K93: =IF(AND(X93="",N93="",Q93="",R93=""),"",L93-L93*O93-(L93-L93*O93)*R93) -> 38210 | L93: =X93-Y93 -> 38210 | M93: =IF(Y93="","",VLOOKUP(G93,'Danh mục CODE'!$D$2:$I$1880,4,0)) -> 0.25 | N93: 0.184 | O93: =IF(X93="","",IF(M93-N93<0,-(M93-N93),0)) -> 0 | P93: =IF(Y93="","",VLOOKUP(G93,'Danh mục CODE'!$D$2:$I$1880,5,0)) -> 0 | R93: =IF(X93="","",IF(P93-Q93<0,-(P93-Q93),0)) -> 0 | S93: =IF(T93=0,"",J93-T93-U93) | T93: =IF(X93="","",IF(Q93<P93,K93*Q93,K93*P93)) -> 0 | U93: =IF(X93="","",K93*R93) -> 0 | V93: =IF(X93="","",J93-S93-T93-U93) -> #VALUE! | X93: 57670 | Y93: 19460 | Z93: 210 | AA93: 93F-00255
A94: =A93+1 -> 90 | B94: KX/08/26 | C94: Kho xương | D94: 07/08/2026 | E94: =IF(G94="","",VLOOKUP(G94,'Danh mục CODE'!$D$2:$J$20064,7,0)) -> NCC01684 | F94: =IF(E94="","",VLOOKUP(E94,'TONG HOP'!$E$8:$W$1883,19,0)) -> CÔNG TY TNHH DỊCH VỤ VẬN TẢI LIÊN HOÀNG PHÚC | G94: NVLKX01.043 | H94: =IF(E94="","",VLOOKUP(G94,'TONG HOP'!$C$8:$E$799,2,0)) -> Đất Đỏ Hoa Đào (BD02) LHP | I94: =IF(B94="","",VLOOKUP(G94,'TONG HOP'!$C$8:$F$799,4,0)) -> kg | J94: =IF(X94="","",K94-K94*M94) -> 28845 | K94: =IF(AND(X94="",N94="",Q94="",R94=""),"",L94-L94*O94-(L94-L94*O94)*R94) -> 38460 | L94: =X94-Y94 -> 38460 | M94: =IF(Y94="","",VLOOKUP(G94,'Danh mục CODE'!$D$2:$I$1880,4,0)) -> 0.25 | N94: 0.184 | O94: =IF(X94="","",IF(M94-N94<0,-(M94-N94),0)) -> 0 | P94: =IF(Y94="","",VLOOKUP(G94,'Danh mục CODE'!$D$2:$I$1880,5,0)) -> 0 | R94: =IF(X94="","",IF(P94-Q94<0,-(P94-Q94),0)) -> 0 | S94: =IF(T94=0,"",J94-T94-U94) | T94: =IF(X94="","",IF(Q94<P94,K94*Q94,K94*P94)) -> 0 | U94: =IF(X94="","",K94*R94) -> 0 | V94: =IF(X94="","",J94-S94-T94-U94) -> #VALUE! | X94: 57340 | Y94: 18880 | Z94: 212 | AA94: 72H-02458
... A111: =A110+1 -> 107 | B111: KX/08/29 | C111: Kho xương | D111: 08/08/2026 | E111: =IF(G111="","",VLOOKUP(G111,'Danh mục CODE'!$D$2:$J$20064,7,0)) -> NCC04859 | F111: =IF(E111="","",VLOOKUP(E111,'TONG HOP'!$E$8:$W$1883,19,0)) -> CÔNG TY TNHH DT GREENPOWER | G111: NLD.GR01 | H111: =IF(E111="","",VLOOKUP(G111,'TONG HOP'!$C$8:$E$799,2,0)) -> Vỏ điều- GreenPower lô 1 | I111: =IF(B111="","",VLOOKUP(G111,'TONG HOP'!$C$8:$F$799,4,0)) -> kg | J111: =IF(X111="","",K111-K111*M111) -> 42630.406 | K111: =IF(AND(X111="",N111="",Q111="",R111=""),"",L111-L111*O111-(L111-L111*O111)*R111) -> 49570.24 | L111: =X111-Y111 -> 49970 | M111: =IF(Y111="","",VLOOKUP(G111,'Danh mục CODE'!$D$2:$I$1880,4,0)) -> 0.14 | N111: 0.148 | O111: =IF(X111="","",IF(M111-N111<0,-(M111-N111),0)) -> 0.008 | P111: =IF(Y111="","",VLOOKUP(G111,'Danh mục CODE'!$D$2:$I$1880,5,0)) -> 0 | R111: =IF(X111="","",IF(P111-Q111<0,-(P111-Q111),0)) -> 0 | S111: =IF(T111=0,"",J111-T111-U111) | T111: =IF(X111="","",IF(Q111<P111,K111*Q111,K111*P111)) -> 0 | U111: =IF(X111="","",K111*R111) -> 0 | V111: =IF(X111="","",J111-S111-T111-U111) -> #VALUE! | X111: 75110 | Y111: 25140 | Z111: 266 | AA111: 60H-44630
A112: =A111+1 -> 108 | B112: KX/08/30 | C112: Kho xương | D112: 08/08/2026 | E112: =IF(G112="","",VLOOKUP(G112,'Danh mục CODE'!$D$2:$J$20064,7,0)) -> NCC01741 | F112: =IF(E112="","",VLOOKUP(E112,'TONG HOP'!$E$8:$W$1883,19,0)) -> CÔNG TY TNHH THƯƠNG MẠI DỊCH VỤ NGỌC ANH ĐẠT | G112: NVLKX01.0063 | H112: =IF(E112="","",VLOOKUP(G112,'TONG HOP'!$C$8:$E$799,2,0)) -> Thủy tinh lỏng - Ngọc Anh Đạt (Natri silicate) | I112: =IF(B112="","",VLOOKUP(G112,'TONG HOP'!$C$8:$F$799,4,0)) -> kg | J112: =IF(X112="","",K112-K112*M112) -> 15920 | K112: =IF(AND(X112="",N112="",Q112="",R112=""),"",L112-L112*O112-(L112-L112*O112)*R112) -> 15920 | L112: =X112-Y112 -> 15920 | M112: =IF(Y112="","",VLOOKUP(G112,'Danh mục CODE'!$D$2:$I$1880,4,0)) -> 0 | O112: =IF(X112="","",IF(M112-N112<0,-(M112-N112),0)) -> 0 | P112: =IF(Y112="","",VLOOKUP(G112,'Danh mục CODE'!$D$2:$I$1880,5,0)) -> 0 | R112: =IF(X112="","",IF(P112-Q112<0,-(P112-Q112),0)) -> 0 | S112: =IF(T112=0,"",J112-T112-U112) | T112: =IF(X112="","",IF(Q112<P112,K112*Q112,K112*P112)) -> 0 | U112: =IF(X112="","",K112*R112) -> 0 | V112: =IF(X112="","",J112-S112-T112-U112) -> #VALUE! | X112: 26710 | Y112: 10790 | Z112: 289 | AA112: 61C-20158
A113: =A112+1 -> 109 | B113: KX/08/31 | C113: Kho xương | D113: 08/08/2026 | E113: =IF(G113="","",VLOOKUP(G113,'Danh mục CODE'!$D$2:$J$20064,7,0)) -> NCC01126 | F113: =IF(E113="","",VLOOKUP(E113,'TONG HOP'!$E$8:$W$1883,19,0)) -> CÔNG TY TNHH MTV DUY THANH LƯƠNG | G113: NVLKX01.052 | H113: =IF(E113="","",VLOOKUP(G113,'TONG HOP'!$C$8:$E$799,2,0)) -> Bột đá Phước Hoà 03 (PH03) DTL | I113: =IF(B113="","",VLOOKUP(G113,'TONG HOP'!$C$8:$F$799,4,0)) -> kg | J113: =IF(X113="","",K113-K113*M113) -> 28262.5 | K113: =IF(AND(X113="",N113="",Q113="",R113=""),"",L113-L113*O113-(L113-L113*O113)*R113) -> 29750 | L113: =X113-Y113 -> 29750 | M113: =IF(Y113="","",VLOOKUP(G113,'Danh mục CODE'!$D$2:$I$1880,4,0)) -> 0.05 | N113: 0.05 | O113: =IF(X113="","",IF(M113-N113<0,-(M113-N113),0)) -> 0 | P113: =IF(Y113="","",VLOOKUP(G113,'Danh mục CODE'!$D$2:$I$1880,5,0)) -> 0 | R113: =IF(X113="","",IF(P113-Q113<0,-(P113-Q113),0)) -> 0 | S113: =IF(T113=0,"",J113-T113-U113) | T113: =IF(X113="","",IF(Q113<P113,K113*Q113,K113*P113)) -> 0 | U113: =IF(X113="","",K113*R113) -> 0 | V113: =IF(X113="","",J113-S113-T113-U113) -> #VALUE! | X113: 46850 | Y113: 17100 | Z113: 256 | AA113: 60K-73617
